  0
SECTION
  2
HEADER
  9
$ACADVER
  1
AC1021
  9
$ACADMAINTVER
 70
    25
  9
$DWGCODEPAGE
  3
ANSI_1252
  9
$LASTSAVEDBY
  1
seyma
  9
$INSBASE
 10
0.0
 20
0.0
 30
0.0
  9
$EXTMIN
 10
-67.01915772762962
 20
24.37221600215668
 30
0.0
  9
$EXTMAX
 10
725.6140429878882
 20
117.8786945667303
 30
0.0
  9
$LIMMIN
 10
0.0
 20
0.0
  9
$LIMMAX
 10
12.0
 20
9.0
  9
$ORTHOMODE
 70
     0
  9
$REGENMODE
 70
     1
  9
$FILLMODE
 70
     1
  9
$QTEXTMODE
 70
     0
  9
$MIRRTEXT
 70
     0
  9
$LTSCALE
 40
1.0
  9
$ATTMODE
 70
     1
  9
$TEXTSIZE
 40
0.2
  9
$TRACEWID
 40
0.05
  9
$TEXTSTYLE
  7
Standard
  9
$CLAYER
  8
0
  9
$CELTYPE
  6
ByLayer
  9
$CECOLOR
 62
   256
  9
$CELTSCALE
 40
1.0
  9
$DISPSILH
 70
     0
  9
$DIMSCALE
 40
1.0
  9
$DIMASZ
 40
0.18
  9
$DIMEXO
 40
0.0625
  9
$DIMDLI
 40
0.38
  9
$DIMRND
 40
0.0
  9
$DIMDLE
 40
0.0
  9
$DIMEXE
 40
0.18
  9
$DIMTP
 40
0.0
  9
$DIMTM
 40
0.0
  9
$DIMTXT
 40
0.18
  9
$DIMCEN
 40
0.09
  9
$DIMTSZ
 40
0.0
  9
$DIMTOL
 70
     0
  9
$DIMLIM
 70
     0
  9
$DIMTIH
 70
     1
  9
$DIMTOH
 70
     1
  9
$DIMSE1
 70
     0
  9
$DIMSE2
 70
     0
  9
$DIMTAD
 70
     0
  9
$DIMZIN
 70
     0
  9
$DIMBLK
  1

  9
$DIMASO
 70
     1
  9
$DIMSHO
 70
     1
  9
$DIMPOST
  1

  9
$DIMAPOST
  1

  9
$DIMALT
 70
     0
  9
$DIMALTD
 70
     2
  9
$DIMALTF
 40
25.4
  9
$DIMLFAC
 40
1.0
  9
$DIMTOFL
 70
     0
  9
$DIMTVP
 40
0.0
  9
$DIMTIX
 70
     0
  9
$DIMSOXD
 70
     0
  9
$DIMSAH
 70
     0
  9
$DIMBLK1
  1

  9
$DIMBLK2
  1

  9
$DIMSTYLE
  2
STANDARD_ACAD
  9
$DIMCLRD
 70
     0
  9
$DIMCLRE
 70
     0
  9
$DIMCLRT
 70
     0
  9
$DIMTFAC
 40
1.0
  9
$DIMGAP
 40
0.09
  9
$DIMJUST
 70
     0
  9
$DIMSD1
 70
     0
  9
$DIMSD2
 70
     0
  9
$DIMTOLJ
 70
     1
  9
$DIMTZIN
 70
     0
  9
$DIMALTZ
 70
     0
  9
$DIMALTTZ
 70
     0
  9
$DIMUPT
 70
     0
  9
$DIMDEC
 70
     4
  9
$DIMTDEC
 70
     4
  9
$DIMALTU
 70
     2
  9
$DIMALTTD
 70
     2
  9
$DIMTXSTY
  7
Standard
  9
$DIMAUNIT
 70
     0
  9
$DIMADEC
 70
     0
  9
$DIMALTRND
 40
0.0
  9
$DIMAZIN
 70
     0
  9
$DIMDSEP
 70
    46
  9
$DIMATFIT
 70
     3
  9
$DIMFRAC
 70
     0
  9
$DIMLDRBLK
  1

  9
$DIMLUNIT
 70
     2
  9
$DIMLWD
 70
    -2
  9
$DIMLWE
 70
    -2
  9
$DIMTMOVE
 70
     2
  9
$DIMFXL
 40
1.0
  9
$DIMFXLON
 70
     0
  9
$DIMJOGANG
 40
0.7853981633974483
  9
$DIMTFILL
 70
     0
  9
$DIMTFILLCLR
 70
     0
  9
$DIMARCSYM
 70
     0
  9
$DIMLTYPE
  6

  9
$DIMLTEX1
  6

  9
$DIMLTEX2
  6

  9
$LUNITS
 70
     2
  9
$LUPREC
 70
     2
  9
$SKETCHINC
 40
0.1
  9
$FILLETRAD
 40
0.0
  9
$AUNITS
 70
     0
  9
$AUPREC
 70
     0
  9
$MENU
  1
.
  9
$ELEVATION
 40
0.0
  9
$PELEVATION
 40
0.0
  9
$THICKNESS
 40
0.0
  9
$LIMCHECK
 70
     0
  9
$CHAMFERA
 40
0.0
  9
$CHAMFERB
 40
0.0
  9
$CHAMFERC
 40
0.0
  9
$CHAMFERD
 40
0.0
  9
$SKPOLY
 70
     0
  9
$TDCREATE
 40
2461199.495385614
  9
$TDUCREATE
 40
2461199.370385614
  9
$TDUPDATE
 40
2461199.495399688
  9
$TDUUPDATE
 40
2461199.370399688
  9
$TDINDWG
 40
0.0000000116
  9
$TDUSRTIMER
 40
0.0000000116
  9
$USRTIMER
 70
     1
  9
$ANGBASE
 50
0.0
  9
$ANGDIR
 70
     0
  9
$PDMODE
 70
     0
  9
$PDSIZE
 40
0.0
  9
$PLINEWID
 40
0.0
  9
$SPLFRAME
 70
     0
  9
$SPLINETYPE
 70
     6
  9
$SPLINESEGS
 70
     8
  9
$HANDSEED
  5
5A9
  9
$SURFTAB1
 70
     6
  9
$SURFTAB2
 70
     6
  9
$SURFTYPE
 70
     6
  9
$SURFU
 70
     6
  9
$SURFV
 70
     6
  9
$UCSBASE
  2

  9
$UCSNAME
  2

  9
$UCSORG
 10
0.0
 20
0.0
 30
0.0
  9
$UCSXDIR
 10
1.0
 20
0.0
 30
0.0
  9
$UCSYDIR
 10
0.0
 20
1.0
 30
0.0
  9
$UCSORTHOREF
  2

  9
$UCSORTHOVIEW
 70
     0
  9
$UCSORGTOP
 10
0.0
 20
0.0
 30
0.0
  9
$UCSORGBOTTOM
 10
0.0
 20
0.0
 30
0.0
  9
$UCSORGLEFT
 10
0.0
 20
0.0
 30
0.0
  9
$UCSORGRIGHT
 10
0.0
 20
0.0
 30
0.0
  9
$UCSORGFRONT
 10
0.0
 20
0.0
 30
0.0
  9
$UCSORGBACK
 10
0.0
 20
0.0
 30
0.0
  9
$PUCSBASE
  2

  9
$PUCSNAME
  2

  9
$PUCSORG
 10
0.0
 20
0.0
 30
0.0
  9
$PUCSXDIR
 10
1.0
 20
0.0
 30
0.0
  9
$PUCSYDIR
 10
0.0
 20
1.0
 30
0.0
  9
$PUCSORTHOREF
  2

  9
$PUCSORTHOVIEW
 70
     0
  9
$PUCSORGTOP
 10
0.0
 20
0.0
 30
0.0
  9
$PUCSORGBOTTOM
 10
0.0
 20
0.0
 30
0.0
  9
$PUCSORGLEFT
 10
0.0
 20
0.0
 30
0.0
  9
$PUCSORGRIGHT
 10
0.0
 20
0.0
 30
0.0
  9
$PUCSORGFRONT
 10
0.0
 20
0.0
 30
0.0
  9
$PUCSORGBACK
 10
0.0
 20
0.0
 30
0.0
  9
$USERI1
 70
     0
  9
$USERI2
 70
     0
  9
$USERI3
 70
     0
  9
$USERI4
 70
     0
  9
$USERI5
 70
     0
  9
$USERR1
 40
0.0
  9
$USERR2
 40
0.0
  9
$USERR3
 40
0.0
  9
$USERR4
 40
0.0
  9
$USERR5
 40
0.0
  9
$WORLDVIEW
 70
     1
  9
$SHADEDGE
 70
     3
  9
$SHADEDIF
 70
    70
  9
$TILEMODE
 70
     1
  9
$MAXACTVP
 70
    64
  9
$PINSBASE
 10
0.0
 20
0.0
 30
0.0
  9
$PLIMCHECK
 70
     0
  9
$PEXTMIN
 10
1.000000000000000E+20
 20
1.000000000000000E+20
 30
1.000000000000000E+20
  9
$PEXTMAX
 10
-1.000000000000000E+20
 20
-1.000000000000000E+20
 30
-1.000000000000000E+20
  9
$PLIMMIN
 10
0.0
 20
0.0
  9
$PLIMMAX
 10
12.0
 20
9.0
  9
$UNITMODE
 70
     0
  9
$VISRETAIN
 70
     1
  9
$PLINEGEN
 70
     0
  9
$PSLTSCALE
 70
     1
  9
$TREEDEPTH
 70
  3020
  9
$CMLSTYLE
  2
Standard
  9
$CMLJUST
 70
     0
  9
$CMLSCALE
 40
1.0
  9
$PROXYGRAPHICS
 70
     1
  9
$MEASUREMENT
 70
     1
  9
$CELWEIGHT
370
    -1
  9
$ENDCAPS
280
     0
  9
$JOINSTYLE
280
     0
  9
$LWDISPLAY
290
     0
  9
$INSUNITS
 70
     6
  9
$HYPERLINKBASE
  1

  9
$STYLESHEET
  1

  9
$XEDIT
290
     1
  9
$CEPSNTYPE
380
     0
  9
$PSTYLEMODE
290
     1
  9
$FINGERPRINTGUID
  2
{66ab7edb-8a68-4186-b8e8-df7290d35a40}
  9
$VERSIONGUID
  2
{FAEB1C32-E019-11D5-929B-00C0DF256EC4}
  9
$EXTNAMES
290
     1
  9
$PSVPSCALE
 40
0.0
  9
$OLESTARTUP
290
     0
  9
$SORTENTS
280
   127
  9
$INDEXCTL
280
     0
  9
$HIDETEXT
280
     1
  9
$XCLIPFRAME
290
     0
  9
$HALOGAP
280
     0
  9
$OBSCOLOR
 70
   257
  9
$OBSLTYPE
280
     0
  9
$INTERSECTIONDISPLAY
280
     0
  9
$INTERSECTIONCOLOR
 70
   257
  9
$DIMASSOC
280
     2
  9
$PROJECTNAME
  1

  9
$CAMERADISPLAY
290
     0
  9
$LENSLENGTH
 40
50.0
  9
$CAMERAHEIGHT
 40
0.0
  9
$STEPSPERSEC
 40
2.0
  9
$STEPSIZE
 40
6.0
  9
$3DDWFPREC
 40
2.0
  9
$PSOLWIDTH
 40
0.25
  9
$PSOLHEIGHT
 40
4.0
  9
$LOFTANG1
 40
1.570796326794897
  9
$LOFTANG2
 40
1.570796326794897
  9
$LOFTMAG1
 40
0.0
  9
$LOFTMAG2
 40
0.0
  9
$LOFTPARAM
 70
     7
  9
$LOFTNORMALS
280
     1
  9
$LATITUDE
 40
37.795
  9
$LONGITUDE
 40
-122.394
  9
$NORTHDIRECTION
 40
0.0
  9
$TIMEZONE
 70
 -8000
  9
$LIGHTGLYPHDISPLAY
280
     1
  9
$TILEMODELIGHTSYNCH
280
     1
  9
$CMATERIAL
347
44
  9
$SOLIDHIST
280
     0
  9
$SHOWHIST
280
     1
  9
$DWFFRAME
280
     2
  9
$DGNFRAME
280
     2
  9
$REALWORLDSCALE
290
     1
  9
$INTERFERECOLOR
 62
   256
  9
$CSHADOW
280
     0
  9
$SHADOWPLANELOCATION
 40
0.0
  0
ENDSEC
  0
SECTION
  2
CLASSES
  0
CLASS
  1
ACDBDICTIONARYWDFLT
  2
AcDbDictionaryWithDefault
  3
ObjectDBX Classes
 90
        0
 91
        3
280
     0
281
     0
  0
CLASS
  1
VISUALSTYLE
  2
AcDbVisualStyle
  3
ObjectDBX Classes
 90
     4095
 91
        3
280
     0
281
     0
  0
CLASS
  1
MATERIAL
  2
AcDbMaterial
  3
ObjectDBX Classes
 90
     1153
 91
        3
280
     0
281
     0
  0
CLASS
  1
SCALE
  2
AcDbScale
  3
ObjectDBX Classes
 90
     1153
 91
        3
280
     0
281
     0
  0
CLASS
  1
TABLESTYLE
  2
AcDbTableStyle
  3
ObjectDBX Classes
 90
     4095
 91
        3
280
     0
281
     0
  0
CLASS
  1
MLEADERSTYLE
  2
AcDbMLeaderStyle
  3
ACDB_MLEADERSTYLE_CLASS
 90
     4095
 91
        3
280
     0
281
     0
  0
CLASS
  1
SUN
  2
AcDbSun
  3
SCENEOE
 90
     1153
 91
        3
280
     0
281
     0
  0
CLASS
  1
DICTIONARYVAR
  2
AcDbDictionaryVar
  3
ObjectDBX Classes
 90
        0
 91
        3
280
     0
281
     0
  0
CLASS
  1
CELLSTYLEMAP
  2
AcDbCellStyleMap
  3
ObjectDBX Classes
 90
     1152
 91
        3
280
     0
281
     0
  0
ENDSEC
  0
SECTION
  2
TABLES
  0
TABLE
  2
VPORT
  5
8
330
0
100
AcDbSymbolTable
 70
     1
  0
VPORT
  5
29
330
8
100
AcDbSymbolTableRecord
100
AcDbViewportTableRecord
  2
*Active
 70
     0
 10
0.0
 20
0.0
 11
1.0
 21
1.0
 12
10.42990654205607
 22
4.5
 13
0.0
 23
0.0
 14
0.5
 24
0.5
 15
0.5
 25
0.5
 16
0.0
 26
0.0
 36
1.0
 17
0.0
 27
0.0
 37
0.0
 40
9.0
 41
1.972972972850329
 42
50.0
 43
0.0
 44
0.0
 50
0.0
 51
0.0
 71
     0
 72
   100
 73
     1
 74
     3
 75
     0
 76
     0
 77
     0
 78
     0
281
     0
 65
     1
110
0.0
120
0.0
130
0.0
111
1.0
121
0.0
131
0.0
112
0.0
122
1.0
132
0.0
 79
     0
146
0.0
348
2F
 60
     3
 61
     5
292
     1
282
     1
141
0.0
142
0.0
 63
   250
361
5D
  0
ENDTAB
  0
TABLE
  2
LTYPE
  5
5
330
0
100
AcDbSymbolTable
 70
     1
  0
LTYPE
  5
14
330
5
100
AcDbSymbolTableRecord
100
AcDbLinetypeTableRecord
  2
ByBlock
 70
     0
  3

 72
    65
 73
     0
 40
0.0
  0
LTYPE
  5
15
330
5
100
AcDbSymbolTableRecord
100
AcDbLinetypeTableRecord
  2
ByLayer
 70
     0
  3

 72
    65
 73
     0
 40
0.0
  0
LTYPE
  5
16
330
5
100
AcDbSymbolTableRecord
100
AcDbLinetypeTableRecord
  2
Continuous
 70
     0
  3
Solid line
 72
    65
 73
     0
 40
0.0
  0
ENDTAB
  0
TABLE
  2
LAYER
  5
2
330
0
100
AcDbSymbolTable
 70
     6
  0
LAYER
  5
10
330
2
100
AcDbSymbolTableRecord
100
AcDbLayerTableRecord
  2
0
 70
     0
 62
     7
  6
Continuous
370
    -3
390
F
347
46
  0
LAYER
  5
5F
330
2
100
AcDbSymbolTableRecord
100
AcDbLayerTableRecord
  2
01_ROOMS$basement_rooms
 70
     0
 62
     7
  6
Continuous
370
    -3
390
F
347
46
  0
LAYER
  5
E8
330
2
100
AcDbSymbolTableRecord
100
AcDbLayerTableRecord
  2
01_ROOMS$ground_rooms
 70
     0
 62
     7
  6
Continuous
370
    -3
390
F
347
46
  0
LAYER
  5
183
330
2
100
AcDbSymbolTableRecord
100
AcDbLayerTableRecord
  2
01_ROOMS$floor1_rooms
 70
     0
 62
     7
  6
Continuous
370
    -3
390
F
347
46
  0
LAYER
  5
226
330
2
100
AcDbSymbolTableRecord
100
AcDbLayerTableRecord
  2
01_ROOMS$floor2_rooms
 70
     0
 62
     7
  6
Continuous
370
    -3
390
F
347
46
  0
LAYER
  5
449
330
2
100
AcDbSymbolTableRecord
100
AcDbLayerTableRecord
  2
02_DOORS$doors
 70
     0
 62
     1
420
 16711680
  6
Continuous
370
    -3
390
F
347
46
  0
ENDTAB
  0
TABLE
  2
STYLE
  5
3
330
0
100
AcDbSymbolTable
 70
     1
  0
STYLE
  5
11
330
3
100
AcDbSymbolTableRecord
100
AcDbTextStyleTableRecord
  2
Standard
 70
     0
 40
0.0
 41
1.0
 50
0.0
 71
     0
 42
0.2
  3
txt
  4

  0
ENDTAB
  0
TABLE
  2
VIEW
  5
6
330
0
100
AcDbSymbolTable
 70
     0
  0
ENDTAB
  0
TABLE
  2
UCS
  5
7
330
0
100
AcDbSymbolTable
 70
     0
  0
ENDTAB
  0
TABLE
  2
APPID
  5
9
330
0
100
AcDbSymbolTable
 70
     3
  0
APPID
  5
12
330
9
100
AcDbSymbolTableRecord
100
AcDbRegAppTableRecord
  2
ACAD
 70
     0
  0
APPID
  5
5E
330
9
100
AcDbSymbolTableRecord
100
AcDbRegAppTableRecord
  2
Rhino
 70
     0
  0
APPID
  5
5A1
330
9
100
AcDbSymbolTableRecord
100
AcDbRegAppTableRecord
  2
ACAD_MLEADERVER
 70
     0
  0
ENDTAB
  0
TABLE
  2
DIMSTYLE
  5
A
330
0
100
AcDbSymbolTable
 70
     1
100
AcDbDimStyleTable
  0
DIMSTYLE
105
27
330
A
100
AcDbSymbolTableRecord
100
AcDbDimStyleTableRecord
  2
STANDARD_ACAD
 70
     0
178
     0
340
11
  0
ENDTAB
  0
TABLE
  2
BLOCK_RECORD
  5
1
330
0
100
AcDbSymbolTable
 70
     1
  0
BLOCK_RECORD
  5
1F
330
1
100
AcDbSymbolTableRecord
100
AcDbBlockTableRecord
  2
*Model_Space
340
22
 70
     0
280
     1
281
     0
  0
BLOCK_RECORD
  5
1B
330
1
100
AcDbSymbolTableRecord
100
AcDbBlockTableRecord
  2
*Paper_Space
340
1E
 70
     0
280
     1
281
     0
  0
BLOCK_RECORD
  5
23
330
1
100
AcDbSymbolTableRecord
100
AcDbBlockTableRecord
  2
*Paper_Space0
340
26
 70
     0
280
     1
281
     0
  0
ENDTAB
  0
ENDSEC
  0
SECTION
  2
BLOCKS
  0
BLOCK
  5
20
330
1F
100
AcDbEntity
  8
0
100
AcDbBlockBegin
  2
*Model_Space
 70
     0
 10
0.0
 20
0.0
 30
0.0
  3
*Model_Space
  1

  0
ENDBLK
  5
21
330
1F
100
AcDbEntity
  8
0
100
AcDbBlockEnd
  0
BLOCK
  5
1C
330
1B
100
AcDbEntity
 67
     1
  8
0
100
AcDbBlockBegin
  2
*Paper_Space
 70
     0
 10
0.0
 20
0.0
 30
0.0
  3
*Paper_Space
  1

  0
ENDBLK
  5
1D
330
1B
100
AcDbEntity
 67
     1
  8
0
100
AcDbBlockEnd
  0
BLOCK
  5
24
330
23
100
AcDbEntity
  8
0
100
AcDbBlockBegin
  2
*Paper_Space0
 70
     0
 10
0.0
 20
0.0
 30
0.0
  3
*Paper_Space0
  1

  0
ENDBLK
  5
25
330
23
100
AcDbEntity
  8
0
100
AcDbBlockEnd
  0
ENDSEC
  0
SECTION
  2
ENTITIES
  0
LINE
  5
60
330
1F
100
AcDbEntity
  8
01_ROOMS$basement_rooms
100
AcDbLine
 10
-38.17521609679003
 20
51.71473044016861
 30
0.0
 11
-35.4351159759185
 21
51.71473044016861
 31
0.0
  0
LINE
  5
61
330
1F
100
AcDbEntity
  8
01_ROOMS$basement_rooms
100
AcDbLine
 10
-35.4351159759185
 20
51.71473044016861
 30
0.0
 11
-35.4351159759185
 21
89.64081946266975
 31
0.0
  0
LINE
  5
62
330
1F
100
AcDbEntity
  8
01_ROOMS$basement_rooms
100
AcDbLine
 10
-35.4351159759185
 20
89.64081946266975
 30
0.0
 11
29.99550133299653
 21
89.64081946266975
 31
0.0
  0
LINE
  5
63
330
1F
100
AcDbEntity
  8
01_ROOMS$basement_rooms
100
AcDbLine
 10
29.99550133299653
 20
89.64081946266975
 30
0.0
 11
29.99550133299653
 21
70.76554603107343
 31
0.0
  0
LINE
  5
64
330
1F
100
AcDbEntity
  8
01_ROOMS$basement_rooms
100
AcDbLine
 10
29.99550133299653
 20
70.76554603107343
 30
0.0
 11
32.40563409333549
 21
70.76554603107343
 31
0.0
  0
LINE
  5
65
330
1F
100
AcDbEntity
  8
01_ROOMS$basement_rooms
100
AcDbLine
 10
32.40563409333549
 20
70.76554603107343
 30
0.0
 11
32.40563409333549
 21
91.72863231867666
 31
0.0
  0
LINE
  5
66
330
1F
100
AcDbEntity
  8
01_ROOMS$basement_rooms
100
AcDbLine
 10
32.40563409333549
 20
91.72863231867666
 30
0.0
 11
-38.17521609679003
 21
91.72863231867666
 31
0.0
  0
LINE
  5
67
330
1F
100
AcDbEntity
  8
01_ROOMS$basement_rooms
100
AcDbLine
 10
-38.17521609679003
 20
91.72863231867666
 30
0.0
 11
-38.17521609679003
 21
51.71473044016861
 31
0.0
  0
LINE
  5
68
330
1F
100
AcDbEntity
  8
01_ROOMS$basement_rooms
100
AcDbLine
 10
-44.10083688965028
 20
107.1672703588606
 30
0.0
 11
-38.21971148111257
 21
107.1672703588606
 31
0.0
  0
LINE
  5
69
330
1F
100
AcDbEntity
  8
01_ROOMS$basement_rooms
100
AcDbLine
 10
-38.21971148111257
 20
107.1672703588606
 30
0.0
 11
-38.21971148111257
 21
99.64359416391729
 31
0.0
  0
LINE
  5
6A
330
1F
100
AcDbEntity
  8
01_ROOMS$basement_rooms
100
AcDbLine
 10
-38.21971148111257
 20
99.64359416391729
 30
0.0
 11
-39.30799129817908
 21
99.64359416391729
 31
0.0
  0
LINE
  5
6B
330
1F
100
AcDbEntity
  8
01_ROOMS$basement_rooms
100
AcDbLine
 10
-39.30799129817908
 20
99.64359416391729
 30
0.0
 11
-39.30799129817909
 21
91.7236700746044
 31
0.0
  0
LINE
  5
6C
330
1F
100
AcDbEntity
  8
01_ROOMS$basement_rooms
100
AcDbLine
 10
-39.30799129817909
 20
91.7236700746044
 30
0.0
 11
-44.10083688965028
 21
91.7236700746044
 31
0.0
  0
LINE
  5
6D
330
1F
100
AcDbEntity
  8
01_ROOMS$basement_rooms
100
AcDbLine
 10
-44.10083688965028
 20
91.7236700746044
 30
0.0
 11
-44.10083688965028
 21
107.1672703588606
 31
0.0
  0
LINE
  5
6E
330
1F
100
AcDbEntity
  8
01_ROOMS$basement_rooms
100
AcDbLine
 10
-38.01561653688406
 20
93.38583333289387
 30
0.0
 11
-23.83819260219314
 21
93.38583333289387
 31
0.0
  0
LINE
  5
6F
330
1F
100
AcDbEntity
  8
01_ROOMS$basement_rooms
100
AcDbLine
 10
-23.83819260219314
 20
93.38583333289387
 30
0.0
 11
-23.83819260219314
 21
98.17527268615213
 31
0.0
  0
LINE
  5
70
330
1F
100
AcDbEntity
  8
01_ROOMS$basement_rooms
100
AcDbLine
 10
-23.83819260219314
 20
98.17527268615213
 30
0.0
 11
-38.01561653688406
 21
98.17527268615213
 31
0.0
  0
LINE
  5
71
330
1F
100
AcDbEntity
  8
01_ROOMS$basement_rooms
100
AcDbLine
 10
-38.01561653688406
 20
98.17527268615213
 30
0.0
 11
-38.01561653688406
 21
93.38583333289387
 31
0.0
  0
LINE
  5
72
330
1F
100
AcDbEntity
  8
01_ROOMS$basement_rooms
100
AcDbLine
 10
-23.27084095329589
 20
93.38583333289387
 30
0.0
 11
-4.24115838099209
 21
93.38583333289387
 31
0.0
  0
LINE
  5
73
330
1F
100
AcDbEntity
  8
01_ROOMS$basement_rooms
100
AcDbLine
 10
-4.24115838099209
 20
93.38583333289387
 30
0.0
 11
-4.24115838099209
 21
98.17527268615213
 31
0.0
  0
LINE
  5
74
330
1F
100
AcDbEntity
  8
01_ROOMS$basement_rooms
100
AcDbLine
 10
-4.24115838099209
 20
98.17527268615213
 30
0.0
 11
-23.27084095329589
 21
98.17527268615213
 31
0.0
  0
LINE
  5
75
330
1F
100
AcDbEntity
  8
01_ROOMS$basement_rooms
100
AcDbLine
 10
-23.27084095329589
 20
98.17527268615213
 30
0.0
 11
-23.27084095329589
 21
93.38583333289387
 31
0.0
  0
LINE
  5
76
330
1F
100
AcDbEntity
  8
01_ROOMS$basement_rooms
100
AcDbLine
 10
17.8937799025752
 20
93.38583333289387
 30
0.0
 11
-1.032517870794877
 21
93.38583333289387
 31
0.0
  0
LINE
  5
77
330
1F
100
AcDbEntity
  8
01_ROOMS$basement_rooms
100
AcDbLine
 10
-1.032517870794877
 20
93.38583333289387
 30
0.0
 11
-1.032517870794877
 21
98.17527268615213
 31
0.0
  0
LINE
  5
78
330
1F
100
AcDbEntity
  8
01_ROOMS$basement_rooms
100
AcDbLine
 10
-1.032517870794877
 20
98.17527268615213
 30
0.0
 11
17.8937799025752
 21
98.17527268615213
 31
0.0
  0
LINE
  5
79
330
1F
100
AcDbEntity
  8
01_ROOMS$basement_rooms
100
AcDbLine
 10
17.8937799025752
 20
98.17527268615213
 30
0.0
 11
17.8937799025752
 21
93.38583333289387
 31
0.0
  0
LINE
  5
7A
330
1F
100
AcDbEntity
  8
01_ROOMS$basement_rooms
100
AcDbLine
 10
31.80695629029796
 20
93.38583333289387
 30
0.0
 11
18.12829215288927
 21
93.38583333289387
 31
0.0
  0
LINE
  5
7B
330
1F
100
AcDbEntity
  8
01_ROOMS$basement_rooms
100
AcDbLine
 10
18.12829215288927
 20
93.38583333289387
 30
0.0
 11
18.12829215288927
 21
98.17527268615213
 31
0.0
  0
LINE
  5
7C
330
1F
100
AcDbEntity
  8
01_ROOMS$basement_rooms
100
AcDbLine
 10
18.12829215288927
 20
98.17527268615213
 30
0.0
 11
31.80695629029796
 21
98.17527268615213
 31
0.0
  0
LINE
  5
7D
330
1F
100
AcDbEntity
  8
01_ROOMS$basement_rooms
100
AcDbLine
 10
31.80695629029796
 20
98.17527268615213
 30
0.0
 11
31.80695629029796
 21
93.38583333289387
 31
0.0
  0
LINE
  5
7E
330
1F
100
AcDbEntity
  8
01_ROOMS$basement_rooms
100
AcDbLine
 10
-36.67879452229153
 20
99.24887124260675
 30
0.0
 11
31.904746220882
 21
99.24887124260675
 31
0.0
  0
LINE
  5
7F
330
1F
100
AcDbEntity
  8
01_ROOMS$basement_rooms
100
AcDbLine
 10
31.904746220882
 20
99.24887124260675
 30
0.0
 11
31.904746220882
 21
106.1049738541004
 31
0.0
  0
LINE
  5
80
330
1F
100
AcDbEntity
  8
01_ROOMS$basement_rooms
100
AcDbLine
 10
31.904746220882
 20
106.1049738541004
 30
0.0
 11
-36.67879452229153
 21
106.1049738541004
 31
0.0
  0
LINE
  5
81
330
1F
100
AcDbEntity
  8
01_ROOMS$basement_rooms
100
AcDbLine
 10
-36.67879452229153
 20
106.1049738541004
 30
0.0
 11
-36.67879452229153
 21
99.24887124260675
 31
0.0
  0
LINE
  5
82
330
1F
100
AcDbEntity
  8
01_ROOMS$basement_rooms
100
AcDbLine
 10
13.08288369279569
 20
107.2505170644257
 30
0.0
 11
27.3152006219765
 21
107.2505170644257
 31
0.0
  0
LINE
  5
83
330
1F
100
AcDbEntity
  8
01_ROOMS$basement_rooms
100
AcDbLine
 10
27.3152006219765
 20
107.2505170644257
 30
0.0
 11
27.3152006219765
 21
114.1112139481794
 31
0.0
  0
LINE
  5
84
330
1F
100
AcDbEntity
  8
01_ROOMS$basement_rooms
100
AcDbLine
 10
27.3152006219765
 20
114.1112139481794
 30
0.0
 11
13.08288369279569
 21
114.1112139481794
 31
0.0
  0
LINE
  5
85
330
1F
100
AcDbEntity
  8
01_ROOMS$basement_rooms
100
AcDbLine
 10
13.08288369279569
 20
114.1112139481794
 30
0.0
 11
13.08288369279569
 21
107.2505170644257
 31
0.0
  0
LINE
  5
86
330
1F
100
AcDbEntity
  8
01_ROOMS$basement_rooms
100
AcDbLine
 10
2.374900727891301
 20
107.2505170644257
 30
0.0
 11
12.22799568634788
 21
107.2505170644257
 31
0.0
  0
LINE
  5
87
330
1F
100
AcDbEntity
  8
01_ROOMS$basement_rooms
100
AcDbLine
 10
12.22799568634788
 20
107.2505170644257
 30
0.0
 11
12.22799568634788
 21
115.7601460853792
 31
0.0
  0
LINE
  5
88
330
1F
100
AcDbEntity
  8
01_ROOMS$basement_rooms
100
AcDbLine
 10
12.22799568634788
 20
115.7601460853792
 30
0.0
 11
2.374900727891301
 21
115.7601460853792
 31
0.0
  0
LINE
  5
89
330
1F
100
AcDbEntity
  8
01_ROOMS$basement_rooms
100
AcDbLine
 10
2.374900727891301
 20
115.7601460853792
 30
0.0
 11
2.374900727891301
 21
107.2505170644257
 31
0.0
  0
LINE
  5
8A
330
1F
100
AcDbEntity
  8
01_ROOMS$basement_rooms
100
AcDbLine
 10
-17.45760151863281
 20
107.2505170644257
 30
0.0
 11
-4.418225675910648
 21
107.2505170644257
 31
0.0
  0
LINE
  5
8B
330
1F
100
AcDbEntity
  8
01_ROOMS$basement_rooms
100
AcDbLine
 10
-4.418225675910648
 20
107.2505170644257
 30
0.0
 11
-4.418225675910648
 21
115.7601460853792
 31
0.0
  0
LINE
  5
8C
330
1F
100
AcDbEntity
  8
01_ROOMS$basement_rooms
100
AcDbLine
 10
-4.418225675910648
 20
115.7601460853792
 30
0.0
 11
-17.45760151863281
 21
115.7601460853792
 31
0.0
  0
LINE
  5
8D
330
1F
100
AcDbEntity
  8
01_ROOMS$basement_rooms
100
AcDbLine
 10
-17.45760151863281
 20
115.7601460853792
 30
0.0
 11
-17.45760151863281
 21
107.2505170644257
 31
0.0
  0
LINE
  5
8E
330
1F
100
AcDbEntity
  8
01_ROOMS$basement_rooms
100
AcDbLine
 10
-36.62567313580317
 20
107.2505170644257
 30
0.0
 11
-18.56981914550366
 21
107.2505170644257
 31
0.0
  0
LINE
  5
8F
330
1F
100
AcDbEntity
  8
01_ROOMS$basement_rooms
100
AcDbLine
 10
-18.56981914550366
 20
107.2505170644257
 30
0.0
 11
-18.56981914550366
 21
114.1112139481794
 31
0.0
  0
LINE
  5
90
330
1F
100
AcDbEntity
  8
01_ROOMS$basement_rooms
100
AcDbLine
 10
-18.56981914550366
 20
114.1112139481794
 30
0.0
 11
-36.62567313580317
 21
114.1112139481794
 31
0.0
  0
LINE
  5
91
330
1F
100
AcDbEntity
  8
01_ROOMS$basement_rooms
100
AcDbLine
 10
-36.62567313580317
 20
114.1112139481794
 30
0.0
 11
-36.62567313580317
 21
107.2505170644257
 31
0.0
  0
LINE
  5
92
330
1F
100
AcDbEntity
  8
01_ROOMS$basement_rooms
100
AcDbLine
 10
-44.76437575668109
 20
91.72029587140923
 30
0.0
 11
-47.10994777819293
 21
91.72029587140923
 31
0.0
  0
LINE
  5
93
330
1F
100
AcDbEntity
  8
01_ROOMS$basement_rooms
100
AcDbLine
 10
-47.10994777819293
 20
91.72029587140923
 30
0.0
 11
-47.10994777819294
 21
50.41798507816779
 31
0.0
  0
LINE
  5
94
330
1F
100
AcDbEntity
  8
01_ROOMS$basement_rooms
100
AcDbLine
 10
-47.10994777819294
 20
50.41798507816779
 30
0.0
 11
-44.13755780284032
 21
50.4179850781678
 31
0.0
  0
LINE
  5
95
330
1F
100
AcDbEntity
  8
01_ROOMS$basement_rooms
100
AcDbLine
 10
-44.13755780284032
 20
50.4179850781678
 30
0.0
 11
-44.13755780284032
 21
45.03632179522866
 31
0.0
  0
LINE
  5
96
330
1F
100
AcDbEntity
  8
01_ROOMS$basement_rooms
100
AcDbLine
 10
-44.13755780284032
 20
45.03632179522866
 30
0.0
 11
-39.16080703086325
 21
45.03632179522864
 31
0.0
  0
LINE
  5
97
330
1F
100
AcDbEntity
  8
01_ROOMS$basement_rooms
100
AcDbLine
 10
-39.16080703086325
 20
45.03632179522864
 30
0.0
 11
-39.16080703086325
 21
53.55100109189421
 31
0.0
  0
LINE
  5
98
330
1F
100
AcDbEntity
  8
01_ROOMS$basement_rooms
100
AcDbLine
 10
-39.16080703086325
 20
53.55100109189421
 30
0.0
 11
-44.76437575668109
 21
53.80083306549737
 31
0.0
  0
LINE
  5
99
330
1F
100
AcDbEntity
  8
01_ROOMS$basement_rooms
100
AcDbLine
 10
-44.76437575668109
 20
53.80083306549737
 30
0.0
 11
-44.76437575668109
 21
91.72029587140923
 31
0.0
  0
LINE
  5
9A
330
1F
100
AcDbEntity
  8
01_ROOMS$basement_rooms
100
AcDbLine
 10
-44.13755780284032
 20
84.23286275340719
 30
0.0
 11
-39.16080703086325
 21
84.23286275340719
 31
0.0
  0
LINE
  5
9B
330
1F
100
AcDbEntity
  8
01_ROOMS$basement_rooms
100
AcDbLine
 10
-39.16080703086325
 20
84.23286275340719
 30
0.0
 11
-39.16080703086325
 21
91.7236700746044
 31
0.0
  0
LINE
  5
9C
330
1F
100
AcDbEntity
  8
01_ROOMS$basement_rooms
100
AcDbLine
 10
-39.16080703086325
 20
91.7236700746044
 30
0.0
 11
-44.13755780284032
 21
91.7236700746044
 31
0.0
  0
LINE
  5
9D
330
1F
100
AcDbEntity
  8
01_ROOMS$basement_rooms
100
AcDbLine
 10
-44.13755780284032
 20
91.7236700746044
 30
0.0
 11
-44.13755780284032
 21
84.23286275340719
 31
0.0
  0
LINE
  5
9E
330
1F
100
AcDbEntity
  8
01_ROOMS$basement_rooms
100
AcDbLine
 10
-44.13755780284032
 20
67.76253657655226
 30
0.0
 11
-39.16080703086325
 21
67.76253657655226
 31
0.0
  0
LINE
  5
9F
330
1F
100
AcDbEntity
  8
01_ROOMS$basement_rooms
100
AcDbLine
 10
-39.16080703086325
 20
67.76253657655226
 30
0.0
 11
-39.16080703086325
 21
84.23286275340719
 31
0.0
  0
LINE
  5
A0
330
1F
100
AcDbEntity
  8
01_ROOMS$basement_rooms
100
AcDbLine
 10
-39.16080703086325
 20
84.23286275340719
 30
0.0
 11
-44.13755780284032
 21
84.23286275340719
 31
0.0
  0
LINE
  5
A1
330
1F
100
AcDbEntity
  8
01_ROOMS$basement_rooms
100
AcDbLine
 10
-44.13755780284032
 20
84.23286275340719
 30
0.0
 11
-44.13755780284032
 21
67.76253657655226
 31
0.0
  0
LINE
  5
A2
330
1F
100
AcDbEntity
  8
01_ROOMS$basement_rooms
100
AcDbLine
 10
-44.13755780284032
 20
53.80083306549737
 30
0.0
 11
-39.16080703086325
 21
53.80083306549737
 31
0.0
  0
LINE
  5
A3
330
1F
100
AcDbEntity
  8
01_ROOMS$basement_rooms
100
AcDbLine
 10
-39.16080703086325
 20
53.80083306549737
 30
0.0
 11
-39.16080703086325
 21
67.76253657655226
 31
0.0
  0
LINE
  5
A4
330
1F
100
AcDbEntity
  8
01_ROOMS$basement_rooms
100
AcDbLine
 10
-39.16080703086325
 20
67.76253657655226
 30
0.0
 11
-44.13755780284032
 21
67.76253657655226
 31
0.0
  0
LINE
  5
A5
330
1F
100
AcDbEntity
  8
01_ROOMS$basement_rooms
100
AcDbLine
 10
-44.13755780284032
 20
67.76253657655226
 30
0.0
 11
-44.13755780284032
 21
53.80083306549737
 31
0.0
  0
LINE
  5
A6
330
1F
100
AcDbEntity
  8
01_ROOMS$basement_rooms
100
AcDbLine
 10
-58.70734193617918
 20
50.41798507816779
 30
0.0
 11
-47.67029675564937
 21
50.41798507816779
 31
0.0
  0
LINE
  5
A7
330
1F
100
AcDbEntity
  8
01_ROOMS$basement_rooms
100
AcDbLine
 10
-47.67029675564937
 20
50.41798507816779
 30
0.0
 11
-47.67029675564937
 21
64.78753254240748
 31
0.0
  0
LINE
  5
A8
330
1F
100
AcDbEntity
  8
01_ROOMS$basement_rooms
100
AcDbLine
 10
-47.67029675564937
 20
64.78753254240748
 30
0.0
 11
-58.70734193617918
 21
64.78753254240748
 31
0.0
  0
LINE
  5
A9
330
1F
100
AcDbEntity
  8
01_ROOMS$basement_rooms
100
AcDbLine
 10
-58.70734193617918
 20
64.78753254240748
 30
0.0
 11
-58.70734193617918
 21
50.41798507816779
 31
0.0
  0
LINE
  5
AA
330
1F
100
AcDbEntity
  8
01_ROOMS$basement_rooms
100
AcDbLine
 10
-58.70734193617918
 20
65.38713267244778
 30
0.0
 11
-47.67029675564937
 21
65.38713267244778
 31
0.0
  0
LINE
  5
AB
330
1F
100
AcDbEntity
  8
01_ROOMS$basement_rooms
100
AcDbLine
 10
-47.67029675564937
 20
65.38713267244778
 30
0.0
 11
-47.67029675564937
 21
83.08837129403504
 31
0.0
  0
LINE
  5
AC
330
1F
100
AcDbEntity
  8
01_ROOMS$basement_rooms
100
AcDbLine
 10
-47.67029675564937
 20
83.08837129403504
 30
0.0
 11
-58.70734193617918
 21
83.08837129403504
 31
0.0
  0
LINE
  5
AD
330
1F
100
AcDbEntity
  8
01_ROOMS$basement_rooms
100
AcDbLine
 10
-58.70734193617918
 20
83.08837129403504
 30
0.0
 11
-58.70734193617918
 21
65.38713267244778
 31
0.0
  0
LINE
  5
AE
330
1F
100
AcDbEntity
  8
01_ROOMS$basement_rooms
100
AcDbLine
 10
-58.70734193617918
 20
83.63583228233283
 30
0.0
 11
-47.67029675564937
 21
83.63583228233283
 31
0.0
  0
LINE
  5
AF
330
1F
100
AcDbEntity
  8
01_ROOMS$basement_rooms
100
AcDbLine
 10
-47.67029675564937
 20
83.63583228233283
 30
0.0
 11
-47.67029675564937
 21
91.72029587140923
 31
0.0
  0
LINE
  5
B0
330
1F
100
AcDbEntity
  8
01_ROOMS$basement_rooms
100
AcDbLine
 10
-47.67029675564937
 20
91.72029587140923
 30
0.0
 11
-58.70734193617918
 21
91.72029587140923
 31
0.0
  0
LINE
  5
B1
330
1F
100
AcDbEntity
  8
01_ROOMS$basement_rooms
100
AcDbLine
 10
-58.70734193617918
 20
91.72029587140923
 30
0.0
 11
-58.70734193617918
 21
83.63583228233283
 31
0.0
  0
LINE
  5
B2
330
1F
100
AcDbEntity
  8
01_ROOMS$basement_rooms
100
AcDbLine
 10
-44.13755780284032
 20
28.71407444082845
 30
0.0
 11
-39.16080703086325
 21
28.71407444082845
 31
0.0
  0
LINE
  5
B3
330
1F
100
AcDbEntity
  8
01_ROOMS$basement_rooms
100
AcDbLine
 10
-39.16080703086325
 20
28.71407444082845
 30
0.0
 11
-39.16080703086325
 21
44.1236000869424
 31
0.0
  0
LINE
  5
B4
330
1F
100
AcDbEntity
  8
01_ROOMS$basement_rooms
100
AcDbLine
 10
-39.16080703086325
 20
44.1236000869424
 30
0.0
 11
-44.13755780284032
 21
44.1236000869424
 31
0.0
  0
LINE
  5
B5
330
1F
100
AcDbEntity
  8
01_ROOMS$basement_rooms
100
AcDbLine
 10
-44.13755780284032
 20
44.1236000869424
 30
0.0
 11
-44.13755780284032
 21
28.71407444082845
 31
0.0
  0
LINE
  5
B6
330
1F
100
AcDbEntity
  8
01_ROOMS$basement_rooms
100
AcDbLine
 10
-67.01915772762962
 20
24.71088006203968
 30
0.0
 11
-67.01915772762962
 21
34.20760166779696
 31
0.0
  0
LINE
  5
B7
330
1F
100
AcDbEntity
  8
01_ROOMS$basement_rooms
100
AcDbLine
 10
-67.01915772762962
 20
34.20760166779696
 30
0.0
 11
-44.76437575668109
 21
34.20760166779696
 31
0.0
  0
LINE
  5
B8
330
1F
100
AcDbEntity
  8
01_ROOMS$basement_rooms
100
AcDbLine
 10
-44.76437575668109
 20
34.20760166779696
 30
0.0
 11
-44.76437575668112
 21
24.71088006203968
 31
0.0
  0
LINE
  5
B9
330
1F
100
AcDbEntity
  8
01_ROOMS$basement_rooms
100
AcDbLine
 10
-44.76437575668112
 20
24.71088006203968
 30
0.0
 11
-67.01915772762962
 21
24.71088006203968
 31
0.0
  0
LINE
  5
BA
330
1F
100
AcDbEntity
  8
01_ROOMS$basement_rooms
100
AcDbLine
 10
53.82901189115367
 20
67.58114680492505
 30
0.0
 11
39.88604571165561
 21
67.58114680492505
 31
0.0
  0
LINE
  5
BB
330
1F
100
AcDbEntity
  8
01_ROOMS$basement_rooms
100
AcDbLine
 10
39.88604571165561
 20
67.58114680492505
 30
0.0
 11
39.88604571165561
 21
75.62564082837268
 31
0.0
  0
LINE
  5
BC
330
1F
100
AcDbEntity
  8
01_ROOMS$basement_rooms
100
AcDbLine
 10
39.88604571165561
 20
75.62564082837268
 30
0.0
 11
53.82901189115367
 21
75.62564082837268
 31
0.0
  0
LINE
  5
BD
330
1F
100
AcDbEntity
  8
01_ROOMS$basement_rooms
100
AcDbLine
 10
53.82901189115367
 20
75.62564082837268
 30
0.0
 11
53.82901189115367
 21
67.58114680492505
 31
0.0
  0
LINE
  5
BE
330
1F
100
AcDbEntity
  8
01_ROOMS$basement_rooms
100
AcDbLine
 10
39.03931422534285
 20
70.95046590837558
 30
0.0
 11
33.15818881680514
 21
70.95046590837558
 31
0.0
  0
LINE
  5
BF
330
1F
100
AcDbEntity
  8
01_ROOMS$basement_rooms
100
AcDbLine
 10
33.15818881680514
 20
70.95046590837558
 30
0.0
 11
33.15818881680514
 21
107.1672703588606
 31
0.0
  0
LINE
  5
C0
330
1F
100
AcDbEntity
  8
01_ROOMS$basement_rooms
100
AcDbLine
 10
33.15818881680514
 20
107.1672703588606
 30
0.0
 11
39.03931422534285
 21
107.1672703588606
 31
0.0
  0
LINE
  5
C1
330
1F
100
AcDbEntity
  8
01_ROOMS$basement_rooms
100
AcDbLine
 10
39.03931422534285
 20
107.1672703588606
 30
0.0
 11
39.03931422534285
 21
70.95046590837558
 31
0.0
  0
LINE
  5
C2
330
1F
100
AcDbEntity
  8
01_ROOMS$basement_rooms
100
AcDbLine
 10
-67.01915772762962
 20
49.35185538430551
 30
0.0
 11
-44.76437575668109
 21
49.35185538430551
 31
0.0
  0
LINE
  5
C3
330
1F
100
AcDbEntity
  8
01_ROOMS$basement_rooms
100
AcDbLine
 10
-44.76437575668109
 20
49.35185538430551
 30
0.0
 11
-44.76437575668109
 21
45.03632179522866
 31
0.0
  0
LINE
  5
C4
330
1F
100
AcDbEntity
  8
01_ROOMS$basement_rooms
100
AcDbLine
 10
-44.76437575668109
 20
45.03632179522866
 30
0.0
 11
-67.01915772762962
 21
45.03632179522866
 31
0.0
  0
LINE
  5
C5
330
1F
100
AcDbEntity
  8
01_ROOMS$basement_rooms
100
AcDbLine
 10
-67.01915772762962
 20
45.03632179522866
 30
0.0
 11
-67.01915772762962
 21
49.35185538430551
 31
0.0
  0
LINE
  5
C6
330
1F
100
AcDbEntity
  8
01_ROOMS$basement_rooms
100
AcDbLine
 10
-67.01915772762962
 20
44.1236000869424
 30
0.0
 11
-44.76437575668109
 21
44.1236000869424
 31
0.0
  0
LINE
  5
C7
330
1F
100
AcDbEntity
  8
01_ROOMS$basement_rooms
100
AcDbLine
 10
-44.76437575668109
 20
44.1236000869424
 30
0.0
 11
-44.76437575668109
 21
35.11536415066131
 31
0.0
  0
LINE
  5
C8
330
1F
100
AcDbEntity
  8
01_ROOMS$basement_rooms
100
AcDbLine
 10
-44.76437575668109
 20
35.11536415066131
 30
0.0
 11
-67.01915772762962
 21
35.11536415066131
 31
0.0
  0
LINE
  5
C9
330
1F
100
AcDbEntity
  8
01_ROOMS$basement_rooms
100
AcDbLine
 10
-67.01915772762962
 20
35.11536415066131
 30
0.0
 11
-67.01915772762962
 21
44.1236000869424
 31
0.0
  0
LINE
  5
CA
330
1F
100
AcDbEntity
  8
01_ROOMS$basement_rooms
100
AcDbLine
 10
53.82901189115367
 20
76.36821524722154
 30
0.0
 11
39.88604571165561
 21
76.36821524722154
 31
0.0
  0
LINE
  5
CB
330
1F
100
AcDbEntity
  8
01_ROOMS$basement_rooms
100
AcDbLine
 10
39.88604571165561
 20
76.36821524722154
 30
0.0
 11
39.88604571165561
 21
91.72029587140923
 31
0.0
  0
LINE
  5
CC
330
1F
100
AcDbEntity
  8
01_ROOMS$basement_rooms
100
AcDbLine
 10
39.88604571165561
 20
91.72029587140923
 30
0.0
 11
53.82901189115367
 21
91.72029587140923
 31
0.0
  0
LINE
  5
CD
330
1F
100
AcDbEntity
  8
01_ROOMS$basement_rooms
100
AcDbLine
 10
53.82901189115367
 20
91.72029587140923
 30
0.0
 11
53.82901189115367
 21
76.36821524722154
 31
0.0
  0
LINE
  5
CE
330
1F
100
AcDbEntity
  8
01_ROOMS$basement_rooms
100
AcDbLine
 10
62.14082768260411
 20
92.93077912521636
 30
0.0
 11
39.88604571165561
 21
92.93077912521636
 31
0.0
  0
LINE
  5
CF
330
1F
100
AcDbEntity
  8
01_ROOMS$basement_rooms
100
AcDbLine
 10
39.88604571165561
 20
92.93077912521636
 30
0.0
 11
39.88604571165561
 21
97.24631271429321
 31
0.0
  0
LINE
  5
D0
330
1F
100
AcDbEntity
  8
01_ROOMS$basement_rooms
100
AcDbLine
 10
39.88604571165561
 20
97.24631271429321
 30
0.0
 11
62.14082768260411
 21
97.24631271429321
 31
0.0
  0
LINE
  5
D1
330
1F
100
AcDbEntity
  8
01_ROOMS$basement_rooms
100
AcDbLine
 10
62.14082768260411
 20
97.24631271429321
 30
0.0
 11
62.14082768260411
 21
92.93077912521636
 31
0.0
  0
LINE
  5
D2
330
1F
100
AcDbEntity
  8
01_ROOMS$basement_rooms
100
AcDbLine
 10
62.14082768260411
 20
98.15903442257947
 30
0.0
 11
39.88604571165561
 21
98.15903442257947
 31
0.0
  0
LINE
  5
D3
330
1F
100
AcDbEntity
  8
01_ROOMS$basement_rooms
100
AcDbLine
 10
39.88604571165561
 20
98.15903442257947
 30
0.0
 11
39.88604571165561
 21
107.1672703588606
 31
0.0
  0
LINE
  5
D4
330
1F
100
AcDbEntity
  8
01_ROOMS$basement_rooms
100
AcDbLine
 10
39.88604571165561
 20
107.1672703588606
 30
0.0
 11
62.14082768260411
 21
107.1672703588606
 31
0.0
  0
LINE
  5
D5
330
1F
100
AcDbEntity
  8
01_ROOMS$basement_rooms
100
AcDbLine
 10
62.14082768260411
 20
107.1672703588606
 30
0.0
 11
62.14082768260411
 21
98.15903442257947
 31
0.0
  0
LINE
  5
D6
330
1F
100
AcDbEntity
  8
01_ROOMS$basement_rooms
100
AcDbLine
 10
41.20392864814588
 20
117.5717544474822
 30
0.0
 11
36.55211549093863
 21
117.5717544474822
 31
0.0
  0
LINE
  5
D7
330
1F
100
AcDbEntity
  8
01_ROOMS$basement_rooms
100
AcDbLine
 10
36.55211549093863
 20
117.5717544474822
 30
0.0
 11
36.55211549093863
 21
108.0750328417249
 31
0.0
  0
LINE
  5
D8
330
1F
100
AcDbEntity
  8
01_ROOMS$basement_rooms
100
AcDbLine
 10
36.55211549093863
 20
108.0750328417249
 30
0.0
 11
41.20392864814588
 21
108.0750328417249
 31
0.0
  0
LINE
  5
D9
330
1F
100
AcDbEntity
  8
01_ROOMS$basement_rooms
100
AcDbLine
 10
41.20392864814588
 20
108.0750328417249
 30
0.0
 11
41.20392864814588
 21
117.5717544474822
 31
0.0
  0
LINE
  5
DA
330
1F
100
AcDbEntity
  8
01_ROOMS$basement_rooms
100
AcDbLine
 10
62.14082768260411
 20
117.5717544474822
 30
0.0
 11
62.14082768260411
 21
108.0750328417249
 31
0.0
  0
LINE
  5
DB
330
1F
100
AcDbEntity
  8
01_ROOMS$basement_rooms
100
AcDbLine
 10
62.14082768260411
 20
108.0750328417249
 30
0.0
 11
41.98051825762482
 21
108.0750328417249
 31
0.0
  0
LINE
  5
DC
330
1F
100
AcDbEntity
  8
01_ROOMS$basement_rooms
100
AcDbLine
 10
41.98051825762482
 20
108.0750328417249
 30
0.0
 11
41.98051825762482
 21
117.5717544474822
 31
0.0
  0
LINE
  5
DD
330
1F
100
AcDbEntity
  8
01_ROOMS$basement_rooms
100
AcDbLine
 10
41.98051825762482
 20
117.5717544474822
 30
0.0
 11
62.14082768260411
 21
117.5717544474822
 31
0.0
  0
LINE
  5
DE
330
1F
100
AcDbEntity
  8
01_ROOMS$basement_rooms
100
AcDbLine
 10
-67.01915772762962
 20
92.93077912521636
 30
0.0
 11
-44.76437575668109
 21
92.93077912521636
 31
0.0
  0
LINE
  5
DF
330
1F
100
AcDbEntity
  8
01_ROOMS$basement_rooms
100
AcDbLine
 10
-44.76437575668109
 20
92.93077912521636
 30
0.0
 11
-44.76437575668109
 21
97.24631271429321
 31
0.0
  0
LINE
  5
E0
330
1F
100
AcDbEntity
  8
01_ROOMS$basement_rooms
100
AcDbLine
 10
-44.76437575668109
 20
97.24631271429321
 30
0.0
 11
-67.01915772762962
 21
97.24631271429321
 31
0.0
  0
LINE
  5
E1
330
1F
100
AcDbEntity
  8
01_ROOMS$basement_rooms
100
AcDbLine
 10
-67.01915772762962
 20
97.24631271429321
 30
0.0
 11
-67.01915772762962
 21
92.93077912521636
 31
0.0
  0
LINE
  5
E2
330
1F
100
AcDbEntity
  8
01_ROOMS$basement_rooms
100
AcDbLine
 10
-67.01915772762962
 20
117.5717544474822
 30
0.0
 11
-67.01915772762962
 21
98.15903442257947
 31
0.0
  0
LINE
  5
E3
330
1F
100
AcDbEntity
  8
01_ROOMS$basement_rooms
100
AcDbLine
 10
-67.01915772762962
 20
98.15903442257947
 30
0.0
 11
-44.76437575668109
 21
98.15903442257947
 31
0.0
  0
LINE
  5
E4
330
1F
100
AcDbEntity
  8
01_ROOMS$basement_rooms
100
AcDbLine
 10
-44.76437575668109
 20
98.15903442257947
 30
0.0
 11
-44.76437575668109
 21
107.1672703588606
 31
0.0
  0
LINE
  5
E5
330
1F
100
AcDbEntity
  8
01_ROOMS$basement_rooms
100
AcDbLine
 10
-44.76437575668109
 20
107.1672703588606
 30
0.0
 11
-46.83661490785411
 21
107.1672703588606
 31
0.0
  0
LINE
  5
E6
330
1F
100
AcDbEntity
  8
01_ROOMS$basement_rooms
100
AcDbLine
 10
-46.83661490785411
 20
107.1672703588606
 30
0.0
 11
-46.83661490785411
 21
117.5717544474822
 31
0.0
  0
LINE
  5
E7
330
1F
100
AcDbEntity
  8
01_ROOMS$basement_rooms
100
AcDbLine
 10
-46.83661490785411
 20
117.5717544474822
 30
0.0
 11
-67.01915772762962
 21
117.5717544474822
 31
0.0
  0
LINE
  5
E9
330
1F
100
AcDbEntity
  8
01_ROOMS$ground_rooms
100
AcDbLine
 10
282.8438645683604
 20
24.37221600215668
 30
0.0
 11
282.8438645683604
 21
33.86893760791395
 31
0.0
  0
LINE
  5
EA
330
1F
100
AcDbEntity
  8
01_ROOMS$ground_rooms
100
AcDbLine
 10
282.8438645683604
 20
33.86893760791395
 30
0.0
 11
274.0942874190643
 21
33.86893760791396
 31
0.0
  0
LINE
  5
EB
330
1F
100
AcDbEntity
  8
01_ROOMS$ground_rooms
100
AcDbLine
 10
274.0942874190643
 20
33.86893760791396
 30
0.0
 11
274.0942874190643
 21
24.37221600215668
 31
0.0
  0
LINE
  5
EC
330
1F
100
AcDbEntity
  8
01_ROOMS$ground_rooms
100
AcDbLine
 10
274.0942874190643
 20
24.37221600215668
 30
0.0
 11
282.8438645683604
 21
24.37221600215668
 31
0.0
  0
LINE
  5
ED
330
1F
100
AcDbEntity
  8
01_ROOMS$ground_rooms
100
AcDbLine
 10
273.3617557794257
 20
24.37221600215668
 30
0.0
 11
273.3617557794257
 21
33.86893760791396
 31
0.0
  0
LINE
  5
EE
330
1F
100
AcDbEntity
  8
01_ROOMS$ground_rooms
100
AcDbLine
 10
273.3617557794257
 20
33.86893760791396
 30
0.0
 11
265.5801741290769
 21
33.86893760791396
 31
0.0
  0
LINE
  5
EF
330
1F
100
AcDbEntity
  8
01_ROOMS$ground_rooms
100
AcDbLine
 10
265.5801741290769
 20
33.86893760791396
 30
0.0
 11
265.5801741290769
 21
24.37221600215668
 31
0.0
  0
LINE
  5
F0
330
1F
100
AcDbEntity
  8
01_ROOMS$ground_rooms
100
AcDbLine
 10
265.5801741290769
 20
24.37221600215668
 30
0.0
 11
273.3617557794257
 21
24.37221600215668
 31
0.0
  0
LINE
  5
F1
330
1F
100
AcDbEntity
  8
01_ROOMS$ground_rooms
100
AcDbLine
 10
241.9480061009853
 20
35.46924333844836
 30
0.0
 11
241.9480061009853
 21
28.62895601666146
 31
0.0
  0
LINE
  5
F2
330
1F
100
AcDbEntity
  8
01_ROOMS$ground_rooms
100
AcDbLine
 10
241.9480061009853
 20
28.62895601666146
 30
0.0
 11
254.8494601930826
 21
28.62895601666146
 31
0.0
  0
LINE
  5
F3
330
1F
100
AcDbEntity
  8
01_ROOMS$ground_rooms
100
AcDbLine
 10
254.8494601930826
 20
28.62895601666146
 30
0.0
 11
254.8494601930826
 21
34.28608949489691
 31
0.0
  0
LINE
  5
F4
330
1F
100
AcDbEntity
  8
01_ROOMS$ground_rooms
100
AcDbLine
 10
254.8494601930826
 20
34.28608949489691
 30
0.0
 11
253.011280960199
 21
34.28608949489691
 31
0.0
  0
LINE
  5
F5
330
1F
100
AcDbEntity
  8
01_ROOMS$ground_rooms
100
AcDbLine
 10
253.011280960199
 20
34.28608949489691
 30
0.0
 11
253.011280960199
 21
35.46924333844836
 31
0.0
  0
LINE
  5
F6
330
1F
100
AcDbEntity
  8
01_ROOMS$ground_rooms
100
AcDbLine
 10
253.011280960199
 20
35.46924333844836
 30
0.0
 11
241.9480061009853
 21
35.46924333844836
 31
0.0
  0
LINE
  5
F7
330
1F
100
AcDbEntity
  8
01_ROOMS$ground_rooms
100
AcDbLine
 10
234.5896923816283
 20
35.46924333844836
 30
0.0
 11
226.7810177998476
 21
35.46924333844836
 31
0.0
  0
LINE
  5
F8
330
1F
100
AcDbEntity
  8
01_ROOMS$ground_rooms
100
AcDbLine
 10
226.7810177998476
 20
35.46924333844836
 30
0.0
 11
226.7810177998476
 21
28.62895601666146
 31
0.0
  0
LINE
  5
F9
330
1F
100
AcDbEntity
  8
01_ROOMS$ground_rooms
100
AcDbLine
 10
226.7810177998476
 20
28.62895601666146
 30
0.0
 11
234.5896923816283
 21
28.62895601666146
 31
0.0
  0
LINE
  5
FA
330
1F
100
AcDbEntity
  8
01_ROOMS$ground_rooms
100
AcDbLine
 10
234.5896923816283
 20
28.62895601666146
 30
0.0
 11
234.5896923816283
 21
35.46924333844836
 31
0.0
  0
LINE
  5
FB
330
1F
100
AcDbEntity
  8
01_ROOMS$ground_rooms
100
AcDbLine
 10
241.5454188640734
 20
35.46924333844836
 30
0.0
 11
234.9636250013833
 21
35.46924333844836
 31
0.0
  0
LINE
  5
FC
330
1F
100
AcDbEntity
  8
01_ROOMS$ground_rooms
100
AcDbLine
 10
234.9636250013833
 20
35.46924333844836
 30
0.0
 11
234.9636250013833
 21
28.62895601666146
 31
0.0
  0
LINE
  5
FD
330
1F
100
AcDbEntity
  8
01_ROOMS$ground_rooms
100
AcDbLine
 10
234.9636250013833
 20
28.62895601666146
 30
0.0
 11
241.5454188640734
 21
28.62895601666146
 31
0.0
  0
LINE
  5
FE
330
1F
100
AcDbEntity
  8
01_ROOMS$ground_rooms
100
AcDbLine
 10
241.5454188640734
 20
28.62895601666146
 30
0.0
 11
241.5454188640734
 21
35.46924333844836
 31
0.0
  0
LINE
  5
FF
330
1F
100
AcDbEntity
  8
01_ROOMS$ground_rooms
100
AcDbLine
 10
224.1191498172471
 20
49.5805947011736
 30
0.0
 11
252.4948621474172
 21
49.5805947011736
 31
0.0
  0
LINE
  5
100
330
1F
100
AcDbEntity
  8
01_ROOMS$ground_rooms
100
AcDbLine
 10
252.4948621474172
 20
49.5805947011736
 30
0.0
 11
252.4948621474172
 21
44.79115534791534
 31
0.0
  0
LINE
  5
101
330
1F
100
AcDbEntity
  8
01_ROOMS$ground_rooms
100
AcDbLine
 10
252.4948621474172
 20
44.79115534791534
 30
0.0
 11
224.1191498172471
 21
44.79115534791534
 31
0.0
  0
LINE
  5
102
330
1F
100
AcDbEntity
  8
01_ROOMS$ground_rooms
100
AcDbLine
 10
224.1191498172471
 20
44.79115534791534
 30
0.0
 11
224.1191498172471
 21
49.5805947011736
 31
0.0
  0
LINE
  5
103
330
1F
100
AcDbEntity
  8
01_ROOMS$ground_rooms
100
AcDbLine
 10
194.9823248624137
 20
35.46924333844836
 30
0.0
 11
201.5641187251037
 21
35.46924333844836
 31
0.0
  0
LINE
  5
104
330
1F
100
AcDbEntity
  8
01_ROOMS$ground_rooms
100
AcDbLine
 10
201.5641187251037
 20
35.46924333844836
 30
0.0
 11
201.5641187251037
 21
28.62895601666146
 31
0.0
  0
LINE
  5
105
330
1F
100
AcDbEntity
  8
01_ROOMS$ground_rooms
100
AcDbLine
 10
201.5641187251037
 20
28.62895601666146
 30
0.0
 11
194.9823248624137
 21
28.62895601666146
 31
0.0
  0
LINE
  5
106
330
1F
100
AcDbEntity
  8
01_ROOMS$ground_rooms
100
AcDbLine
 10
194.9823248624137
 20
28.62895601666146
 30
0.0
 11
194.9823248624137
 21
35.46924333844836
 31
0.0
  0
LINE
  5
107
330
1F
100
AcDbEntity
  8
01_ROOMS$ground_rooms
100
AcDbLine
 10
184.4059878550943
 20
35.46924333844836
 30
0.0
 11
184.4059878550943
 21
28.62895601666146
 31
0.0
  0
LINE
  5
108
330
1F
100
AcDbEntity
  8
01_ROOMS$ground_rooms
100
AcDbLine
 10
184.4059878550943
 20
28.62895601666146
 30
0.0
 11
194.5797376255018
 21
28.62895601666146
 31
0.0
  0
LINE
  5
109
330
1F
100
AcDbEntity
  8
01_ROOMS$ground_rooms
100
AcDbLine
 10
194.5797376255018
 20
28.62895601666146
 30
0.0
 11
194.5797376255017
 21
35.46924333844836
 31
0.0
  0
LINE
  5
10A
330
1F
100
AcDbEntity
  8
01_ROOMS$ground_rooms
100
AcDbLine
 10
194.5797376255017
 20
35.46924333844836
 30
0.0
 11
184.4059878550943
 21
35.46924333844836
 31
0.0
  0
LINE
  5
10B
330
1F
100
AcDbEntity
  8
01_ROOMS$ground_rooms
100
AcDbLine
 10
198.7006179833442
 20
49.5805947011736
 30
0.0
 11
212.4859532003797
 21
49.5805947011736
 31
0.0
  0
LINE
  5
10C
330
1F
100
AcDbEntity
  8
01_ROOMS$ground_rooms
100
AcDbLine
 10
212.4859532003797
 20
49.5805947011736
 30
0.0
 11
212.4859532003797
 21
44.79115534791534
 31
0.0
  0
LINE
  5
10D
330
1F
100
AcDbEntity
  8
01_ROOMS$ground_rooms
100
AcDbLine
 10
212.4859532003797
 20
44.79115534791534
 30
0.0
 11
198.7006179833442
 21
44.79115534791534
 31
0.0
  0
LINE
  5
10E
330
1F
100
AcDbEntity
  8
01_ROOMS$ground_rooms
100
AcDbLine
 10
198.7006179833442
 20
44.79115534791534
 30
0.0
 11
198.7006179833442
 21
49.5805947011736
 31
0.0
  0
LINE
  5
10F
330
1F
100
AcDbEntity
  8
01_ROOMS$ground_rooms
100
AcDbLine
 10
153.6838791581267
 20
49.01319132442251
 30
0.0
 11
175.9386611290752
 21
49.01319132442251
 31
0.0
  0
LINE
  5
110
330
1F
100
AcDbEntity
  8
01_ROOMS$ground_rooms
100
AcDbLine
 10
175.9386611290752
 20
49.01319132442251
 30
0.0
 11
175.9386611290752
 21
44.69765773534566
 31
0.0
  0
LINE
  5
111
330
1F
100
AcDbEntity
  8
01_ROOMS$ground_rooms
100
AcDbLine
 10
175.9386611290752
 20
44.69765773534566
 30
0.0
 11
153.6838791581267
 21
44.69765773534566
 31
0.0
  0
LINE
  5
112
330
1F
100
AcDbEntity
  8
01_ROOMS$ground_rooms
100
AcDbLine
 10
153.6838791581267
 20
44.69765773534566
 30
0.0
 11
153.6838791581267
 21
49.01319132442251
 31
0.0
  0
LINE
  5
113
330
1F
100
AcDbEntity
  8
01_ROOMS$ground_rooms
100
AcDbLine
 10
274.53204877691
 20
50.13757310725101
 30
0.0
 11
260.5890825974119
 21
50.13757310725101
 31
0.0
  0
LINE
  5
114
330
1F
100
AcDbEntity
  8
01_ROOMS$ground_rooms
100
AcDbLine
 10
260.5890825974119
 20
50.13757310725101
 30
0.0
 11
260.5890825974119
 21
65.49544696941011
 31
0.0
  0
LINE
  5
115
330
1F
100
AcDbEntity
  8
01_ROOMS$ground_rooms
100
AcDbLine
 10
260.5890825974119
 20
65.49544696941011
 30
0.0
 11
274.53204877691
 21
65.49544696941011
 31
0.0
  0
LINE
  5
116
330
1F
100
AcDbEntity
  8
01_ROOMS$ground_rooms
100
AcDbLine
 10
274.53204877691
 20
65.49544696941011
 30
0.0
 11
274.53204877691
 21
50.13757310725101
 31
0.0
  0
LINE
  5
117
330
1F
100
AcDbEntity
  8
01_ROOMS$ground_rooms
100
AcDbLine
 10
274.53204877691
 20
66.06935205583517
 30
0.0
 11
260.5890825974119
 21
66.06935205583517
 31
0.0
  0
LINE
  5
118
330
1F
100
AcDbEntity
  8
01_ROOMS$ground_rooms
100
AcDbLine
 10
260.5890825974119
 20
66.06935205583517
 30
0.0
 11
260.5890825974119
 21
75.28697676848968
 31
0.0
  0
LINE
  5
119
330
1F
100
AcDbEntity
  8
01_ROOMS$ground_rooms
100
AcDbLine
 10
260.5890825974119
 20
75.28697676848968
 30
0.0
 11
274.53204877691
 21
75.28697676848968
 31
0.0
  0
LINE
  5
11A
330
1F
100
AcDbEntity
  8
01_ROOMS$ground_rooms
100
AcDbLine
 10
274.53204877691
 20
75.28697676848968
 30
0.0
 11
274.53204877691
 21
66.06935205583517
 31
0.0
  0
LINE
  5
11B
330
1F
100
AcDbEntity
  8
01_ROOMS$ground_rooms
100
AcDbLine
 10
274.53204877691
 20
76.02955118733854
 30
0.0
 11
260.5890825974119
 21
76.02955118733854
 31
0.0
  0
LINE
  5
11C
330
1F
100
AcDbEntity
  8
01_ROOMS$ground_rooms
100
AcDbLine
 10
260.5890825974119
 20
76.02955118733854
 30
0.0
 11
260.5890825974119
 21
91.38163181152623
 31
0.0
  0
LINE
  5
11D
330
1F
100
AcDbEntity
  8
01_ROOMS$ground_rooms
100
AcDbLine
 10
260.5890825974119
 20
91.38163181152623
 30
0.0
 11
274.53204877691
 21
91.38163181152623
 31
0.0
  0
LINE
  5
11E
330
1F
100
AcDbEntity
  8
01_ROOMS$ground_rooms
100
AcDbLine
 10
274.53204877691
 20
91.38163181152623
 30
0.0
 11
274.53204877691
 21
76.02955118733854
 31
0.0
  0
LINE
  5
11F
330
1F
100
AcDbEntity
  8
01_ROOMS$ground_rooms
100
AcDbLine
 10
213.9346480351734
 20
106.0876219281561
 30
0.0
 11
222.5930956913136
 21
106.0876219281561
 31
0.0
  0
LINE
  5
120
330
1F
100
AcDbEntity
  8
01_ROOMS$ground_rooms
100
AcDbLine
 10
222.5930956913136
 20
106.0876219281561
 30
0.0
 11
222.5930956913136
 21
117.1117679060915
 31
0.0
  0
LINE
  5
121
330
1F
100
AcDbEntity
  8
01_ROOMS$ground_rooms
100
AcDbLine
 10
222.5930956913136
 20
117.1117679060915
 30
0.0
 11
213.9346480351734
 21
117.1117679060915
 31
0.0
  0
LINE
  5
122
330
1F
100
AcDbEntity
  8
01_ROOMS$ground_rooms
100
AcDbLine
 10
213.9346480351734
 20
117.1117679060915
 30
0.0
 11
213.9346480351734
 21
106.0876219281561
 31
0.0
  0
LINE
  5
123
330
1F
100
AcDbEntity
  8
01_ROOMS$ground_rooms
100
AcDbLine
 10
237.8271257431429
 20
92.02471168858227
 30
0.0
 11
220.4704240764324
 21
92.02471168858227
 31
0.0
  0
LINE
  5
124
330
1F
100
AcDbEntity
  8
01_ROOMS$ground_rooms
100
AcDbLine
 10
220.4704240764324
 20
92.02471168858227
 30
0.0
 11
220.4704240764324
 21
96.81415104184053
 31
0.0
  0
LINE
  5
125
330
1F
100
AcDbEntity
  8
01_ROOMS$ground_rooms
100
AcDbLine
 10
220.4704240764324
 20
96.81415104184053
 30
0.0
 11
237.8271257431429
 21
96.81415104184053
 31
0.0
  0
LINE
  5
126
330
1F
100
AcDbEntity
  8
01_ROOMS$ground_rooms
100
AcDbLine
 10
237.8271257431429
 20
96.81415104184053
 30
0.0
 11
237.8271257431429
 21
92.02471168858227
 31
0.0
  0
LINE
  5
127
330
1F
100
AcDbEntity
  8
01_ROOMS$ground_rooms
100
AcDbLine
 10
252.5099931760543
 20
92.02471168858227
 30
0.0
 11
238.3325692413633
 21
92.02471168858227
 31
0.0
  0
LINE
  5
128
330
1F
100
AcDbEntity
  8
01_ROOMS$ground_rooms
100
AcDbLine
 10
238.3325692413633
 20
92.02471168858227
 30
0.0
 11
238.3325692413633
 21
96.81415104184053
 31
0.0
  0
LINE
  5
129
330
1F
100
AcDbEntity
  8
01_ROOMS$ground_rooms
100
AcDbLine
 10
238.3325692413633
 20
96.81415104184053
 30
0.0
 11
252.5099931760543
 21
96.81415104184053
 31
0.0
  0
LINE
  5
12A
330
1F
100
AcDbEntity
  8
01_ROOMS$ground_rooms
100
AcDbLine
 10
252.5099931760543
 20
96.81415104184053
 30
0.0
 11
252.5099931760543
 21
92.02471168858227
 31
0.0
  0
LINE
  5
12B
330
1F
100
AcDbEntity
  8
01_ROOMS$ground_rooms
100
AcDbLine
 10
282.8438645683604
 20
92.59211506533336
 30
0.0
 11
260.5890825974119
 21
92.59211506533336
 31
0.0
  0
LINE
  5
12C
330
1F
100
AcDbEntity
  8
01_ROOMS$ground_rooms
100
AcDbLine
 10
260.5890825974119
 20
92.59211506533336
 30
0.0
 11
260.5890825974119
 21
96.90764865441021
 31
0.0
  0
LINE
  5
12D
330
1F
100
AcDbEntity
  8
01_ROOMS$ground_rooms
100
AcDbLine
 10
260.5890825974119
 20
96.90764865441021
 30
0.0
 11
282.8438645683604
 21
96.90764865441021
 31
0.0
  0
LINE
  5
12E
330
1F
100
AcDbEntity
  8
01_ROOMS$ground_rooms
100
AcDbLine
 10
282.8438645683604
 20
96.90764865441021
 30
0.0
 11
282.8438645683604
 21
92.59211506533336
 31
0.0
  0
LINE
  5
12F
330
1F
100
AcDbEntity
  8
01_ROOMS$ground_rooms
100
AcDbLine
 10
233.4941894813831
 20
106.0876219281561
 30
0.0
 11
223.6650193099967
 21
106.0876219281561
 31
0.0
  0
LINE
  5
130
330
1F
100
AcDbEntity
  8
01_ROOMS$ground_rooms
100
AcDbLine
 10
223.6650193099967
 20
106.0876219281561
 30
0.0
 11
223.6650193099967
 21
114.5814804465528
 31
0.0
  0
LINE
  5
131
330
1F
100
AcDbEntity
  8
01_ROOMS$ground_rooms
100
AcDbLine
 10
223.6650193099967
 20
114.5814804465528
 30
0.0
 11
233.4941894813831
 21
114.5814804465528
 31
0.0
  0
LINE
  5
132
330
1F
100
AcDbEntity
  8
01_ROOMS$ground_rooms
100
AcDbLine
 10
233.4941894813831
 20
114.5814804465528
 30
0.0
 11
233.4941894813831
 21
106.0876219281561
 31
0.0
  0
LINE
  5
133
330
1F
100
AcDbEntity
  8
01_ROOMS$ground_rooms
100
AcDbLine
 10
261.9069655339022
 20
117.2330903875992
 30
0.0
 11
257.2551523766949
 21
117.2330903875992
 31
0.0
  0
LINE
  5
134
330
1F
100
AcDbEntity
  8
01_ROOMS$ground_rooms
100
AcDbLine
 10
257.2551523766949
 20
117.2330903875992
 30
0.0
 11
257.2551523766949
 21
107.7363687818419
 31
0.0
  0
LINE
  5
135
330
1F
100
AcDbEntity
  8
01_ROOMS$ground_rooms
100
AcDbLine
 10
257.2551523766949
 20
107.7363687818419
 30
0.0
 11
261.9069655339022
 21
107.7363687818419
 31
0.0
  0
LINE
  5
136
330
1F
100
AcDbEntity
  8
01_ROOMS$ground_rooms
100
AcDbLine
 10
261.9069655339022
 20
107.7363687818419
 30
0.0
 11
261.9069655339022
 21
117.2330903875992
 31
0.0
  0
LINE
  5
137
330
1F
100
AcDbEntity
  8
01_ROOMS$ground_rooms
100
AcDbLine
 10
282.8438645683604
 20
117.2330903875992
 30
0.0
 11
282.8438645683604
 21
107.7363687818419
 31
0.0
  0
LINE
  5
138
330
1F
100
AcDbEntity
  8
01_ROOMS$ground_rooms
100
AcDbLine
 10
282.8438645683604
 20
107.7363687818419
 30
0.0
 11
262.6835551433811
 21
107.7363687818419
 31
0.0
  0
LINE
  5
139
330
1F
100
AcDbEntity
  8
01_ROOMS$ground_rooms
100
AcDbLine
 10
262.6835551433811
 20
107.7363687818419
 30
0.0
 11
262.6835551433811
 21
117.2330903875992
 31
0.0
  0
LINE
  5
13A
330
1F
100
AcDbEntity
  8
01_ROOMS$ground_rooms
100
AcDbLine
 10
262.6835551433811
 20
117.2330903875992
 30
0.0
 11
282.8438645683604
 21
117.2330903875992
 31
0.0
  0
LINE
  5
13B
330
1F
100
AcDbEntity
  8
01_ROOMS$ground_rooms
100
AcDbLine
 10
161.9956949495771
 20
50.13757310725101
 30
0.0
 11
175.9386611290752
 21
50.13757310725101
 31
0.0
  0
LINE
  5
13C
330
1F
100
AcDbEntity
  8
01_ROOMS$ground_rooms
100
AcDbLine
 10
175.9386611290752
 20
50.13757310725101
 30
0.0
 11
175.9386611290752
 21
65.02619469372739
 31
0.0
  0
LINE
  5
13D
330
1F
100
AcDbEntity
  8
01_ROOMS$ground_rooms
100
AcDbLine
 10
175.9386611290752
 20
65.02619469372739
 30
0.0
 11
161.9956949495771
 21
65.02619469372739
 31
0.0
  0
LINE
  5
13E
330
1F
100
AcDbEntity
  8
01_ROOMS$ground_rooms
100
AcDbLine
 10
161.9956949495771
 20
65.02619469372739
 30
0.0
 11
161.9956949495771
 21
50.13757310725101
 31
0.0
  0
LINE
  5
13F
330
1F
100
AcDbEntity
  8
01_ROOMS$ground_rooms
100
AcDbLine
 10
161.9956949495771
 20
76.49301022504986
 30
0.0
 11
175.9386611290752
 21
76.49301022504986
 31
0.0
  0
LINE
  5
140
330
1F
100
AcDbEntity
  8
01_ROOMS$ground_rooms
100
AcDbLine
 10
175.9386611290752
 20
76.49301022504986
 30
0.0
 11
175.9386611290752
 21
91.38163181152623
 31
0.0
  0
LINE
  5
141
330
1F
100
AcDbEntity
  8
01_ROOMS$ground_rooms
100
AcDbLine
 10
175.9386611290752
 20
91.38163181152623
 30
0.0
 11
161.9956949495771
 21
91.38163181152623
 31
0.0
  0
LINE
  5
142
330
1F
100
AcDbEntity
  8
01_ROOMS$ground_rooms
100
AcDbLine
 10
161.9956949495771
 20
91.38163181152623
 30
0.0
 11
161.9956949495771
 21
76.49301022504986
 31
0.0
  0
LINE
  5
143
330
1F
100
AcDbEntity
  8
01_ROOMS$ground_rooms
100
AcDbLine
 10
198.7006179833442
 20
92.02471168858227
 30
0.0
 11
216.0573196500547
 21
92.02471168858227
 31
0.0
  0
LINE
  5
144
330
1F
100
AcDbEntity
  8
01_ROOMS$ground_rooms
100
AcDbLine
 10
216.0573196500547
 20
92.02471168858227
 30
0.0
 11
216.0573196500547
 21
96.81415104184053
 31
0.0
  0
LINE
  5
145
330
1F
100
AcDbEntity
  8
01_ROOMS$ground_rooms
100
AcDbLine
 10
216.0573196500547
 20
96.81415104184053
 30
0.0
 11
198.7006179833442
 21
96.81415104184053
 31
0.0
  0
LINE
  5
146
330
1F
100
AcDbEntity
  8
01_ROOMS$ground_rooms
100
AcDbLine
 10
198.7006179833442
 20
96.81415104184053
 30
0.0
 11
198.7006179833442
 21
92.02471168858227
 31
0.0
  0
LINE
  5
147
330
1F
100
AcDbEntity
  8
01_ROOMS$ground_rooms
100
AcDbLine
 10
184.0177505504328
 20
92.02471168858227
 30
0.0
 11
198.1951744851237
 21
92.02471168858227
 31
0.0
  0
LINE
  5
148
330
1F
100
AcDbEntity
  8
01_ROOMS$ground_rooms
100
AcDbLine
 10
198.1951744851237
 20
92.02471168858227
 30
0.0
 11
198.1951744851237
 21
96.81415104184053
 31
0.0
  0
LINE
  5
149
330
1F
100
AcDbEntity
  8
01_ROOMS$ground_rooms
100
AcDbLine
 10
198.1951744851237
 20
96.81415104184053
 30
0.0
 11
184.0177505504328
 21
96.81415104184053
 31
0.0
  0
LINE
  5
14A
330
1F
100
AcDbEntity
  8
01_ROOMS$ground_rooms
100
AcDbLine
 10
184.0177505504328
 20
96.81415104184053
 30
0.0
 11
184.0177505504328
 21
92.02471168858227
 31
0.0
  0
LINE
  5
14B
330
1F
100
AcDbEntity
  8
01_ROOMS$ground_rooms
100
AcDbLine
 10
153.6838791581267
 20
92.59211506533336
 30
0.0
 11
175.9386611290752
 21
92.59211506533336
 31
0.0
  0
LINE
  5
14C
330
1F
100
AcDbEntity
  8
01_ROOMS$ground_rooms
100
AcDbLine
 10
175.9386611290752
 20
92.59211506533336
 30
0.0
 11
175.9386611290752
 21
96.90764865441021
 31
0.0
  0
LINE
  5
14D
330
1F
100
AcDbEntity
  8
01_ROOMS$ground_rooms
100
AcDbLine
 10
175.9386611290752
 20
96.90764865441021
 30
0.0
 11
153.6838791581267
 21
96.90764865441021
 31
0.0
  0
LINE
  5
14E
330
1F
100
AcDbEntity
  8
01_ROOMS$ground_rooms
100
AcDbLine
 10
153.6838791581267
 20
96.90764865441021
 30
0.0
 11
153.6838791581267
 21
92.59211506533336
 31
0.0
  0
LINE
  5
14F
330
1F
100
AcDbEntity
  8
01_ROOMS$ground_rooms
100
AcDbLine
 10
203.033554245104
 20
106.0876219281561
 30
0.0
 11
212.8627244164904
 21
106.0876219281561
 31
0.0
  0
LINE
  5
150
330
1F
100
AcDbEntity
  8
01_ROOMS$ground_rooms
100
AcDbLine
 10
212.8627244164904
 20
106.0876219281561
 30
0.0
 11
212.8627244164904
 21
114.5814804465528
 31
0.0
  0
LINE
  5
151
330
1F
100
AcDbEntity
  8
01_ROOMS$ground_rooms
100
AcDbLine
 10
212.8627244164904
 20
114.5814804465528
 30
0.0
 11
203.033554245104
 21
114.5814804465528
 31
0.0
  0
LINE
  5
152
330
1F
100
AcDbEntity
  8
01_ROOMS$ground_rooms
100
AcDbLine
 10
203.033554245104
 20
114.5814804465528
 30
0.0
 11
203.033554245104
 21
106.0876219281561
 31
0.0
  0
LINE
  5
153
330
1F
100
AcDbEntity
  8
01_ROOMS$ground_rooms
100
AcDbLine
 10
193.2719003175502
 20
106.1360630513075
 30
0.0
 11
201.8384366136089
 21
106.1360630513075
 31
0.0
  0
LINE
  5
154
330
1F
100
AcDbEntity
  8
01_ROOMS$ground_rooms
100
AcDbLine
 10
201.8384366136089
 20
106.1360630513075
 30
0.0
 11
201.8384366136089
 21
112.9763503730944
 31
0.0
  0
LINE
  5
155
330
1F
100
AcDbEntity
  8
01_ROOMS$ground_rooms
100
AcDbLine
 10
201.8384366136089
 20
112.9763503730944
 30
0.0
 11
193.2719003175502
 21
112.9763503730944
 31
0.0
  0
LINE
  5
156
330
1F
100
AcDbEntity
  8
01_ROOMS$ground_rooms
100
AcDbLine
 10
193.2719003175502
 20
112.9763503730944
 30
0.0
 11
193.2719003175502
 21
106.1360630513075
 31
0.0
  0
LINE
  5
157
330
1F
100
AcDbEntity
  8
01_ROOMS$ground_rooms
100
AcDbLine
 10
184.5425090516941
 20
106.1360630513075
 30
0.0
 11
184.5425090516941
 21
112.9763503730944
 31
0.0
  0
LINE
  5
158
330
1F
100
AcDbEntity
  8
01_ROOMS$ground_rooms
100
AcDbLine
 10
184.5425090516941
 20
112.9763503730944
 30
0.0
 11
193.2719003175502
 21
112.9763503730944
 31
0.0
  0
LINE
  5
159
330
1F
100
AcDbEntity
  8
01_ROOMS$ground_rooms
100
AcDbLine
 10
193.2719003175502
 20
112.9763503730944
 30
0.0
 11
193.2719003175501
 21
106.1360630513075
 31
0.0
  0
LINE
  5
15A
330
1F
100
AcDbEntity
  8
01_ROOMS$ground_rooms
100
AcDbLine
 10
193.2719003175501
 20
106.1360630513075
 30
0.0
 11
184.5425090516941
 21
106.1360630513075
 31
0.0
  0
LINE
  5
15B
330
1F
100
AcDbEntity
  8
01_ROOMS$ground_rooms
100
AcDbLine
 10
174.6207781925849
 20
117.2330903875992
 30
0.0
 11
179.2725913497922
 21
117.2330903875992
 31
0.0
  0
LINE
  5
15C
330
1F
100
AcDbEntity
  8
01_ROOMS$ground_rooms
100
AcDbLine
 10
179.2725913497922
 20
117.2330903875992
 30
0.0
 11
179.2725913497922
 21
107.7363687818419
 31
0.0
  0
LINE
  5
15D
330
1F
100
AcDbEntity
  8
01_ROOMS$ground_rooms
100
AcDbLine
 10
179.2725913497922
 20
107.7363687818419
 30
0.0
 11
174.6207781925849
 21
107.7363687818419
 31
0.0
  0
LINE
  5
15E
330
1F
100
AcDbEntity
  8
01_ROOMS$ground_rooms
100
AcDbLine
 10
174.6207781925849
 20
107.7363687818419
 30
0.0
 11
174.6207781925849
 21
117.2330903875992
 31
0.0
  0
LINE
  5
15F
330
1F
100
AcDbEntity
  8
01_ROOMS$ground_rooms
100
AcDbLine
 10
153.6838791581267
 20
117.2330903875992
 30
0.0
 11
153.6838791581267
 21
107.7363687818419
 31
0.0
  0
LINE
  5
160
330
1F
100
AcDbEntity
  8
01_ROOMS$ground_rooms
100
AcDbLine
 10
153.6838791581267
 20
107.7363687818419
 30
0.0
 11
173.844188583106
 21
107.7363687818419
 31
0.0
  0
LINE
  5
161
330
1F
100
AcDbEntity
  8
01_ROOMS$ground_rooms
100
AcDbLine
 10
173.844188583106
 20
107.7363687818419
 30
0.0
 11
173.844188583106
 21
117.2330903875992
 31
0.0
  0
LINE
  5
162
330
1F
100
AcDbEntity
  8
01_ROOMS$ground_rooms
100
AcDbLine
 10
173.844188583106
 20
117.2330903875992
 30
0.0
 11
153.6838791581267
 21
117.2330903875992
 31
0.0
  0
LINE
  5
163
330
1F
100
AcDbEntity
  8
01_ROOMS$ground_rooms
100
AcDbLine
 10
282.8438645683604
 20
49.01319132442251
 30
0.0
 11
275.394024079859
 21
49.01319132442251
 31
0.0
  0
LINE
  5
164
330
1F
100
AcDbEntity
  8
01_ROOMS$ground_rooms
100
AcDbLine
 10
275.394024079859
 20
49.01319132442251
 30
0.0
 11
275.394024079859
 21
44.69765773534566
 31
0.0
  0
LINE
  5
165
330
1F
100
AcDbEntity
  8
01_ROOMS$ground_rooms
100
AcDbLine
 10
275.394024079859
 20
44.69765773534566
 30
0.0
 11
282.8438645683604
 21
44.69765773534566
 31
0.0
  0
LINE
  5
166
330
1F
100
AcDbEntity
  8
01_ROOMS$ground_rooms
100
AcDbLine
 10
282.8438645683604
 20
44.69765773534566
 30
0.0
 11
282.8438645683604
 21
49.01319132442251
 31
0.0
  0
LINE
  5
167
330
1F
100
AcDbEntity
  8
01_ROOMS$ground_rooms
100
AcDbLine
 10
183.8493236802531
 20
50.66149476543632
 30
0.0
 11
252.7876750503851
 21
50.66149476543632
 31
0.0
  0
LINE
  5
168
330
1F
100
AcDbEntity
  8
01_ROOMS$ground_rooms
100
AcDbLine
 10
252.7876750503851
 20
50.66149476543632
 30
0.0
 11
252.7876750503851
 21
90.79526327660902
 31
0.0
  0
LINE
  5
169
330
1F
100
AcDbEntity
  8
01_ROOMS$ground_rooms
100
AcDbLine
 10
252.7876750503851
 20
90.79526327660902
 30
0.0
 11
183.8493236802531
 21
90.79526327660902
 31
0.0
  0
LINE
  5
16A
330
1F
100
AcDbEntity
  8
01_ROOMS$ground_rooms
100
AcDbLine
 10
183.8493236802531
 20
90.79526327660902
 30
0.0
 11
183.8493236802531
 21
50.66149476543632
 31
0.0
  0
LINE
  5
16B
330
1F
100
AcDbEntity
  8
01_ROOMS$ground_rooms
100
AcDbLine
 10
201.9380513448587
 20
35.46924333844836
 30
0.0
 11
205.3756409786544
 21
35.46924333844836
 31
0.0
  0
LINE
  5
16C
330
1F
100
AcDbEntity
  8
01_ROOMS$ground_rooms
100
AcDbLine
 10
205.3756409786544
 20
35.46924333844836
 30
0.0
 11
205.3756409786544
 21
28.62895601666146
 31
0.0
  0
LINE
  5
16D
330
1F
100
AcDbEntity
  8
01_ROOMS$ground_rooms
100
AcDbLine
 10
205.3756409786544
 20
28.62895601666146
 30
0.0
 11
201.9380513448587
 21
28.62895601666146
 31
0.0
  0
LINE
  5
16E
330
1F
100
AcDbEntity
  8
01_ROOMS$ground_rooms
100
AcDbLine
 10
201.9380513448587
 20
28.62895601666146
 30
0.0
 11
201.9380513448587
 21
35.46924333844836
 31
0.0
  0
LINE
  5
16F
330
1F
100
AcDbEntity
  8
01_ROOMS$ground_rooms
100
AcDbLine
 10
205.8530230808801
 20
35.46924333844836
 30
0.0
 11
209.7087164923092
 21
35.46924333844836
 31
0.0
  0
LINE
  5
170
330
1F
100
AcDbEntity
  8
01_ROOMS$ground_rooms
100
AcDbLine
 10
209.7087164923092
 20
35.46924333844836
 30
0.0
 11
209.7087164923092
 21
28.62895601666146
 31
0.0
  0
LINE
  5
171
330
1F
100
AcDbEntity
  8
01_ROOMS$ground_rooms
100
AcDbLine
 10
209.7087164923092
 20
28.62895601666146
 30
0.0
 11
205.8530230808801
 21
28.62895601666146
 31
0.0
  0
LINE
  5
172
330
1F
100
AcDbEntity
  8
01_ROOMS$ground_rooms
100
AcDbLine
 10
205.8530230808801
 20
28.62895601666146
 30
0.0
 11
205.8530230808801
 21
35.46924333844836
 31
0.0
  0
LINE
  5
173
330
1F
100
AcDbEntity
  8
01_ROOMS$ground_rooms
100
AcDbLine
 10
211.0001815523476
 20
28.62895601666146
 30
0.0
 11
213.7682984272642
 21
28.62895601666146
 31
0.0
  0
LINE
  5
174
330
1F
100
AcDbEntity
  8
01_ROOMS$ground_rooms
100
AcDbLine
 10
213.7682984272642
 20
28.62895601666146
 30
0.0
 11
213.7682984272642
 21
32.31125201715797
 31
0.0
  0
LINE
  5
175
330
1F
100
AcDbEntity
  8
01_ROOMS$ground_rooms
100
AcDbLine
 10
213.7682984272642
 20
32.31125201715797
 30
0.0
 11
211.0001815523476
 21
32.31125201715797
 31
0.0
  0
LINE
  5
176
330
1F
100
AcDbEntity
  8
01_ROOMS$ground_rooms
100
AcDbLine
 10
211.0001815523476
 20
32.31125201715797
 30
0.0
 11
211.0001815523476
 21
28.62895601666146
 31
0.0
  0
LINE
  5
177
330
1F
100
AcDbEntity
  8
01_ROOMS$ground_rooms
100
AcDbLine
 10
222.9921841531298
 20
28.62895601666146
 30
0.0
 11
225.7603010280463
 21
28.62895601666146
 31
0.0
  0
LINE
  5
178
330
1F
100
AcDbEntity
  8
01_ROOMS$ground_rooms
100
AcDbLine
 10
225.7603010280463
 20
28.62895601666146
 30
0.0
 11
225.7603010280463
 21
32.31125201715797
 31
0.0
  0
LINE
  5
179
330
1F
100
AcDbEntity
  8
01_ROOMS$ground_rooms
100
AcDbLine
 10
225.7603010280463
 20
32.31125201715797
 30
0.0
 11
222.9921841531298
 21
32.31125201715797
 31
0.0
  0
LINE
  5
17A
330
1F
100
AcDbEntity
  8
01_ROOMS$ground_rooms
100
AcDbLine
 10
222.9921841531298
 20
32.31125201715797
 30
0.0
 11
222.9921841531298
 21
28.62895601666146
 31
0.0
  0
LINE
  5
17B
330
1F
100
AcDbEntity
  8
01_ROOMS$ground_rooms
100
AcDbLine
 10
184.0177505504328
 20
49.5805947011736
 30
0.0
 11
190.3278142770601
 21
49.5805947011736
 31
0.0
  0
LINE
  5
17C
330
1F
100
AcDbEntity
  8
01_ROOMS$ground_rooms
100
AcDbLine
 10
190.3278142770601
 20
49.5805947011736
 30
0.0
 11
190.3278142770601
 21
44.79115534791534
 31
0.0
  0
LINE
  5
17D
330
1F
100
AcDbEntity
  8
01_ROOMS$ground_rooms
100
AcDbLine
 10
190.3278142770601
 20
44.79115534791534
 30
0.0
 11
184.0177505504328
 21
44.79115534791534
 31
0.0
  0
LINE
  5
17E
330
1F
100
AcDbEntity
  8
01_ROOMS$ground_rooms
100
AcDbLine
 10
184.0177505504328
 20
44.79115534791534
 30
0.0
 11
184.0177505504328
 21
49.5805947011736
 31
0.0
  0
LINE
  5
17F
330
1F
100
AcDbEntity
  8
01_ROOMS$ground_rooms
100
AcDbLine
 10
190.5933826895756
 20
49.5805947011736
 30
0.0
 11
198.2717860520938
 21
49.5805947011736
 31
0.0
  0
LINE
  5
180
330
1F
100
AcDbEntity
  8
01_ROOMS$ground_rooms
100
AcDbLine
 10
198.2717860520938
 20
49.5805947011736
 30
0.0
 11
198.2717860520938
 21
44.79115534791534
 31
0.0
  0
LINE
  5
181
330
1F
100
AcDbEntity
  8
01_ROOMS$ground_rooms
100
AcDbLine
 10
198.2717860520938
 20
44.79115534791534
 30
0.0
 11
190.5933826895756
 21
44.79115534791534
 31
0.0
  0
LINE
  5
182
330
1F
100
AcDbEntity
  8
01_ROOMS$ground_rooms
100
AcDbLine
 10
190.5933826895756
 20
44.79115534791534
 30
0.0
 11
190.5933826895756
 21
49.5805947011736
 31
0.0
  0
LINE
  5
184
330
1F
100
AcDbEntity
  8
01_ROOMS$floor1_rooms
100
AcDbLine
 10
383.5822768829454
 20
65.5922437794936
 30
0.0
 11
397.5252430624435
 21
65.5922437794936
 31
0.0
  0
LINE
  5
185
330
1F
100
AcDbEntity
  8
01_ROOMS$floor1_rooms
100
AcDbLine
 10
397.5252430624435
 20
65.5922437794936
 30
0.0
 11
397.5252430624435
 21
75.85592448962868
 31
0.0
  0
LINE
  5
186
330
1F
100
AcDbEntity
  8
01_ROOMS$floor1_rooms
100
AcDbLine
 10
397.5252430624435
 20
75.85592448962868
 30
0.0
 11
383.5822768829454
 21
75.85592448962868
 31
0.0
  0
LINE
  5
187
330
1F
100
AcDbEntity
  8
01_ROOMS$floor1_rooms
100
AcDbLine
 10
383.5822768829454
 20
75.85592448962868
 30
0.0
 11
383.5822768829454
 21
65.5922437794936
 31
0.0
  0
LINE
  5
188
330
1F
100
AcDbEntity
  8
01_ROOMS$floor1_rooms
100
AcDbLine
 10
384.2205392864306
 20
24.37221600215668
 30
0.0
 11
384.2205392864306
 21
33.86893760791396
 31
0.0
  0
LINE
  5
189
330
1F
100
AcDbEntity
  8
01_ROOMS$floor1_rooms
100
AcDbLine
 10
384.2205392864306
 20
33.86893760791396
 30
0.0
 11
392.5341515307785
 21
33.86893760791396
 31
0.0
  0
LINE
  5
18A
330
1F
100
AcDbEntity
  8
01_ROOMS$floor1_rooms
100
AcDbLine
 10
392.5341515307785
 20
33.86893760791396
 30
0.0
 11
392.5341515307784
 21
24.37221600215668
 31
0.0
  0
LINE
  5
18B
330
1F
100
AcDbEntity
  8
01_ROOMS$floor1_rooms
100
AcDbLine
 10
392.5341515307784
 20
24.37221600215668
 30
0.0
 11
384.2205392864306
 21
24.37221600215668
 31
0.0
  0
LINE
  5
18C
330
1F
100
AcDbEntity
  8
01_ROOMS$floor1_rooms
100
AcDbLine
 10
375.270461091495
 20
24.37221600215668
 30
0.0
 11
375.270461091495
 21
33.86893760791396
 31
0.0
  0
LINE
  5
18D
330
1F
100
AcDbEntity
  8
01_ROOMS$floor1_rooms
100
AcDbLine
 10
375.270461091495
 20
33.86893760791396
 30
0.0
 11
383.8564879140088
 21
33.86893760791396
 31
0.0
  0
LINE
  5
18E
330
1F
100
AcDbEntity
  8
01_ROOMS$floor1_rooms
100
AcDbLine
 10
383.8564879140088
 20
33.86893760791396
 30
0.0
 11
383.8564879140087
 21
24.37221600215668
 31
0.0
  0
LINE
  5
18F
330
1F
100
AcDbEntity
  8
01_ROOMS$floor1_rooms
100
AcDbLine
 10
383.8564879140087
 20
24.37221600215668
 30
0.0
 11
375.270461091495
 21
24.37221600215668
 31
0.0
  0
LINE
  5
190
330
1F
100
AcDbEntity
  8
01_ROOMS$floor1_rooms
100
AcDbLine
 10
406.2696585647304
 20
35.46924333844836
 30
0.0
 11
406.2696585647304
 21
28.62895601666146
 31
0.0
  0
LINE
  5
191
330
1F
100
AcDbEntity
  8
01_ROOMS$floor1_rooms
100
AcDbLine
 10
406.2696585647304
 20
28.62895601666146
 30
0.0
 11
416.443408335138
 21
28.62895601666146
 31
0.0
  0
LINE
  5
192
330
1F
100
AcDbEntity
  8
01_ROOMS$floor1_rooms
100
AcDbLine
 10
416.443408335138
 20
28.62895601666146
 30
0.0
 11
416.4434083351379
 21
35.46924333844836
 31
0.0
  0
LINE
  5
193
330
1F
100
AcDbEntity
  8
01_ROOMS$floor1_rooms
100
AcDbLine
 10
416.4434083351379
 20
35.46924333844836
 30
0.0
 11
406.2696585647304
 21
35.46924333844836
 31
0.0
  0
LINE
  5
194
330
1F
100
AcDbEntity
  8
01_ROOMS$floor1_rooms
100
AcDbLine
 10
416.8152079302424
 20
35.46924333844836
 30
0.0
 11
423.3970017929324
 21
35.46924333844836
 31
0.0
  0
LINE
  5
195
330
1F
100
AcDbEntity
  8
01_ROOMS$floor1_rooms
100
AcDbLine
 10
423.3970017929324
 20
35.46924333844836
 30
0.0
 11
423.3970017929324
 21
28.62895601666146
 31
0.0
  0
LINE
  5
196
330
1F
100
AcDbEntity
  8
01_ROOMS$floor1_rooms
100
AcDbLine
 10
423.3970017929324
 20
28.62895601666146
 30
0.0
 11
416.8152079302424
 21
28.62895601666146
 31
0.0
  0
LINE
  5
197
330
1F
100
AcDbEntity
  8
01_ROOMS$floor1_rooms
100
AcDbLine
 10
416.8152079302424
 20
28.62895601666146
 30
0.0
 11
416.8152079302424
 21
35.46924333844836
 31
0.0
  0
LINE
  5
198
330
1F
100
AcDbEntity
  8
01_ROOMS$floor1_rooms
100
AcDbLine
 10
423.9248726217251
 20
35.46924333844836
 30
0.0
 11
431.7335472035059
 21
35.46924333844836
 31
0.0
  0
LINE
  5
199
330
1F
100
AcDbEntity
  8
01_ROOMS$floor1_rooms
100
AcDbLine
 10
431.7335472035059
 20
35.46924333844836
 30
0.0
 11
431.7335472035059
 21
28.62895601666146
 31
0.0
  0
LINE
  5
19A
330
1F
100
AcDbEntity
  8
01_ROOMS$floor1_rooms
100
AcDbLine
 10
431.7335472035059
 20
28.62895601666146
 30
0.0
 11
423.9248726217251
 21
28.62895601666146
 31
0.0
  0
LINE
  5
19B
330
1F
100
AcDbEntity
  8
01_ROOMS$floor1_rooms
100
AcDbLine
 10
423.9248726217251
 20
28.62895601666146
 30
0.0
 11
423.9248726217251
 21
35.46924333844836
 31
0.0
  0
LINE
  5
19C
330
1F
100
AcDbEntity
  8
01_ROOMS$floor1_rooms
100
AcDbLine
 10
432.5141851464249
 20
28.62895601666146
 30
0.0
 11
447.1867224467989
 21
28.62895601666146
 31
0.0
  0
LINE
  5
19D
330
1F
100
AcDbEntity
  8
01_ROOMS$floor1_rooms
100
AcDbLine
 10
447.1867224467989
 20
28.62895601666146
 30
0.0
 11
447.1867224467989
 21
35.46924333844836
 31
0.0
  0
LINE
  5
19E
330
1F
100
AcDbEntity
  8
01_ROOMS$floor1_rooms
100
AcDbLine
 10
447.1867224467989
 20
35.46924333844836
 30
0.0
 11
432.5141851464249
 21
35.46924333844836
 31
0.0
  0
LINE
  5
19F
330
1F
100
AcDbEntity
  8
01_ROOMS$floor1_rooms
100
AcDbLine
 10
432.5141851464249
 20
35.46924333844836
 30
0.0
 11
432.5141851464249
 21
28.62895601666146
 31
0.0
  0
LINE
  5
1A0
330
1F
100
AcDbEntity
  8
01_ROOMS$floor1_rooms
100
AcDbLine
 10
462.9794227146367
 20
35.46924333844836
 30
0.0
 11
462.9794227146367
 21
28.62895601666146
 31
0.0
  0
LINE
  5
1A1
330
1F
100
AcDbEntity
  8
01_ROOMS$floor1_rooms
100
AcDbLine
 10
462.9794227146367
 20
28.62895601666146
 30
0.0
 11
476.4360421264509
 21
28.62895601666146
 31
0.0
  0
LINE
  5
1A2
330
1F
100
AcDbEntity
  8
01_ROOMS$floor1_rooms
100
AcDbLine
 10
476.4360421264509
 20
28.62895601666146
 30
0.0
 11
476.4360421264509
 21
34.28608949489691
 31
0.0
  0
LINE
  5
1A3
330
1F
100
AcDbEntity
  8
01_ROOMS$floor1_rooms
100
AcDbLine
 10
476.4360421264509
 20
34.28608949489691
 30
0.0
 11
474.5978628935673
 21
34.28608949489691
 31
0.0
  0
LINE
  5
1A4
330
1F
100
AcDbEntity
  8
01_ROOMS$floor1_rooms
100
AcDbLine
 10
474.5978628935673
 20
34.28608949489691
 30
0.0
 11
474.5978628935673
 21
35.46924333844836
 31
0.0
  0
LINE
  5
1A5
330
1F
100
AcDbEntity
  8
01_ROOMS$floor1_rooms
100
AcDbLine
 10
474.5978628935673
 20
35.46924333844836
 30
0.0
 11
462.9794227146367
 21
35.46924333844836
 31
0.0
  0
LINE
  5
1A6
330
1F
100
AcDbEntity
  8
01_ROOMS$floor1_rooms
100
AcDbLine
 10
462.4337370812465
 20
35.46924333844836
 30
0.0
 11
447.6578403011121
 21
35.46924333844836
 31
0.0
  0
LINE
  5
1A7
330
1F
100
AcDbEntity
  8
01_ROOMS$floor1_rooms
100
AcDbLine
 10
447.6578403011121
 20
35.46924333844836
 30
0.0
 11
447.6578403011121
 21
28.62895601666146
 31
0.0
  0
LINE
  5
1A8
330
1F
100
AcDbEntity
  8
01_ROOMS$floor1_rooms
100
AcDbLine
 10
447.6578403011121
 20
28.62895601666146
 30
0.0
 11
462.4337370812465
 21
28.62895601666146
 31
0.0
  0
LINE
  5
1A9
330
1F
100
AcDbEntity
  8
01_ROOMS$floor1_rooms
100
AcDbLine
 10
462.4337370812465
 20
28.62895601666146
 30
0.0
 11
462.4337370812465
 21
35.46924333844836
 31
0.0
  0
LINE
  5
1AA
330
1F
100
AcDbEntity
  8
01_ROOMS$floor1_rooms
100
AcDbLine
 10
504.4304465017287
 20
24.37221600215668
 30
0.0
 11
504.4304465017287
 21
33.86893760791395
 31
0.0
  0
LINE
  5
1AB
330
1F
100
AcDbEntity
  8
01_ROOMS$floor1_rooms
100
AcDbLine
 10
504.4304465017287
 20
33.86893760791395
 30
0.0
 11
487.1667560624452
 21
33.86893760791396
 31
0.0
  0
LINE
  5
1AC
330
1F
100
AcDbEntity
  8
01_ROOMS$floor1_rooms
100
AcDbLine
 10
487.1667560624452
 20
33.86893760791396
 30
0.0
 11
487.1667560624452
 21
24.37221600215668
 31
0.0
  0
LINE
  5
1AD
330
1F
100
AcDbEntity
  8
01_ROOMS$floor1_rooms
100
AcDbLine
 10
487.1667560624452
 20
24.37221600215668
 30
0.0
 11
504.4304465017287
 21
24.37221600215668
 31
0.0
  0
LINE
  5
1AE
330
1F
100
AcDbEntity
  8
01_ROOMS$floor1_rooms
100
AcDbLine
 10
494.2622744675245
 20
117.2330903875992
 30
0.0
 11
494.2622744675245
 21
107.7363687818419
 31
0.0
  0
LINE
  5
1AF
330
1F
100
AcDbEntity
  8
01_ROOMS$floor1_rooms
100
AcDbLine
 10
494.2622744675245
 20
107.7363687818419
 30
0.0
 11
484.2701370767494
 21
107.7363687818419
 31
0.0
  0
LINE
  5
1B0
330
1F
100
AcDbEntity
  8
01_ROOMS$floor1_rooms
100
AcDbLine
 10
484.2701370767494
 20
107.7363687818419
 30
0.0
 11
484.2701370767494
 21
117.2330903875992
 31
0.0
  0
LINE
  5
1B1
330
1F
100
AcDbEntity
  8
01_ROOMS$floor1_rooms
100
AcDbLine
 10
484.2701370767494
 20
117.2330903875992
 30
0.0
 11
494.2622744675245
 21
117.2330903875992
 31
0.0
  0
LINE
  5
1B2
330
1F
100
AcDbEntity
  8
01_ROOMS$floor1_rooms
100
AcDbLine
 10
504.4304465017287
 20
117.2330903875992
 30
0.0
 11
504.4304465017287
 21
107.7363687818419
 31
0.0
  0
LINE
  5
1B3
330
1F
100
AcDbEntity
  8
01_ROOMS$floor1_rooms
100
AcDbLine
 10
504.4304465017287
 20
107.7363687818419
 30
0.0
 11
494.5936871417697
 21
107.7363687818419
 31
0.0
  0
LINE
  5
1B4
330
1F
100
AcDbEntity
  8
01_ROOMS$floor1_rooms
100
AcDbLine
 10
494.5936871417697
 20
107.7363687818419
 30
0.0
 11
494.5936871417697
 21
117.2330903875992
 31
0.0
  0
LINE
  5
1B5
330
1F
100
AcDbEntity
  8
01_ROOMS$floor1_rooms
100
AcDbLine
 10
494.5936871417697
 20
117.2330903875992
 30
0.0
 11
504.4304465017287
 21
117.2330903875992
 31
0.0
  0
LINE
  5
1B6
330
1F
100
AcDbEntity
  8
01_ROOMS$floor1_rooms
100
AcDbLine
 10
473.5718166081613
 20
106.1360630513075
 30
0.0
 11
456.2758890462464
 21
106.1360630513075
 31
0.0
  0
LINE
  5
1B7
330
1F
100
AcDbEntity
  8
01_ROOMS$floor1_rooms
100
AcDbLine
 10
456.2758890462464
 20
106.1360630513075
 30
0.0
 11
456.2758890462464
 21
112.9763503730944
 31
0.0
  0
LINE
  5
1B8
330
1F
100
AcDbEntity
  8
01_ROOMS$floor1_rooms
100
AcDbLine
 10
456.2758890462464
 20
112.9763503730944
 30
0.0
 11
473.5718166081613
 21
112.9763503730944
 31
0.0
  0
LINE
  5
1B9
330
1F
100
AcDbEntity
  8
01_ROOMS$floor1_rooms
100
AcDbLine
 10
473.5718166081613
 20
112.9763503730944
 30
0.0
 11
473.5718166081613
 21
106.1360630513075
 31
0.0
  0
LINE
  5
1BA
330
1F
100
AcDbEntity
  8
01_ROOMS$floor1_rooms
100
AcDbLine
 10
455.0807714147514
 20
106.0876219281561
 30
0.0
 11
448.632943795809
 21
106.0876219281561
 31
0.0
  0
LINE
  5
1BB
330
1F
100
AcDbEntity
  8
01_ROOMS$floor1_rooms
100
AcDbLine
 10
448.632943795809
 20
106.0876219281561
 30
0.0
 11
448.632943795809
 21
114.5814804465528
 31
0.0
  0
LINE
  5
1BC
330
1F
100
AcDbEntity
  8
01_ROOMS$floor1_rooms
100
AcDbLine
 10
448.632943795809
 20
114.5814804465528
 30
0.0
 11
455.0807714147514
 21
114.5814804465528
 31
0.0
  0
LINE
  5
1BD
330
1F
100
AcDbEntity
  8
01_ROOMS$floor1_rooms
100
AcDbLine
 10
455.0807714147514
 20
114.5814804465528
 30
0.0
 11
455.0807714147514
 21
106.0876219281561
 31
0.0
  0
LINE
  5
1BE
330
1F
100
AcDbEntity
  8
01_ROOMS$floor1_rooms
100
AcDbLine
 10
448.4173891000564
 20
106.0876219281561
 30
0.0
 11
445.251601243365
 21
106.0876219281561
 31
0.0
  0
LINE
  5
1BF
330
1F
100
AcDbEntity
  8
01_ROOMS$floor1_rooms
100
AcDbLine
 10
445.251601243365
 20
106.0876219281561
 30
0.0
 11
445.251601243365
 21
114.5814804465528
 31
0.0
  0
LINE
  5
1C0
330
1F
100
AcDbEntity
  8
01_ROOMS$floor1_rooms
100
AcDbLine
 10
445.251601243365
 20
114.5814804465528
 30
0.0
 11
448.4173891000564
 21
114.5814804465528
 31
0.0
  0
LINE
  5
1C1
330
1F
100
AcDbEntity
  8
01_ROOMS$floor1_rooms
100
AcDbLine
 10
448.4173891000564
 20
114.5814804465528
 30
0.0
 11
448.4173891000564
 21
106.0876219281561
 31
0.0
  0
LINE
  5
1C2
330
1F
100
AcDbEntity
  8
01_ROOMS$floor1_rooms
100
AcDbLine
 10
406.1290909850624
 20
106.1360630513075
 30
0.0
 11
406.1290909850624
 21
112.9763503730944
 31
0.0
  0
LINE
  5
1C3
330
1F
100
AcDbEntity
  8
01_ROOMS$floor1_rooms
100
AcDbLine
 10
406.1290909850624
 20
112.9763503730944
 30
0.0
 11
414.8584822509185
 21
112.9763503730944
 31
0.0
  0
LINE
  5
1C4
330
1F
100
AcDbEntity
  8
01_ROOMS$floor1_rooms
100
AcDbLine
 10
414.8584822509185
 20
112.9763503730944
 30
0.0
 11
414.8584822509184
 21
106.1360630513075
 31
0.0
  0
LINE
  5
1C5
330
1F
100
AcDbEntity
  8
01_ROOMS$floor1_rooms
100
AcDbLine
 10
414.8584822509184
 20
106.1360630513075
 30
0.0
 11
406.1290909850624
 21
106.1360630513075
 31
0.0
  0
LINE
  5
1C6
330
1F
100
AcDbEntity
  8
01_ROOMS$floor1_rooms
100
AcDbLine
 10
385.5001607013788
 20
117.2330903875992
 30
0.0
 11
385.5001607013788
 21
107.7363687818419
 31
0.0
  0
LINE
  5
1C7
330
1F
100
AcDbEntity
  8
01_ROOMS$floor1_rooms
100
AcDbLine
 10
385.5001607013788
 20
107.7363687818419
 30
0.0
 11
395.0553686959281
 21
107.7363687818419
 31
0.0
  0
LINE
  5
1C8
330
1F
100
AcDbEntity
  8
01_ROOMS$floor1_rooms
100
AcDbLine
 10
395.0553686959281
 20
107.7363687818419
 30
0.0
 11
395.055368695928
 21
117.2330903875992
 31
0.0
  0
LINE
  5
1C9
330
1F
100
AcDbEntity
  8
01_ROOMS$floor1_rooms
100
AcDbLine
 10
395.055368695928
 20
117.2330903875992
 30
0.0
 11
385.5001607013788
 21
117.2330903875992
 31
0.0
  0
LINE
  5
1CA
330
1F
100
AcDbEntity
  8
01_ROOMS$floor1_rooms
100
AcDbLine
 10
375.270461091495
 20
117.2330903875992
 30
0.0
 11
375.270461091495
 21
107.7363687818419
 31
0.0
  0
LINE
  5
1CB
330
1F
100
AcDbEntity
  8
01_ROOMS$floor1_rooms
100
AcDbLine
 10
375.270461091495
 20
107.7363687818419
 30
0.0
 11
385.2010709065905
 21
107.7363687818419
 31
0.0
  0
LINE
  5
1CC
330
1F
100
AcDbEntity
  8
01_ROOMS$floor1_rooms
100
AcDbLine
 10
385.2010709065905
 20
107.7363687818419
 30
0.0
 11
385.2010709065904
 21
117.2330903875992
 31
0.0
  0
LINE
  5
1CD
330
1F
100
AcDbEntity
  8
01_ROOMS$floor1_rooms
100
AcDbLine
 10
385.2010709065904
 20
117.2330903875992
 30
0.0
 11
375.270461091495
 21
117.2330903875992
 31
0.0
  0
LINE
  5
1CE
330
1F
100
AcDbEntity
  8
01_ROOMS$floor1_rooms
100
AcDbLine
 10
504.4304465017287
 20
49.01319132442251
 30
0.0
 11
482.1756645307802
 21
49.01319132442251
 31
0.0
  0
LINE
  5
1CF
330
1F
100
AcDbEntity
  8
01_ROOMS$floor1_rooms
100
AcDbLine
 10
482.1756645307802
 20
49.01319132442251
 30
0.0
 11
482.1756645307802
 21
44.69765773534566
 31
0.0
  0
LINE
  5
1D0
330
1F
100
AcDbEntity
  8
01_ROOMS$floor1_rooms
100
AcDbLine
 10
482.1756645307802
 20
44.69765773534566
 30
0.0
 11
504.4304465017287
 21
44.69765773534566
 31
0.0
  0
LINE
  5
1D1
330
1F
100
AcDbEntity
  8
01_ROOMS$floor1_rooms
100
AcDbLine
 10
504.4304465017287
 20
44.69765773534566
 30
0.0
 11
504.4304465017287
 21
49.01319132442251
 31
0.0
  0
LINE
  5
1D2
330
1F
100
AcDbEntity
  8
01_ROOMS$floor1_rooms
100
AcDbLine
 10
486.523402213345
 20
24.37221600215668
 30
0.0
 11
482.1756645307802
 21
24.37221600215668
 31
0.0
  0
LINE
  5
1D3
330
1F
100
AcDbEntity
  8
01_ROOMS$floor1_rooms
100
AcDbLine
 10
482.1756645307802
 20
24.37221600215668
 30
0.0
 11
482.1756645307802
 21
33.86893760791395
 31
0.0
  0
LINE
  5
1D4
330
1F
100
AcDbEntity
  8
01_ROOMS$floor1_rooms
100
AcDbLine
 10
482.1756645307802
 20
33.86893760791395
 30
0.0
 11
486.523402213345
 21
33.86893760791395
 31
0.0
  0
LINE
  5
1D5
330
1F
100
AcDbEntity
  8
01_ROOMS$floor1_rooms
100
AcDbLine
 10
486.523402213345
 20
33.86893760791395
 30
0.0
 11
486.523402213345
 21
24.37221600215668
 31
0.0
  0
LINE
  5
1D6
330
1F
100
AcDbEntity
  8
01_ROOMS$floor1_rooms
100
AcDbLine
 10
393.1775053798787
 20
24.37221600215668
 30
0.0
 11
397.5252430624435
 21
24.37221600215668
 31
0.0
  0
LINE
  5
1D7
330
1F
100
AcDbEntity
  8
01_ROOMS$floor1_rooms
100
AcDbLine
 10
397.5252430624435
 20
24.37221600215668
 30
0.0
 11
397.5252430624435
 21
33.86893760791395
 31
0.0
  0
LINE
  5
1D8
330
1F
100
AcDbEntity
  8
01_ROOMS$floor1_rooms
100
AcDbLine
 10
397.5252430624435
 20
33.86893760791395
 30
0.0
 11
393.1775053798787
 21
33.86893760791395
 31
0.0
  0
LINE
  5
1D9
330
1F
100
AcDbEntity
  8
01_ROOMS$floor1_rooms
100
AcDbLine
 10
393.1775053798787
 20
33.86893760791395
 30
0.0
 11
393.1775053798787
 21
24.37221600215668
 31
0.0
  0
LINE
  5
1DA
330
1F
100
AcDbEntity
  8
01_ROOMS$floor1_rooms
100
AcDbLine
 10
375.270461091495
 20
49.01319132442251
 30
0.0
 11
397.5252430624435
 21
49.01319132442251
 31
0.0
  0
LINE
  5
1DB
330
1F
100
AcDbEntity
  8
01_ROOMS$floor1_rooms
100
AcDbLine
 10
397.5252430624435
 20
49.01319132442251
 30
0.0
 11
397.5252430624435
 21
44.69765773534566
 31
0.0
  0
LINE
  5
1DC
330
1F
100
AcDbEntity
  8
01_ROOMS$floor1_rooms
100
AcDbLine
 10
397.5252430624435
 20
44.69765773534566
 30
0.0
 11
375.270461091495
 21
44.69765773534566
 31
0.0
  0
LINE
  5
1DD
330
1F
100
AcDbEntity
  8
01_ROOMS$floor1_rooms
100
AcDbLine
 10
375.270461091495
 20
44.69765773534566
 30
0.0
 11
375.270461091495
 21
49.01319132442251
 31
0.0
  0
LINE
  5
1DE
330
1F
100
AcDbEntity
  8
01_ROOMS$floor1_rooms
100
AcDbLine
 10
496.1186307102782
 20
50.13757310725101
 30
0.0
 11
482.1756645307802
 21
50.13757310725101
 31
0.0
  0
LINE
  5
1DF
330
1F
100
AcDbEntity
  8
01_ROOMS$floor1_rooms
100
AcDbLine
 10
482.1756645307802
 20
50.13757310725101
 30
0.0
 11
482.1756645307802
 21
65.49544696941011
 31
0.0
  0
LINE
  5
1E0
330
1F
100
AcDbEntity
  8
01_ROOMS$floor1_rooms
100
AcDbLine
 10
482.1756645307802
 20
65.49544696941011
 30
0.0
 11
496.1186307102782
 21
65.49544696941011
 31
0.0
  0
LINE
  5
1E1
330
1F
100
AcDbEntity
  8
01_ROOMS$floor1_rooms
100
AcDbLine
 10
496.1186307102782
 20
65.49544696941011
 30
0.0
 11
496.1186307102782
 21
50.13757310725101
 31
0.0
  0
LINE
  5
1E2
330
1F
100
AcDbEntity
  8
01_ROOMS$floor1_rooms
100
AcDbLine
 10
496.1186307102782
 20
66.06935205583517
 30
0.0
 11
482.1756645307802
 21
66.06935205583517
 31
0.0
  0
LINE
  5
1E3
330
1F
100
AcDbEntity
  8
01_ROOMS$floor1_rooms
100
AcDbLine
 10
482.1756645307802
 20
66.06935205583517
 30
0.0
 11
482.1756645307802
 21
75.28697676848968
 31
0.0
  0
LINE
  5
1E4
330
1F
100
AcDbEntity
  8
01_ROOMS$floor1_rooms
100
AcDbLine
 10
482.1756645307802
 20
75.28697676848968
 30
0.0
 11
496.1186307102782
 21
75.28697676848968
 31
0.0
  0
LINE
  5
1E5
330
1F
100
AcDbEntity
  8
01_ROOMS$floor1_rooms
100
AcDbLine
 10
496.1186307102782
 20
75.28697676848968
 30
0.0
 11
496.1186307102782
 21
66.06935205583517
 31
0.0
  0
LINE
  5
1E6
330
1F
100
AcDbEntity
  8
01_ROOMS$floor1_rooms
100
AcDbLine
 10
496.1186307102782
 20
76.02955118733854
 30
0.0
 11
482.1756645307802
 21
76.02955118733854
 31
0.0
  0
LINE
  5
1E7
330
1F
100
AcDbEntity
  8
01_ROOMS$floor1_rooms
100
AcDbLine
 10
482.1756645307802
 20
76.02955118733854
 30
0.0
 11
482.1756645307802
 21
91.38163181152623
 31
0.0
  0
LINE
  5
1E8
330
1F
100
AcDbEntity
  8
01_ROOMS$floor1_rooms
100
AcDbLine
 10
482.1756645307802
 20
91.38163181152623
 30
0.0
 11
496.1186307102782
 21
91.38163181152623
 31
0.0
  0
LINE
  5
1E9
330
1F
100
AcDbEntity
  8
01_ROOMS$floor1_rooms
100
AcDbLine
 10
496.1186307102782
 20
91.38163181152623
 30
0.0
 11
496.1186307102782
 21
76.02955118733854
 31
0.0
  0
LINE
  5
1EA
330
1F
100
AcDbEntity
  8
01_ROOMS$floor1_rooms
100
AcDbLine
 10
435.5212299685417
 20
106.0876219281561
 30
0.0
 11
444.179677624682
 21
106.0876219281561
 31
0.0
  0
LINE
  5
1EB
330
1F
100
AcDbEntity
  8
01_ROOMS$floor1_rooms
100
AcDbLine
 10
444.179677624682
 20
106.0876219281561
 30
0.0
 11
444.179677624682
 21
117.1117679060915
 31
0.0
  0
LINE
  5
1EC
330
1F
100
AcDbEntity
  8
01_ROOMS$floor1_rooms
100
AcDbLine
 10
444.179677624682
 20
117.1117679060915
 30
0.0
 11
435.5212299685417
 21
117.1117679060915
 31
0.0
  0
LINE
  5
1ED
330
1F
100
AcDbEntity
  8
01_ROOMS$floor1_rooms
100
AcDbLine
 10
435.5212299685417
 20
117.1117679060915
 30
0.0
 11
435.5212299685417
 21
106.0876219281561
 31
0.0
  0
LINE
  5
1EE
330
1F
100
AcDbEntity
  8
01_ROOMS$floor1_rooms
100
AcDbLine
 10
504.4304465017287
 20
92.59211506533336
 30
0.0
 11
482.1756645307802
 21
92.59211506533336
 31
0.0
  0
LINE
  5
1EF
330
1F
100
AcDbEntity
  8
01_ROOMS$floor1_rooms
100
AcDbLine
 10
482.1756645307802
 20
92.59211506533336
 30
0.0
 11
482.1756645307802
 21
96.90764865441021
 31
0.0
  0
LINE
  5
1F0
330
1F
100
AcDbEntity
  8
01_ROOMS$floor1_rooms
100
AcDbLine
 10
482.1756645307802
 20
96.90764865441021
 30
0.0
 11
504.4304465017287
 21
96.90764865441021
 31
0.0
  0
LINE
  5
1F1
330
1F
100
AcDbEntity
  8
01_ROOMS$floor1_rooms
100
AcDbLine
 10
504.4304465017287
 20
96.90764865441021
 30
0.0
 11
504.4304465017287
 21
92.59211506533336
 31
0.0
  0
LINE
  5
1F2
330
1F
100
AcDbEntity
  8
01_ROOMS$floor1_rooms
100
AcDbLine
 10
483.4935474672704
 20
117.2330903875992
 30
0.0
 11
478.8417343100632
 21
117.2330903875992
 31
0.0
  0
LINE
  5
1F3
330
1F
100
AcDbEntity
  8
01_ROOMS$floor1_rooms
100
AcDbLine
 10
478.8417343100632
 20
117.2330903875992
 30
0.0
 11
478.8417343100632
 21
107.7363687818419
 31
0.0
  0
LINE
  5
1F4
330
1F
100
AcDbEntity
  8
01_ROOMS$floor1_rooms
100
AcDbLine
 10
478.8417343100632
 20
107.7363687818419
 30
0.0
 11
483.4935474672704
 21
107.7363687818419
 31
0.0
  0
LINE
  5
1F5
330
1F
100
AcDbEntity
  8
01_ROOMS$floor1_rooms
100
AcDbLine
 10
483.4935474672704
 20
107.7363687818419
 30
0.0
 11
483.4935474672704
 21
117.2330903875992
 31
0.0
  0
LINE
  5
1F6
330
1F
100
AcDbEntity
  8
01_ROOMS$floor1_rooms
100
AcDbLine
 10
383.5822768829454
 20
50.13757310725101
 30
0.0
 11
397.5252430624435
 21
50.13757310725101
 31
0.0
  0
LINE
  5
1F7
330
1F
100
AcDbEntity
  8
01_ROOMS$floor1_rooms
100
AcDbLine
 10
397.5252430624435
 20
50.13757310725101
 30
0.0
 11
397.5252430624435
 21
65.02619469372739
 31
0.0
  0
LINE
  5
1F8
330
1F
100
AcDbEntity
  8
01_ROOMS$floor1_rooms
100
AcDbLine
 10
397.5252430624435
 20
65.02619469372739
 30
0.0
 11
383.5822768829454
 21
65.02619469372739
 31
0.0
  0
LINE
  5
1F9
330
1F
100
AcDbEntity
  8
01_ROOMS$floor1_rooms
100
AcDbLine
 10
383.5822768829454
 20
65.02619469372739
 30
0.0
 11
383.5822768829454
 21
50.13757310725101
 31
0.0
  0
LINE
  5
1FA
330
1F
100
AcDbEntity
  8
01_ROOMS$floor1_rooms
100
AcDbLine
 10
383.5822768829454
 20
76.49301022504986
 30
0.0
 11
397.5252430624435
 21
76.49301022504986
 31
0.0
  0
LINE
  5
1FB
330
1F
100
AcDbEntity
  8
01_ROOMS$floor1_rooms
100
AcDbLine
 10
397.5252430624435
 20
76.49301022504986
 30
0.0
 11
397.5252430624435
 21
91.38163181152623
 31
0.0
  0
LINE
  5
1FC
330
1F
100
AcDbEntity
  8
01_ROOMS$floor1_rooms
100
AcDbLine
 10
397.5252430624435
 20
91.38163181152623
 30
0.0
 11
383.5822768829454
 21
91.38163181152623
 31
0.0
  0
LINE
  5
1FD
330
1F
100
AcDbEntity
  8
01_ROOMS$floor1_rooms
100
AcDbLine
 10
383.5822768829454
 20
91.38163181152623
 30
0.0
 11
383.5822768829454
 21
76.49301022504986
 31
0.0
  0
LINE
  5
1FE
330
1F
100
AcDbEntity
  8
01_ROOMS$floor1_rooms
100
AcDbLine
 10
375.270461091495
 20
92.59211506533336
 30
0.0
 11
397.5252430624435
 21
92.59211506533336
 31
0.0
  0
LINE
  5
1FF
330
1F
100
AcDbEntity
  8
01_ROOMS$floor1_rooms
100
AcDbLine
 10
397.5252430624435
 20
92.59211506533336
 30
0.0
 11
397.5252430624435
 21
96.90764865441021
 31
0.0
  0
LINE
  5
200
330
1F
100
AcDbEntity
  8
01_ROOMS$floor1_rooms
100
AcDbLine
 10
397.5252430624435
 20
96.90764865441021
 30
0.0
 11
375.270461091495
 21
96.90764865441021
 31
0.0
  0
LINE
  5
201
330
1F
100
AcDbEntity
  8
01_ROOMS$floor1_rooms
100
AcDbLine
 10
375.270461091495
 20
96.90764865441021
 30
0.0
 11
375.270461091495
 21
92.59211506533336
 31
0.0
  0
LINE
  5
202
330
1F
100
AcDbEntity
  8
01_ROOMS$floor1_rooms
100
AcDbLine
 10
424.6201361784723
 20
106.0876219281561
 30
0.0
 11
434.4493063498587
 21
106.0876219281561
 31
0.0
  0
LINE
  5
203
330
1F
100
AcDbEntity
  8
01_ROOMS$floor1_rooms
100
AcDbLine
 10
434.4493063498587
 20
106.0876219281561
 30
0.0
 11
434.4493063498587
 21
114.5814804465528
 31
0.0
  0
LINE
  5
204
330
1F
100
AcDbEntity
  8
01_ROOMS$floor1_rooms
100
AcDbLine
 10
434.4493063498587
 20
114.5814804465528
 30
0.0
 11
424.6201361784723
 21
114.5814804465528
 31
0.0
  0
LINE
  5
205
330
1F
100
AcDbEntity
  8
01_ROOMS$floor1_rooms
100
AcDbLine
 10
424.6201361784723
 20
114.5814804465528
 30
0.0
 11
424.6201361784723
 21
106.0876219281561
 31
0.0
  0
LINE
  5
206
330
1F
100
AcDbEntity
  8
01_ROOMS$floor1_rooms
100
AcDbLine
 10
414.8584822509185
 20
106.1360630513075
 30
0.0
 11
423.4250185469772
 21
106.1360630513075
 31
0.0
  0
LINE
  5
207
330
1F
100
AcDbEntity
  8
01_ROOMS$floor1_rooms
100
AcDbLine
 10
423.4250185469772
 20
106.1360630513075
 30
0.0
 11
423.4250185469772
 21
112.9763503730944
 31
0.0
  0
LINE
  5
208
330
1F
100
AcDbEntity
  8
01_ROOMS$floor1_rooms
100
AcDbLine
 10
423.4250185469772
 20
112.9763503730944
 30
0.0
 11
414.8584822509185
 21
112.9763503730944
 31
0.0
  0
LINE
  5
209
330
1F
100
AcDbEntity
  8
01_ROOMS$floor1_rooms
100
AcDbLine
 10
414.8584822509185
 20
112.9763503730944
 30
0.0
 11
414.8584822509185
 21
106.1360630513075
 31
0.0
  0
LINE
  5
20A
330
1F
100
AcDbEntity
  8
01_ROOMS$floor1_rooms
100
AcDbLine
 10
396.2073601259532
 20
117.2330903875992
 30
0.0
 11
400.8591732831604
 21
117.2330903875992
 31
0.0
  0
LINE
  5
20B
330
1F
100
AcDbEntity
  8
01_ROOMS$floor1_rooms
100
AcDbLine
 10
400.8591732831604
 20
117.2330903875992
 30
0.0
 11
400.8591732831604
 21
107.7363687818419
 31
0.0
  0
LINE
  5
20C
330
1F
100
AcDbEntity
  8
01_ROOMS$floor1_rooms
100
AcDbLine
 10
400.8591732831604
 20
107.7363687818419
 30
0.0
 11
396.2073601259532
 21
107.7363687818419
 31
0.0
  0
LINE
  5
20D
330
1F
100
AcDbEntity
  8
01_ROOMS$floor1_rooms
100
AcDbLine
 10
396.2073601259532
 20
107.7363687818419
 30
0.0
 11
396.2073601259532
 21
117.2330903875992
 31
0.0
  0
LINE
  5
20E
330
1F
100
AcDbEntity
  8
01_ROOMS$floor1_rooms
100
AcDbLine
 10
405.6043324838012
 20
49.5805947011736
 30
0.0
 11
474.0814440807854
 21
49.5805947011736
 31
0.0
  0
LINE
  5
20F
330
1F
100
AcDbEntity
  8
01_ROOMS$floor1_rooms
100
AcDbLine
 10
474.0814440807854
 20
49.5805947011736
 30
0.0
 11
474.0814440807854
 21
44.79115534791534
 31
0.0
  0
LINE
  5
210
330
1F
100
AcDbEntity
  8
01_ROOMS$floor1_rooms
100
AcDbLine
 10
474.0814440807854
 20
44.79115534791534
 30
0.0
 11
405.6043324838012
 21
44.79115534791534
 31
0.0
  0
LINE
  5
211
330
1F
100
AcDbEntity
  8
01_ROOMS$floor1_rooms
100
AcDbLine
 10
405.6043324838012
 20
44.79115534791534
 30
0.0
 11
405.6043324838012
 21
49.5805947011736
 31
0.0
  0
LINE
  5
212
330
1F
100
AcDbEntity
  8
01_ROOMS$floor1_rooms
100
AcDbLine
 10
424.0063156514335
 20
92.02471168858227
 30
0.0
 11
440.8623671230854
 21
92.02471168858227
 31
0.0
  0
LINE
  5
213
330
1F
100
AcDbEntity
  8
01_ROOMS$floor1_rooms
100
AcDbLine
 10
440.8623671230854
 20
92.02471168858227
 30
0.0
 11
440.8623671230854
 21
96.81415104184053
 31
0.0
  0
LINE
  5
214
330
1F
100
AcDbEntity
  8
01_ROOMS$floor1_rooms
100
AcDbLine
 10
440.8623671230854
 20
96.81415104184053
 30
0.0
 11
424.0063156514335
 21
96.81415104184053
 31
0.0
  0
LINE
  5
215
330
1F
100
AcDbEntity
  8
01_ROOMS$floor1_rooms
100
AcDbLine
 10
424.0063156514335
 20
96.81415104184053
 30
0.0
 11
424.0063156514335
 21
92.02471168858227
 31
0.0
  0
LINE
  5
216
330
1F
100
AcDbEntity
  8
01_ROOMS$floor1_rooms
100
AcDbLine
 10
405.6043324838012
 20
92.02471168858227
 30
0.0
 11
423.4293506967761
 21
92.02471168858227
 31
0.0
  0
LINE
  5
217
330
1F
100
AcDbEntity
  8
01_ROOMS$floor1_rooms
100
AcDbLine
 10
423.4293506967761
 20
92.02471168858227
 30
0.0
 11
423.4293506967761
 21
96.81415104184053
 31
0.0
  0
LINE
  5
218
330
1F
100
AcDbEntity
  8
01_ROOMS$floor1_rooms
100
AcDbLine
 10
423.4293506967761
 20
96.81415104184053
 30
0.0
 11
405.6043324838012
 21
96.81415104184053
 31
0.0
  0
LINE
  5
219
330
1F
100
AcDbEntity
  8
01_ROOMS$floor1_rooms
100
AcDbLine
 10
405.6043324838012
 20
96.81415104184053
 30
0.0
 11
405.6043324838012
 21
92.02471168858227
 31
0.0
  0
LINE
  5
21A
330
1F
100
AcDbEntity
  8
01_ROOMS$floor1_rooms
100
AcDbLine
 10
455.745071897776
 20
92.02471168858227
 30
0.0
 11
441.4776822126615
 21
92.02471168858227
 31
0.0
  0
LINE
  5
21B
330
1F
100
AcDbEntity
  8
01_ROOMS$floor1_rooms
100
AcDbLine
 10
441.4776822126615
 20
92.02471168858227
 30
0.0
 11
441.4776822126615
 21
96.81415104184053
 31
0.0
  0
LINE
  5
21C
330
1F
100
AcDbEntity
  8
01_ROOMS$floor1_rooms
100
AcDbLine
 10
441.4776822126615
 20
96.81415104184053
 30
0.0
 11
455.745071897776
 21
96.81415104184053
 31
0.0
  0
LINE
  5
21D
330
1F
100
AcDbEntity
  8
01_ROOMS$floor1_rooms
100
AcDbLine
 10
455.745071897776
 20
96.81415104184053
 30
0.0
 11
455.745071897776
 21
92.02471168858227
 31
0.0
  0
LINE
  5
21E
330
1F
100
AcDbEntity
  8
01_ROOMS$floor1_rooms
100
AcDbLine
 10
474.0965751094226
 20
92.02471168858227
 30
0.0
 11
456.2000354400107
 21
92.02471168858227
 31
0.0
  0
LINE
  5
21F
330
1F
100
AcDbEntity
  8
01_ROOMS$floor1_rooms
100
AcDbLine
 10
456.2000354400107
 20
92.02471168858227
 30
0.0
 11
456.2000354400107
 21
96.81415104184053
 31
0.0
  0
LINE
  5
220
330
1F
100
AcDbEntity
  8
01_ROOMS$floor1_rooms
100
AcDbLine
 10
456.2000354400107
 20
96.81415104184053
 30
0.0
 11
474.0965751094226
 21
96.81415104184053
 31
0.0
  0
LINE
  5
221
330
1F
100
AcDbEntity
  8
01_ROOMS$floor1_rooms
100
AcDbLine
 10
474.0965751094226
 20
96.81415104184053
 30
0.0
 11
474.0965751094226
 21
92.02471168858227
 31
0.0
  0
LINE
  5
222
330
1F
100
AcDbEntity
  8
01_ROOMS$floor1_rooms
100
AcDbLine
 10
405.4359056136215
 20
50.66149476543632
 30
0.0
 11
474.3742569837534
 21
50.66149476543632
 31
0.0
  0
LINE
  5
223
330
1F
100
AcDbEntity
  8
01_ROOMS$floor1_rooms
100
AcDbLine
 10
474.3742569837534
 20
50.66149476543632
 30
0.0
 11
474.3742569837534
 21
90.79526327660902
 31
0.0
  0
LINE
  5
224
330
1F
100
AcDbEntity
  8
01_ROOMS$floor1_rooms
100
AcDbLine
 10
474.3742569837534
 20
90.79526327660902
 30
0.0
 11
405.4359056136215
 21
90.79526327660902
 31
0.0
  0
LINE
  5
225
330
1F
100
AcDbEntity
  8
01_ROOMS$floor1_rooms
100
AcDbLine
 10
405.4359056136215
 20
90.79526327660902
 30
0.0
 11
405.4359056136215
 21
50.66149476543632
 31
0.0
  0
LINE
  5
227
330
1F
100
AcDbEntity
  8
01_ROOMS$floor2_rooms
100
AcDbLine
 10
622.02937181546
 20
49.24544134493651
 30
0.0
 11
700.0387287500827
 21
49.24544134493651
 31
0.0
  0
LINE
  5
228
330
1F
100
AcDbEntity
  8
01_ROOMS$floor2_rooms
100
AcDbLine
 10
700.0387287500827
 20
49.24544134493651
 30
0.0
 11
700.0387287500827
 21
45.92458172886015
 31
0.0
  0
LINE
  5
229
330
1F
100
AcDbEntity
  8
01_ROOMS$floor2_rooms
100
AcDbLine
 10
700.0387287500827
 20
45.92458172886015
 30
0.0
 11
622.02937181546
 21
45.92458172886015
 31
0.0
  0
LINE
  5
22A
330
1F
100
AcDbEntity
  8
01_ROOMS$floor2_rooms
100
AcDbLine
 10
622.02937181546
 20
45.92458172886015
 30
0.0
 11
622.02937181546
 21
49.24544134493651
 31
0.0
  0
LINE
  5
22B
330
1F
100
AcDbEntity
  8
01_ROOMS$floor2_rooms
100
AcDbLine
 10
622.02937181546
 20
92.35986504481936
 30
0.0
 11
700.0387287500827
 21
92.35986504481936
 31
0.0
  0
LINE
  5
22C
330
1F
100
AcDbEntity
  8
01_ROOMS$floor2_rooms
100
AcDbLine
 10
700.0387287500827
 20
92.35986504481936
 30
0.0
 11
700.0387287500827
 21
94.93333310466826
 31
0.0
  0
LINE
  5
22D
330
1F
100
AcDbEntity
  8
01_ROOMS$floor2_rooms
100
AcDbLine
 10
700.0387287500827
 20
94.93333310466826
 30
0.0
 11
622.02937181546
 21
94.93333310466826
 31
0.0
  0
LINE
  5
22E
330
1F
100
AcDbEntity
  8
01_ROOMS$floor2_rooms
100
AcDbLine
 10
622.02937181546
 20
94.93333310466826
 30
0.0
 11
622.02937181546
 21
92.35986504481936
 31
0.0
  0
LINE
  5
22F
330
1F
100
AcDbEntity
  8
01_ROOMS$floor2_rooms
100
AcDbLine
 10
700.0387287500827
 20
49.44605894090367
 30
0.0
 11
696.79688788785
 21
49.44605894090367
 31
0.0
  0
LINE
  5
230
330
1F
100
AcDbEntity
  8
01_ROOMS$floor2_rooms
100
AcDbLine
 10
696.79688788785
 20
49.44605894090367
 30
0.0
 11
696.79688788785
 21
92.35986504481936
 31
0.0
  0
LINE
  5
231
330
1F
100
AcDbEntity
  8
01_ROOMS$floor2_rooms
100
AcDbLine
 10
696.79688788785
 20
92.35986504481936
 30
0.0
 11
700.0387287500827
 21
92.35986504481936
 31
0.0
  0
LINE
  5
232
330
1F
100
AcDbEntity
  8
01_ROOMS$floor2_rooms
100
AcDbLine
 10
700.0387287500827
 20
92.35986504481936
 30
0.0
 11
700.0387287500827
 21
49.44605894090367
 31
0.0
  0
LINE
  5
233
330
1F
100
AcDbEntity
  8
01_ROOMS$floor2_rooms
100
AcDbLine
 10
622.02937181546
 20
49.44605894090367
 30
0.0
 11
625.2712126776927
 21
49.44605894090367
 31
0.0
  0
LINE
  5
234
330
1F
100
AcDbEntity
  8
01_ROOMS$floor2_rooms
100
AcDbLine
 10
625.2712126776927
 20
49.44605894090367
 30
0.0
 11
625.2712126776927
 21
92.35986504481936
 31
0.0
  0
LINE
  5
235
330
1F
100
AcDbEntity
  8
01_ROOMS$floor2_rooms
100
AcDbLine
 10
625.2712126776927
 20
92.35986504481936
 30
0.0
 11
622.02937181546
 21
92.35986504481936
 31
0.0
  0
LINE
  5
236
330
1F
100
AcDbEntity
  8
01_ROOMS$floor2_rooms
100
AcDbLine
 10
622.02937181546
 20
92.35986504481936
 30
0.0
 11
622.02937181546
 21
49.44605894090367
 31
0.0
  0
LINE
  5
237
330
1F
100
AcDbEntity
  8
01_ROOMS$floor2_rooms
100
AcDbLine
 10
707.9215394726457
 20
60.34180636042495
 30
0.0
 11
707.9215394726456
 21
53.09435029748936
 31
0.0
  0
LINE
  5
238
330
1F
100
AcDbEntity
  8
01_ROOMS$floor2_rooms
100
AcDbLine
 10
707.9215394726456
 20
53.09435029748936
 30
0.0
 11
710.9827908700863
 21
53.09435029748936
 31
0.0
  0
LINE
  5
239
330
1F
100
AcDbEntity
  8
01_ROOMS$floor2_rooms
100
AcDbLine
 10
710.9827908700863
 20
53.09435029748936
 30
0.0
 11
710.9827908700863
 21
50.13474661250883
 31
0.0
  0
LINE
  5
23A
330
1F
100
AcDbEntity
  8
01_ROOMS$floor2_rooms
100
AcDbLine
 10
710.9827908700863
 20
50.13474661250883
 30
0.0
 11
716.338000216273
 21
50.13474661250883
 31
0.0
  0
LINE
  5
23B
330
1F
100
AcDbEntity
  8
01_ROOMS$floor2_rooms
100
AcDbLine
 10
716.338000216273
 20
50.13474661250883
 30
0.0
 11
716.338000216273
 21
60.34180636042495
 31
0.0
  0
LINE
  5
23C
330
1F
100
AcDbEntity
  8
01_ROOMS$floor2_rooms
100
AcDbLine
 10
716.338000216273
 20
60.34180636042495
 30
0.0
 11
707.9215394726457
 21
60.34180636042495
 31
0.0
  0
LINE
  5
23D
330
1F
100
AcDbEntity
  8
01_ROOMS$floor2_rooms
100
AcDbLine
 10
707.9215394726457
 20
60.34180636042495
 30
0.0
 11
716.338000216273
 21
60.34180636042495
 31
0.0
  0
LINE
  5
23E
330
1F
100
AcDbEntity
  8
01_ROOMS$floor2_rooms
100
AcDbLine
 10
716.338000216273
 20
60.34180636042495
 30
0.0
 11
716.338000216273
 21
66.76207495536245
 31
0.0
  0
LINE
  5
23F
330
1F
100
AcDbEntity
  8
01_ROOMS$floor2_rooms
100
AcDbLine
 10
716.338000216273
 20
66.76207495536245
 30
0.0
 11
707.9215394726457
 21
66.76207495536245
 31
0.0
  0
LINE
  5
240
330
1F
100
AcDbEntity
  8
01_ROOMS$floor2_rooms
100
AcDbLine
 10
707.9215394726457
 20
66.76207495536245
 30
0.0
 11
707.9215394726457
 21
60.34180636042495
 31
0.0
  0
LINE
  5
241
330
1F
100
AcDbEntity
  8
01_ROOMS$floor2_rooms
100
AcDbLine
 10
707.9215394726457
 20
66.76207495536245
 30
0.0
 11
716.338000216273
 21
66.76207495536245
 31
0.0
  0
LINE
  5
242
330
1F
100
AcDbEntity
  8
01_ROOMS$floor2_rooms
100
AcDbLine
 10
716.338000216273
 20
66.76207495536245
 30
0.0
 11
716.338000216273
 21
76.00272389671626
 31
0.0
  0
LINE
  5
243
330
1F
100
AcDbEntity
  8
01_ROOMS$floor2_rooms
100
AcDbLine
 10
716.338000216273
 20
76.00272389671626
 30
0.0
 11
707.9215394726457
 21
76.00272389671626
 31
0.0
  0
LINE
  5
244
330
1F
100
AcDbEntity
  8
01_ROOMS$floor2_rooms
100
AcDbLine
 10
707.9215394726457
 20
76.00272389671626
 30
0.0
 11
707.9215394726457
 21
66.76207495536245
 31
0.0
  0
LINE
  5
245
330
1F
100
AcDbEntity
  8
01_ROOMS$floor2_rooms
100
AcDbLine
 10
707.9215394726457
 20
76.00272389671626
 30
0.0
 11
716.338000216273
 21
76.00272389671626
 31
0.0
  0
LINE
  5
246
330
1F
100
AcDbEntity
  8
01_ROOMS$floor2_rooms
100
AcDbLine
 10
716.338000216273
 20
76.00272389671626
 30
0.0
 11
716.338000216273
 21
84.5412548255357
 31
0.0
  0
LINE
  5
247
330
1F
100
AcDbEntity
  8
01_ROOMS$floor2_rooms
100
AcDbLine
 10
716.338000216273
 20
84.5412548255357
 30
0.0
 11
707.9215394726457
 21
84.5412548255357
 31
0.0
  0
LINE
  5
248
330
1F
100
AcDbEntity
  8
01_ROOMS$floor2_rooms
100
AcDbLine
 10
707.9215394726457
 20
84.5412548255357
 30
0.0
 11
707.9215394726457
 21
76.00272389671626
 31
0.0
  0
LINE
  5
249
330
1F
100
AcDbEntity
  8
01_ROOMS$floor2_rooms
100
AcDbLine
 10
707.9215394726457
 20
84.5412548255357
 30
0.0
 11
707.9215394726457
 21
88.20713933556031
 31
0.0
  0
LINE
  5
24A
330
1F
100
AcDbEntity
  8
01_ROOMS$floor2_rooms
100
AcDbLine
 10
707.9215394726457
 20
88.20713933556031
 30
0.0
 11
711.1112806730315
 21
88.20713933556031
 31
0.0
  0
LINE
  5
24B
330
1F
100
AcDbEntity
  8
01_ROOMS$floor2_rooms
100
AcDbLine
 10
711.1112806730315
 20
88.20713933556031
 30
0.0
 11
711.1112806730315
 21
91.86830588653923
 31
0.0
  0
LINE
  5
24C
330
1F
100
AcDbEntity
  8
01_ROOMS$floor2_rooms
100
AcDbLine
 10
711.1112806730315
 20
91.86830588653923
 30
0.0
 11
716.3380002162731
 21
91.86830588653923
 31
0.0
  0
LINE
  5
24D
330
1F
100
AcDbEntity
  8
01_ROOMS$floor2_rooms
100
AcDbLine
 10
716.3380002162731
 20
91.86830588653923
 30
0.0
 11
716.338000216273
 21
84.5412548255357
 31
0.0
  0
LINE
  5
24E
330
1F
100
AcDbEntity
  8
01_ROOMS$floor2_rooms
100
AcDbLine
 10
716.338000216273
 20
84.5412548255357
 30
0.0
 11
707.9215394726457
 21
84.5412548255357
 31
0.0
  0
LINE
  5
24F
330
1F
100
AcDbEntity
  8
01_ROOMS$floor2_rooms
100
AcDbLine
 10
700.2140850473296
 20
50.58229461257291
 30
0.0
 11
704.9928235247684
 21
50.58229461257291
 31
0.0
  0
LINE
  5
250
330
1F
100
AcDbEntity
  8
01_ROOMS$floor2_rooms
100
AcDbLine
 10
704.9928235247684
 20
50.58229461257291
 30
0.0
 11
704.9928235247684
 21
53.09435029748936
 31
0.0
  0
LINE
  5
251
330
1F
100
AcDbEntity
  8
01_ROOMS$floor2_rooms
100
AcDbLine
 10
704.9928235247684
 20
53.09435029748936
 30
0.0
 11
700.2140850473296
 21
53.09435029748936
 31
0.0
  0
LINE
  5
252
330
1F
100
AcDbEntity
  8
01_ROOMS$floor2_rooms
100
AcDbLine
 10
700.2140850473296
 20
53.09435029748936
 30
0.0
 11
700.2140850473296
 21
50.58229461257291
 31
0.0
  0
LINE
  5
253
330
1F
100
AcDbEntity
  8
01_ROOMS$floor2_rooms
100
AcDbLine
 10
700.2140850473296
 20
53.09435029748936
 30
0.0
 11
704.9928235247684
 21
53.09435029748936
 31
0.0
  0
LINE
  5
254
330
1F
100
AcDbEntity
  8
01_ROOMS$floor2_rooms
100
AcDbLine
 10
704.9928235247684
 20
53.09435029748936
 30
0.0
 11
704.9928235247684
 21
56.66380362324804
 31
0.0
  0
LINE
  5
255
330
1F
100
AcDbEntity
  8
01_ROOMS$floor2_rooms
100
AcDbLine
 10
704.9928235247684
 20
56.66380362324804
 30
0.0
 11
700.2140850473296
 21
56.66380362324804
 31
0.0
  0
LINE
  5
256
330
1F
100
AcDbEntity
  8
01_ROOMS$floor2_rooms
100
AcDbLine
 10
700.2140850473296
 20
56.66380362324804
 30
0.0
 11
700.2140850473296
 21
53.09435029748936
 31
0.0
  0
LINE
  5
257
330
1F
100
AcDbEntity
  8
01_ROOMS$floor2_rooms
100
AcDbLine
 10
700.2140850473296
 20
56.66380362324804
 30
0.0
 11
704.9928235247684
 21
56.66380362324804
 31
0.0
  0
LINE
  5
258
330
1F
100
AcDbEntity
  8
01_ROOMS$floor2_rooms
100
AcDbLine
 10
704.9928235247684
 20
56.66380362324804
 30
0.0
 11
704.9928235247684
 21
60.65073196902398
 31
0.0
  0
LINE
  5
259
330
1F
100
AcDbEntity
  8
01_ROOMS$floor2_rooms
100
AcDbLine
 10
704.9928235247684
 20
60.65073196902398
 30
0.0
 11
700.2140850473296
 21
60.65073196902398
 31
0.0
  0
LINE
  5
25A
330
1F
100
AcDbEntity
  8
01_ROOMS$floor2_rooms
100
AcDbLine
 10
700.2140850473296
 20
60.65073196902398
 30
0.0
 11
700.2140850473296
 21
56.66380362324804
 31
0.0
  0
LINE
  5
25B
330
1F
100
AcDbEntity
  8
01_ROOMS$floor2_rooms
100
AcDbLine
 10
700.2140850473296
 20
60.65073196902398
 30
0.0
 11
704.9928235247684
 21
60.65073196902398
 31
0.0
  0
LINE
  5
25C
330
1F
100
AcDbEntity
  8
01_ROOMS$floor2_rooms
100
AcDbLine
 10
704.9928235247684
 20
60.65073196902398
 30
0.0
 11
704.9928235247684
 21
64.87571896512347
 31
0.0
  0
LINE
  5
25D
330
1F
100
AcDbEntity
  8
01_ROOMS$floor2_rooms
100
AcDbLine
 10
704.9928235247684
 20
64.87571896512347
 30
0.0
 11
700.2140850473296
 21
64.87571896512347
 31
0.0
  0
LINE
  5
25E
330
1F
100
AcDbEntity
  8
01_ROOMS$floor2_rooms
100
AcDbLine
 10
700.2140850473296
 20
64.87571896512347
 30
0.0
 11
700.2140850473296
 21
60.65073196902398
 31
0.0
  0
LINE
  5
25F
330
1F
100
AcDbEntity
  8
01_ROOMS$floor2_rooms
100
AcDbLine
 10
700.2140850473296
 20
64.87571896512347
 30
0.0
 11
704.9928235247684
 21
64.87571896512347
 31
0.0
  0
LINE
  5
260
330
1F
100
AcDbEntity
  8
01_ROOMS$floor2_rooms
100
AcDbLine
 10
704.9928235247684
 20
64.87571896512347
 30
0.0
 11
704.9928235247684
 21
73.59795968630041
 31
0.0
  0
LINE
  5
261
330
1F
100
AcDbEntity
  8
01_ROOMS$floor2_rooms
100
AcDbLine
 10
704.9928235247684
 20
73.59795968630041
 30
0.0
 11
700.2140850473296
 21
73.59795968630041
 31
0.0
  0
LINE
  5
262
330
1F
100
AcDbEntity
  8
01_ROOMS$floor2_rooms
100
AcDbLine
 10
700.2140850473296
 20
73.59795968630041
 30
0.0
 11
700.2140850473296
 21
64.87571896512347
 31
0.0
  0
LINE
  5
263
330
1F
100
AcDbEntity
  8
01_ROOMS$floor2_rooms
100
AcDbLine
 10
700.2140850473296
 20
73.59795968630041
 30
0.0
 11
704.9928235247684
 21
73.59795968630041
 31
0.0
  0
LINE
  5
264
330
1F
100
AcDbEntity
  8
01_ROOMS$floor2_rooms
100
AcDbLine
 10
704.9928235247684
 20
73.59795968630041
 30
0.0
 11
704.9928235247684
 21
81.04777515632756
 31
0.0
  0
LINE
  5
265
330
1F
100
AcDbEntity
  8
01_ROOMS$floor2_rooms
100
AcDbLine
 10
704.9928235247684
 20
81.04777515632756
 30
0.0
 11
700.2140850473296
 21
81.04777515632756
 31
0.0
  0
LINE
  5
266
330
1F
100
AcDbEntity
  8
01_ROOMS$floor2_rooms
100
AcDbLine
 10
700.2140850473296
 20
81.04777515632756
 30
0.0
 11
700.2140850473296
 21
73.59795968630041
 31
0.0
  0
LINE
  5
267
330
1F
100
AcDbEntity
  8
01_ROOMS$floor2_rooms
100
AcDbLine
 10
700.2140850473296
 20
81.04777515632756
 30
0.0
 11
704.9928235247684
 21
81.04777515632756
 31
0.0
  0
LINE
  5
268
330
1F
100
AcDbEntity
  8
01_ROOMS$floor2_rooms
100
AcDbLine
 10
704.9928235247684
 20
81.04777515632756
 30
0.0
 11
704.9928235247684
 21
84.74234848350626
 31
0.0
  0
LINE
  5
269
330
1F
100
AcDbEntity
  8
01_ROOMS$floor2_rooms
100
AcDbLine
 10
704.9928235247684
 20
84.74234848350626
 30
0.0
 11
700.2140850473296
 21
84.74234848350626
 31
0.0
  0
LINE
  5
26A
330
1F
100
AcDbEntity
  8
01_ROOMS$floor2_rooms
100
AcDbLine
 10
700.2140850473296
 20
84.74234848350626
 30
0.0
 11
700.2140850473296
 21
81.04777515632756
 31
0.0
  0
LINE
  5
26B
330
1F
100
AcDbEntity
  8
01_ROOMS$floor2_rooms
100
AcDbLine
 10
700.2140850473296
 20
84.74234848350626
 30
0.0
 11
704.9928235247684
 21
84.74234848350626
 31
0.0
  0
LINE
  5
26C
330
1F
100
AcDbEntity
  8
01_ROOMS$floor2_rooms
100
AcDbLine
 10
704.9928235247684
 20
84.74234848350626
 30
0.0
 11
704.9928235247684
 21
88.40291509826623
 31
0.0
  0
LINE
  5
26D
330
1F
100
AcDbEntity
  8
01_ROOMS$floor2_rooms
100
AcDbLine
 10
704.9928235247684
 20
88.40291509826623
 30
0.0
 11
700.2140850473296
 21
88.40291509826623
 31
0.0
  0
LINE
  5
26E
330
1F
100
AcDbEntity
  8
01_ROOMS$floor2_rooms
100
AcDbLine
 10
700.2140850473296
 20
88.40291509826623
 30
0.0
 11
700.2140850473296
 21
84.74234848350626
 31
0.0
  0
LINE
  5
26F
330
1F
100
AcDbEntity
  8
01_ROOMS$floor2_rooms
100
AcDbLine
 10
700.2140850473296
 20
88.40291509826623
 30
0.0
 11
704.9928235247684
 21
88.40291509826623
 31
0.0
  0
LINE
  5
270
330
1F
100
AcDbEntity
  8
01_ROOMS$floor2_rooms
100
AcDbLine
 10
704.9928235247684
 20
88.40291509826623
 30
0.0
 11
704.9928235247684
 21
90.43237488032115
 31
0.0
  0
LINE
  5
271
330
1F
100
AcDbEntity
  8
01_ROOMS$floor2_rooms
100
AcDbLine
 10
704.9928235247684
 20
90.43237488032115
 30
0.0
 11
700.2140850473296
 21
90.43237488032115
 31
0.0
  0
LINE
  5
272
330
1F
100
AcDbEntity
  8
01_ROOMS$floor2_rooms
100
AcDbLine
 10
700.2140850473296
 20
90.43237488032115
 30
0.0
 11
700.2140850473296
 21
88.40291509826623
 31
0.0
  0
LINE
  5
273
330
1F
100
AcDbEntity
  8
01_ROOMS$floor2_rooms
100
AcDbLine
 10
711.8245914484071
 20
28.82798171451246
 30
0.0
 11
708.133633309333
 21
28.82798171451246
 31
0.0
  0
LINE
  5
274
330
1F
100
AcDbEntity
  8
01_ROOMS$floor2_rooms
100
AcDbLine
 10
708.133633309333
 20
28.82798171451246
 30
0.0
 11
708.133633309333
 21
24.37221600215668
 31
0.0
  0
LINE
  5
275
330
1F
100
AcDbEntity
  8
01_ROOMS$floor2_rooms
100
AcDbLine
 10
708.133633309333
 20
24.37221600215668
 30
0.0
 11
711.8245914484071
 21
24.37221600215668
 31
0.0
  0
LINE
  5
276
330
1F
100
AcDbEntity
  8
01_ROOMS$floor2_rooms
100
AcDbLine
 10
711.8245914484071
 20
24.37221600215668
 30
0.0
 11
711.8245914484071
 21
28.82798171451246
 31
0.0
  0
LINE
  5
277
330
1F
100
AcDbEntity
  8
01_ROOMS$floor2_rooms
100
AcDbLine
 10
716.3443328224124
 20
28.82798171451246
 30
0.0
 11
712.3099785629096
 21
28.82798171451246
 31
0.0
  0
LINE
  5
278
330
1F
100
AcDbEntity
  8
01_ROOMS$floor2_rooms
100
AcDbLine
 10
712.3099785629096
 20
28.82798171451246
 30
0.0
 11
712.3099785629096
 21
24.37221600215668
 31
0.0
  0
LINE
  5
279
330
1F
100
AcDbEntity
  8
01_ROOMS$floor2_rooms
100
AcDbLine
 10
712.3099785629096
 20
24.37221600215668
 30
0.0
 11
716.3443328224124
 21
24.37221600215668
 31
0.0
  0
LINE
  5
27A
330
1F
100
AcDbEntity
  8
01_ROOMS$floor2_rooms
100
AcDbLine
 10
716.3443328224124
 20
24.37221600215668
 30
0.0
 11
716.3443328224124
 21
28.82798171451246
 31
0.0
  0
LINE
  5
27B
330
1F
100
AcDbEntity
  8
01_ROOMS$floor2_rooms
100
AcDbLine
 10
720.8960798965351
 20
28.82798171451246
 30
0.0
 11
716.8617256370322
 21
28.82798171451246
 31
0.0
  0
LINE
  5
27C
330
1F
100
AcDbEntity
  8
01_ROOMS$floor2_rooms
100
AcDbLine
 10
716.8617256370322
 20
28.82798171451246
 30
0.0
 11
716.8617256370322
 21
24.37221600215668
 31
0.0
  0
LINE
  5
27D
330
1F
100
AcDbEntity
  8
01_ROOMS$floor2_rooms
100
AcDbLine
 10
716.8617256370322
 20
24.37221600215668
 30
0.0
 11
720.8960798965351
 21
24.37221600215668
 31
0.0
  0
LINE
  5
27E
330
1F
100
AcDbEntity
  8
01_ROOMS$floor2_rooms
100
AcDbLine
 10
720.8960798965351
 20
24.37221600215668
 30
0.0
 11
720.8960798965351
 21
28.82798171451246
 31
0.0
  0
LINE
  5
27F
330
1F
100
AcDbEntity
  8
01_ROOMS$floor2_rooms
100
AcDbLine
 10
725.6140429878882
 20
34.38949016704903
 30
0.0
 11
721.1434217127296
 21
34.38949016704903
 31
0.0
  0
LINE
  5
280
330
1F
100
AcDbEntity
  8
01_ROOMS$floor2_rooms
100
AcDbLine
 10
721.1434217127296
 20
34.38949016704903
 30
0.0
 11
721.1434217127296
 21
24.37221600215668
 31
0.0
  0
LINE
  5
281
330
1F
100
AcDbEntity
  8
01_ROOMS$floor2_rooms
100
AcDbLine
 10
721.1434217127296
 20
24.37221600215668
 30
0.0
 11
725.6140429878882
 21
24.37221600215668
 31
0.0
  0
LINE
  5
282
330
1F
100
AcDbEntity
  8
01_ROOMS$floor2_rooms
100
AcDbLine
 10
725.6140429878882
 20
24.37221600215668
 30
0.0
 11
725.6140429878882
 21
34.38949016704903
 31
0.0
  0
LINE
  5
283
330
1F
100
AcDbEntity
  8
01_ROOMS$floor2_rooms
100
AcDbLine
 10
717.9787078196166
 20
49.01319132442251
 30
0.0
 11
711.3858999430352
 21
49.01319132442251
 31
0.0
  0
LINE
  5
284
330
1F
100
AcDbEntity
  8
01_ROOMS$floor2_rooms
100
AcDbLine
 10
711.3858999430352
 20
49.01319132442251
 30
0.0
 11
711.3858999430354
 21
44.69765773534566
 31
0.0
  0
LINE
  5
285
330
1F
100
AcDbEntity
  8
01_ROOMS$floor2_rooms
100
AcDbLine
 10
711.3858999430354
 20
44.69765773534566
 30
0.0
 11
717.9787078196168
 21
44.69765773534566
 31
0.0
  0
LINE
  5
286
330
1F
100
AcDbEntity
  8
01_ROOMS$floor2_rooms
100
AcDbLine
 10
717.9787078196168
 20
44.69765773534566
 30
0.0
 11
717.9787078196166
 21
49.01319132442251
 31
0.0
  0
LINE
  5
287
330
1F
100
AcDbEntity
  8
01_ROOMS$floor2_rooms
100
AcDbLine
 10
725.614042987888
 20
49.01319132442251
 30
0.0
 11
718.280116858135
 21
49.01319132442251
 31
0.0
  0
LINE
  5
288
330
1F
100
AcDbEntity
  8
01_ROOMS$floor2_rooms
100
AcDbLine
 10
718.280116858135
 20
49.01319132442251
 30
0.0
 11
718.2801168581352
 21
44.69765773534566
 31
0.0
  0
LINE
  5
289
330
1F
100
AcDbEntity
  8
01_ROOMS$floor2_rooms
100
AcDbLine
 10
718.2801168581352
 20
44.69765773534566
 30
0.0
 11
725.6140429878882
 21
44.69765773534566
 31
0.0
  0
LINE
  5
28A
330
1F
100
AcDbEntity
  8
01_ROOMS$floor2_rooms
100
AcDbLine
 10
725.6140429878882
 20
44.69765773534566
 30
0.0
 11
725.614042987888
 21
49.01319132442251
 31
0.0
  0
LINE
  5
28B
330
1F
100
AcDbEntity
  8
01_ROOMS$floor2_rooms
100
AcDbLine
 10
725.6140429878882
 20
44.34818732209872
 30
0.0
 11
721.217172276877
 21
44.34818732209872
 31
0.0
  0
LINE
  5
28C
330
1F
100
AcDbEntity
  8
01_ROOMS$floor2_rooms
100
AcDbLine
 10
721.217172276877
 20
44.34818732209872
 30
0.0
 11
721.217172276877
 21
39.91356614652233
 31
0.0
  0
LINE
  5
28D
330
1F
100
AcDbEntity
  8
01_ROOMS$floor2_rooms
100
AcDbLine
 10
721.217172276877
 20
39.91356614652233
 30
0.0
 11
725.6140429878882
 21
39.91356614652233
 31
0.0
  0
LINE
  5
28E
330
1F
100
AcDbEntity
  8
01_ROOMS$floor2_rooms
100
AcDbLine
 10
725.6140429878882
 20
39.91356614652233
 30
0.0
 11
725.6140429878882
 21
44.34818732209872
 31
0.0
  0
LINE
  5
28F
330
1F
100
AcDbEntity
  8
01_ROOMS$floor2_rooms
100
AcDbLine
 10
725.6140429878882
 20
39.38073449147797
 30
0.0
 11
721.1434217127296
 21
39.38073449147797
 31
0.0
  0
LINE
  5
290
330
1F
100
AcDbEntity
  8
01_ROOMS$floor2_rooms
100
AcDbLine
 10
721.1434217127296
 20
39.38073449147797
 30
0.0
 11
721.1434217127296
 21
34.77670009077831
 31
0.0
  0
LINE
  5
291
330
1F
100
AcDbEntity
  8
01_ROOMS$floor2_rooms
100
AcDbLine
 10
721.1434217127296
 20
34.77670009077831
 30
0.0
 11
725.6140429878882
 21
34.77670009077831
 31
0.0
  0
LINE
  5
292
330
1F
100
AcDbEntity
  8
01_ROOMS$floor2_rooms
100
AcDbLine
 10
725.6140429878882
 20
34.77670009077831
 30
0.0
 11
725.6140429878882
 21
39.38073449147797
 31
0.0
  0
LINE
  5
293
330
1F
100
AcDbEntity
  8
01_ROOMS$floor2_rooms
100
AcDbLine
 10
624.9810056249627
 20
45.73951297365687
 30
0.0
 11
621.8077790202152
 21
45.73951297365687
 31
0.0
  0
LINE
  5
294
330
1F
100
AcDbEntity
  8
01_ROOMS$floor2_rooms
100
AcDbLine
 10
621.8077790202152
 20
45.73951297365687
 30
0.0
 11
621.8077790202152
 21
49.79454409391373
 31
0.0
  0
LINE
  5
295
330
1F
100
AcDbEntity
  8
01_ROOMS$floor2_rooms
100
AcDbLine
 10
621.8077790202152
 20
49.79454409391373
 30
0.0
 11
619.6792506977182
 21
49.79454409391373
 31
0.0
  0
LINE
  5
296
330
1F
100
AcDbEntity
  8
01_ROOMS$floor2_rooms
100
AcDbLine
 10
619.6792506977182
 20
49.79454409391373
 30
0.0
 11
619.6792506977181
 21
41.64968263594236
 31
0.0
  0
LINE
  5
297
330
1F
100
AcDbEntity
  8
01_ROOMS$floor2_rooms
100
AcDbLine
 10
619.6792506977181
 20
41.64968263594236
 30
0.0
 11
624.9810056249627
 21
41.64968263594236
 31
0.0
  0
LINE
  5
298
330
1F
100
AcDbEntity
  8
01_ROOMS$floor2_rooms
100
AcDbLine
 10
624.9810056249627
 20
41.64968263594236
 30
0.0
 11
624.9810056249627
 21
45.73951297365687
 31
0.0
  0
LINE
  5
299
330
1F
100
AcDbEntity
  8
01_ROOMS$floor2_rooms
100
AcDbLine
 10
692.5328650577175
 20
41.64968263594236
 30
0.0
 11
697.1202236870419
 21
41.64968263594236
 31
0.0
  0
LINE
  5
29A
330
1F
100
AcDbEntity
  8
01_ROOMS$floor2_rooms
100
AcDbLine
 10
697.1202236870419
 20
41.64968263594236
 30
0.0
 11
697.1202236870419
 21
45.73951297365687
 31
0.0
  0
LINE
  5
29B
330
1F
100
AcDbEntity
  8
01_ROOMS$floor2_rooms
100
AcDbLine
 10
697.1202236870419
 20
45.73951297365687
 30
0.0
 11
692.5328650577175
 21
45.73951297365687
 31
0.0
  0
LINE
  5
29C
330
1F
100
AcDbEntity
  8
01_ROOMS$floor2_rooms
100
AcDbLine
 10
692.5328650577175
 20
45.73951297365687
 30
0.0
 11
692.5328650577175
 21
41.64968263594236
 31
0.0
  0
LINE
  5
29D
330
1F
100
AcDbEntity
  8
01_ROOMS$floor2_rooms
100
AcDbLine
 10
685.0208440555708
 20
41.64968263594236
 30
0.0
 11
692.5328650577175
 21
41.64968263594236
 31
0.0
  0
LINE
  5
29E
330
1F
100
AcDbEntity
  8
01_ROOMS$floor2_rooms
100
AcDbLine
 10
692.5328650577175
 20
41.64968263594236
 30
0.0
 11
692.5328650577175
 21
45.73951297365687
 31
0.0
  0
LINE
  5
29F
330
1F
100
AcDbEntity
  8
01_ROOMS$floor2_rooms
100
AcDbLine
 10
692.5328650577175
 20
45.73951297365687
 30
0.0
 11
685.0208440555708
 21
45.73951297365687
 31
0.0
  0
LINE
  5
2A0
330
1F
100
AcDbEntity
  8
01_ROOMS$floor2_rooms
100
AcDbLine
 10
685.0208440555708
 20
45.73951297365687
 30
0.0
 11
685.0208440555708
 21
41.64968263594236
 31
0.0
  0
LINE
  5
2A1
330
1F
100
AcDbEntity
  8
01_ROOMS$floor2_rooms
100
AcDbLine
 10
677.6220798730601
 20
41.64968263594236
 30
0.0
 11
685.0208440555708
 21
41.64968263594236
 31
0.0
  0
LINE
  5
2A2
330
1F
100
AcDbEntity
  8
01_ROOMS$floor2_rooms
100
AcDbLine
 10
685.0208440555708
 20
41.64968263594236
 30
0.0
 11
685.0208440555708
 21
45.73951297365687
 31
0.0
  0
LINE
  5
2A3
330
1F
100
AcDbEntity
  8
01_ROOMS$floor2_rooms
100
AcDbLine
 10
685.0208440555708
 20
45.73951297365687
 30
0.0
 11
677.6220798730601
 21
45.73951297365687
 31
0.0
  0
LINE
  5
2A4
330
1F
100
AcDbEntity
  8
01_ROOMS$floor2_rooms
100
AcDbLine
 10
677.6220798730601
 20
45.73951297365687
 30
0.0
 11
677.6220798730601
 21
41.64968263594236
 31
0.0
  0
LINE
  5
2A5
330
1F
100
AcDbEntity
  8
01_ROOMS$floor2_rooms
100
AcDbLine
 10
670.2182187876234
 20
41.64968263594236
 30
0.0
 11
677.6220798730601
 21
41.64968263594236
 31
0.0
  0
LINE
  5
2A6
330
1F
100
AcDbEntity
  8
01_ROOMS$floor2_rooms
100
AcDbLine
 10
677.6220798730601
 20
41.64968263594236
 30
0.0
 11
677.6220798730601
 21
45.73951297365687
 31
0.0
  0
LINE
  5
2A7
330
1F
100
AcDbEntity
  8
01_ROOMS$floor2_rooms
100
AcDbLine
 10
677.6220798730601
 20
45.73951297365687
 30
0.0
 11
670.2182187876234
 21
45.73951297365687
 31
0.0
  0
LINE
  5
2A8
330
1F
100
AcDbEntity
  8
01_ROOMS$floor2_rooms
100
AcDbLine
 10
670.2182187876234
 20
45.73951297365687
 30
0.0
 11
670.2182187876234
 21
41.64968263594236
 31
0.0
  0
LINE
  5
2A9
330
1F
100
AcDbEntity
  8
01_ROOMS$floor2_rooms
100
AcDbLine
 10
666.453479720887
 20
41.64968263594236
 30
0.0
 11
670.2182187876234
 21
41.64968263594236
 31
0.0
  0
LINE
  5
2AA
330
1F
100
AcDbEntity
  8
01_ROOMS$floor2_rooms
100
AcDbLine
 10
670.2182187876234
 20
41.64968263594236
 30
0.0
 11
670.2182187876234
 21
45.73951297365687
 31
0.0
  0
LINE
  5
2AB
330
1F
100
AcDbEntity
  8
01_ROOMS$floor2_rooms
100
AcDbLine
 10
670.2182187876234
 20
45.73951297365687
 30
0.0
 11
666.453479720887
 21
45.73951297365687
 31
0.0
  0
LINE
  5
2AC
330
1F
100
AcDbEntity
  8
01_ROOMS$floor2_rooms
100
AcDbLine
 10
666.453479720887
 20
45.73951297365687
 30
0.0
 11
666.453479720887
 21
41.64968263594236
 31
0.0
  0
LINE
  5
2AD
330
1F
100
AcDbEntity
  8
01_ROOMS$floor2_rooms
100
AcDbLine
 10
659.2733890975117
 20
41.64968263594236
 30
0.0
 11
666.453479720887
 21
41.64968263594236
 31
0.0
  0
LINE
  5
2AE
330
1F
100
AcDbEntity
  8
01_ROOMS$floor2_rooms
100
AcDbLine
 10
666.453479720887
 20
41.64968263594236
 30
0.0
 11
666.453479720887
 21
45.73951297365687
 31
0.0
  0
LINE
  5
2AF
330
1F
100
AcDbEntity
  8
01_ROOMS$floor2_rooms
100
AcDbLine
 10
666.453479720887
 20
45.73951297365687
 30
0.0
 11
659.2733890975117
 21
45.73951297365687
 31
0.0
  0
LINE
  5
2B0
330
1F
100
AcDbEntity
  8
01_ROOMS$floor2_rooms
100
AcDbLine
 10
659.2733890975117
 20
45.73951297365687
 30
0.0
 11
659.2733890975117
 21
41.64968263594236
 31
0.0
  0
LINE
  5
2B1
330
1F
100
AcDbEntity
  8
01_ROOMS$floor2_rooms
100
AcDbLine
 10
651.7468842582867
 20
41.64968263594236
 30
0.0
 11
659.2733890975117
 21
41.64968263594236
 31
0.0
  0
LINE
  5
2B2
330
1F
100
AcDbEntity
  8
01_ROOMS$floor2_rooms
100
AcDbLine
 10
659.2733890975117
 20
41.64968263594236
 30
0.0
 11
659.2733890975117
 21
45.73951297365687
 31
0.0
  0
LINE
  5
2B3
330
1F
100
AcDbEntity
  8
01_ROOMS$floor2_rooms
100
AcDbLine
 10
659.2733890975117
 20
45.73951297365687
 30
0.0
 11
651.7468842582867
 21
45.73951297365687
 31
0.0
  0
LINE
  5
2B4
330
1F
100
AcDbEntity
  8
01_ROOMS$floor2_rooms
100
AcDbLine
 10
651.7468842582867
 20
45.73951297365687
 30
0.0
 11
651.7468842582867
 21
41.64968263594236
 31
0.0
  0
LINE
  5
2B5
330
1F
100
AcDbEntity
  8
01_ROOMS$floor2_rooms
100
AcDbLine
 10
644.2704915930219
 20
41.64968263594236
 30
0.0
 11
651.7468842582867
 21
41.64968263594236
 31
0.0
  0
LINE
  5
2B6
330
1F
100
AcDbEntity
  8
01_ROOMS$floor2_rooms
100
AcDbLine
 10
651.7468842582867
 20
41.64968263594236
 30
0.0
 11
651.7468842582867
 21
45.73951297365687
 31
0.0
  0
LINE
  5
2B7
330
1F
100
AcDbEntity
  8
01_ROOMS$floor2_rooms
100
AcDbLine
 10
651.7468842582867
 20
45.73951297365687
 30
0.0
 11
644.2704915930219
 21
45.73951297365687
 31
0.0
  0
LINE
  5
2B8
330
1F
100
AcDbEntity
  8
01_ROOMS$floor2_rooms
100
AcDbLine
 10
644.2704915930219
 20
45.73951297365687
 30
0.0
 11
644.2704915930219
 21
41.64968263594236
 31
0.0
  0
LINE
  5
2B9
330
1F
100
AcDbEntity
  8
01_ROOMS$floor2_rooms
100
AcDbLine
 10
636.6812132934512
 20
41.64968263594236
 30
0.0
 11
644.2704915930219
 21
41.64968263594236
 31
0.0
  0
LINE
  5
2BA
330
1F
100
AcDbEntity
  8
01_ROOMS$floor2_rooms
100
AcDbLine
 10
644.2704915930219
 20
41.64968263594236
 30
0.0
 11
644.2704915930219
 21
45.73951297365687
 31
0.0
  0
LINE
  5
2BB
330
1F
100
AcDbEntity
  8
01_ROOMS$floor2_rooms
100
AcDbLine
 10
644.2704915930219
 20
45.73951297365687
 30
0.0
 11
636.6812132934512
 21
45.73951297365687
 31
0.0
  0
LINE
  5
2BC
330
1F
100
AcDbEntity
  8
01_ROOMS$floor2_rooms
100
AcDbLine
 10
636.6812132934512
 20
45.73951297365687
 30
0.0
 11
636.6812132934512
 21
41.64968263594236
 31
0.0
  0
LINE
  5
2BD
330
1F
100
AcDbEntity
  8
01_ROOMS$floor2_rooms
100
AcDbLine
 10
629.5446577700952
 20
41.64968263594236
 30
0.0
 11
636.6812132934512
 21
41.64968263594236
 31
0.0
  0
LINE
  5
2BE
330
1F
100
AcDbEntity
  8
01_ROOMS$floor2_rooms
100
AcDbLine
 10
636.6812132934512
 20
41.64968263594236
 30
0.0
 11
636.6812132934512
 21
45.73951297365687
 31
0.0
  0
LINE
  5
2BF
330
1F
100
AcDbEntity
  8
01_ROOMS$floor2_rooms
100
AcDbLine
 10
636.6812132934512
 20
45.73951297365687
 30
0.0
 11
629.5446577700952
 21
45.73951297365687
 31
0.0
  0
LINE
  5
2C0
330
1F
100
AcDbEntity
  8
01_ROOMS$floor2_rooms
100
AcDbLine
 10
629.5446577700952
 20
45.73951297365687
 30
0.0
 11
629.5446577700952
 21
41.64968263594236
 31
0.0
  0
LINE
  5
2C1
330
1F
100
AcDbEntity
  8
01_ROOMS$floor2_rooms
100
AcDbLine
 10
624.9810056249627
 20
41.64968263594236
 30
0.0
 11
629.5446577700952
 21
41.64968263594236
 31
0.0
  0
LINE
  5
2C2
330
1F
100
AcDbEntity
  8
01_ROOMS$floor2_rooms
100
AcDbLine
 10
629.5446577700952
 20
41.64968263594236
 30
0.0
 11
629.5446577700952
 21
45.73951297365687
 31
0.0
  0
LINE
  5
2C3
330
1F
100
AcDbEntity
  8
01_ROOMS$floor2_rooms
100
AcDbLine
 10
629.5446577700952
 20
45.73951297365687
 30
0.0
 11
624.9810056249627
 21
45.73951297365687
 31
0.0
  0
LINE
  5
2C4
330
1F
100
AcDbEntity
  8
01_ROOMS$floor2_rooms
100
AcDbLine
 10
624.9810056249627
 20
45.73951297365687
 30
0.0
 11
624.9810056249627
 21
41.64968263594236
 31
0.0
  0
LINE
  5
2C5
330
1F
100
AcDbEntity
  8
01_ROOMS$floor2_rooms
100
AcDbLine
 10
636.8471108107153
 20
39.10467003046764
 30
0.0
 11
625.9192069206339
 21
39.10467003046764
 31
0.0
  0
LINE
  5
2C6
330
1F
100
AcDbEntity
  8
01_ROOMS$floor2_rooms
100
AcDbLine
 10
625.9192069206339
 20
39.10467003046764
 30
0.0
 11
625.9192069206339
 21
35.26717592175521
 31
0.0
  0
LINE
  5
2C7
330
1F
100
AcDbEntity
  8
01_ROOMS$floor2_rooms
100
AcDbLine
 10
625.9192069206339
 20
35.26717592175521
 30
0.0
 11
619.6667600470898
 21
35.26717592175521
 31
0.0
  0
LINE
  5
2C8
330
1F
100
AcDbEntity
  8
01_ROOMS$floor2_rooms
100
AcDbLine
 10
619.6667600470898
 20
35.26717592175521
 30
0.0
 11
619.6667600470898
 21
28.49956860003699
 31
0.0
  0
LINE
  5
2C9
330
1F
100
AcDbEntity
  8
01_ROOMS$floor2_rooms
100
AcDbLine
 10
619.6667600470898
 20
28.49956860003699
 30
0.0
 11
636.8471108107153
 21
28.49956860003699
 31
0.0
  0
LINE
  5
2CA
330
1F
100
AcDbEntity
  8
01_ROOMS$floor2_rooms
100
AcDbLine
 10
636.8471108107153
 20
28.49956860003699
 30
0.0
 11
636.8471108107153
 21
39.10467003046764
 31
0.0
  0
LINE
  5
2CB
330
1F
100
AcDbEntity
  8
01_ROOMS$floor2_rooms
100
AcDbLine
 10
636.8471108107153
 20
28.49956860003699
 30
0.0
 11
644.2599179043444
 21
28.49956860003699
 31
0.0
  0
LINE
  5
2CC
330
1F
100
AcDbEntity
  8
01_ROOMS$floor2_rooms
100
AcDbLine
 10
644.2599179043444
 20
28.49956860003699
 30
0.0
 11
644.2599179043444
 21
39.10467003046764
 31
0.0
  0
LINE
  5
2CD
330
1F
100
AcDbEntity
  8
01_ROOMS$floor2_rooms
100
AcDbLine
 10
644.2599179043444
 20
39.10467003046764
 30
0.0
 11
636.8471108107153
 21
39.10467003046764
 31
0.0
  0
LINE
  5
2CE
330
1F
100
AcDbEntity
  8
01_ROOMS$floor2_rooms
100
AcDbLine
 10
636.8471108107153
 20
39.10467003046764
 30
0.0
 11
636.8471108107153
 21
28.49956860003699
 31
0.0
  0
LINE
  5
2CF
330
1F
100
AcDbEntity
  8
01_ROOMS$floor2_rooms
100
AcDbLine
 10
644.2599179043444
 20
28.49956860003699
 30
0.0
 11
659.1314626513629
 21
28.49956860003699
 31
0.0
  0
LINE
  5
2D0
330
1F
100
AcDbEntity
  8
01_ROOMS$floor2_rooms
100
AcDbLine
 10
659.1314626513629
 20
28.49956860003699
 30
0.0
 11
659.1314626513629
 21
39.10467003046764
 31
0.0
  0
LINE
  5
2D1
330
1F
100
AcDbEntity
  8
01_ROOMS$floor2_rooms
100
AcDbLine
 10
659.1314626513629
 20
39.10467003046764
 30
0.0
 11
644.2599179043444
 21
39.10467003046764
 31
0.0
  0
LINE
  5
2D2
330
1F
100
AcDbEntity
  8
01_ROOMS$floor2_rooms
100
AcDbLine
 10
644.2599179043444
 20
39.10467003046764
 30
0.0
 11
644.2599179043444
 21
28.49956860003699
 31
0.0
  0
LINE
  5
2D3
330
1F
100
AcDbEntity
  8
01_ROOMS$floor2_rooms
100
AcDbLine
 10
659.1314626513629
 20
28.49956860003699
 30
0.0
 11
677.6196590102732
 21
28.49956860003699
 31
0.0
  0
LINE
  5
2D4
330
1F
100
AcDbEntity
  8
01_ROOMS$floor2_rooms
100
AcDbLine
 10
677.6196590102732
 20
28.49956860003699
 30
0.0
 11
677.6196590102732
 21
39.10467003046764
 31
0.0
  0
LINE
  5
2D5
330
1F
100
AcDbEntity
  8
01_ROOMS$floor2_rooms
100
AcDbLine
 10
677.6196590102732
 20
39.10467003046764
 30
0.0
 11
659.1314626513629
 21
39.10467003046764
 31
0.0
  0
LINE
  5
2D6
330
1F
100
AcDbEntity
  8
01_ROOMS$floor2_rooms
100
AcDbLine
 10
659.1314626513629
 20
39.10467003046764
 30
0.0
 11
659.1314626513629
 21
28.49956860003699
 31
0.0
  0
LINE
  5
2D7
330
1F
100
AcDbEntity
  8
01_ROOMS$floor2_rooms
100
AcDbLine
 10
677.6196590102732
 20
28.49956860003699
 30
0.0
 11
695.9674229894692
 21
28.49956860003699
 31
0.0
  0
LINE
  5
2D8
330
1F
100
AcDbEntity
  8
01_ROOMS$floor2_rooms
100
AcDbLine
 10
695.9674229894692
 20
28.49956860003699
 30
0.0
 11
695.9674229894692
 21
39.10467003046764
 31
0.0
  0
LINE
  5
2D9
330
1F
100
AcDbEntity
  8
01_ROOMS$floor2_rooms
100
AcDbLine
 10
695.9674229894692
 20
39.10467003046764
 30
0.0
 11
677.6196590102732
 21
39.10467003046764
 31
0.0
  0
LINE
  5
2DA
330
1F
100
AcDbEntity
  8
01_ROOMS$floor2_rooms
100
AcDbLine
 10
677.6196590102732
 20
39.10467003046764
 30
0.0
 11
677.6196590102732
 21
28.49956860003699
 31
0.0
  0
LINE
  5
2DB
330
1F
100
AcDbEntity
  8
01_ROOMS$floor2_rooms
100
AcDbLine
 10
610.2155841307297
 20
28.82798171451246
 30
0.0
 11
613.869856144997
 21
28.82798171451246
 31
0.0
  0
LINE
  5
2DC
330
1F
100
AcDbEntity
  8
01_ROOMS$floor2_rooms
100
AcDbLine
 10
613.869856144997
 20
28.82798171451246
 30
0.0
 11
613.869856144997
 21
24.37221600215668
 31
0.0
  0
LINE
  5
2DD
330
1F
100
AcDbEntity
  8
01_ROOMS$floor2_rooms
100
AcDbLine
 10
613.869856144997
 20
24.37221600215668
 30
0.0
 11
610.2155841307297
 21
24.37221600215668
 31
0.0
  0
LINE
  5
2DE
330
1F
100
AcDbEntity
  8
01_ROOMS$floor2_rooms
100
AcDbLine
 10
610.2155841307297
 20
24.37221600215668
 30
0.0
 11
610.2155841307297
 21
28.82798171451246
 31
0.0
  0
LINE
  5
2DF
330
1F
100
AcDbEntity
  8
01_ROOMS$floor2_rooms
100
AcDbLine
 10
605.4915268146061
 20
28.82798171451246
 30
0.0
 11
609.9310958525613
 21
28.82798171451246
 31
0.0
  0
LINE
  5
2E0
330
1F
100
AcDbEntity
  8
01_ROOMS$floor2_rooms
100
AcDbLine
 10
609.9310958525613
 20
28.82798171451246
 30
0.0
 11
609.9310958525613
 21
24.37221600215668
 31
0.0
  0
LINE
  5
2E1
330
1F
100
AcDbEntity
  8
01_ROOMS$floor2_rooms
100
AcDbLine
 10
609.9310958525613
 20
24.37221600215668
 30
0.0
 11
605.4915268146061
 21
24.37221600215668
 31
0.0
  0
LINE
  5
2E2
330
1F
100
AcDbEntity
  8
01_ROOMS$floor2_rooms
100
AcDbLine
 10
605.4915268146061
 20
24.37221600215668
 30
0.0
 11
605.4915268146061
 21
28.82798171451246
 31
0.0
  0
LINE
  5
2E3
330
1F
100
AcDbEntity
  8
01_ROOMS$floor2_rooms
100
AcDbLine
 10
601.1720206690076
 20
28.82798171451246
 30
0.0
 11
605.2534801725137
 21
28.82798171451246
 31
0.0
  0
LINE
  5
2E4
330
1F
100
AcDbEntity
  8
01_ROOMS$floor2_rooms
100
AcDbLine
 10
605.2534801725137
 20
28.82798171451246
 30
0.0
 11
605.2534801725137
 21
24.37221600215668
 31
0.0
  0
LINE
  5
2E5
330
1F
100
AcDbEntity
  8
01_ROOMS$floor2_rooms
100
AcDbLine
 10
605.2534801725137
 20
24.37221600215668
 30
0.0
 11
601.1720206690076
 21
24.37221600215668
 31
0.0
  0
LINE
  5
2E6
330
1F
100
AcDbEntity
  8
01_ROOMS$floor2_rooms
100
AcDbLine
 10
601.1720206690076
 20
24.37221600215668
 30
0.0
 11
601.1720206690076
 21
28.82798171451246
 31
0.0
  0
LINE
  5
2E7
330
1F
100
AcDbEntity
  8
01_ROOMS$floor2_rooms
100
AcDbLine
 10
596.4540575776545
 20
44.42990774791562
 30
0.0
 11
600.924678852813
 21
44.42990774791562
 31
0.0
  0
LINE
  5
2E8
330
1F
100
AcDbEntity
  8
01_ROOMS$floor2_rooms
100
AcDbLine
 10
600.924678852813
 20
44.42990774791562
 30
0.0
 11
600.924678852813
 21
34.77670009077831
 31
0.0
  0
LINE
  5
2E9
330
1F
100
AcDbEntity
  8
01_ROOMS$floor2_rooms
100
AcDbLine
 10
600.924678852813
 20
34.77670009077831
 30
0.0
 11
596.4540575776545
 21
34.77670009077831
 31
0.0
  0
LINE
  5
2EA
330
1F
100
AcDbEntity
  8
01_ROOMS$floor2_rooms
100
AcDbLine
 10
596.4540575776545
 20
34.77670009077831
 30
0.0
 11
596.4540575776545
 21
44.42990774791562
 31
0.0
  0
LINE
  5
2EB
330
1F
100
AcDbEntity
  8
01_ROOMS$floor2_rooms
100
AcDbLine
 10
596.4540575776547
 20
49.01319132442251
 30
0.0
 11
610.6700066370477
 21
49.01319132442251
 31
0.0
  0
LINE
  5
2EC
330
1F
100
AcDbEntity
  8
01_ROOMS$floor2_rooms
100
AcDbLine
 10
610.6700066370477
 20
49.01319132442251
 30
0.0
 11
610.6700066370474
 21
44.69765773534566
 31
0.0
  0
LINE
  5
2ED
330
1F
100
AcDbEntity
  8
01_ROOMS$floor2_rooms
100
AcDbLine
 10
610.6700066370474
 20
44.69765773534566
 30
0.0
 11
596.4540575776545
 21
44.69765773534566
 31
0.0
  0
LINE
  5
2EE
330
1F
100
AcDbEntity
  8
01_ROOMS$floor2_rooms
100
AcDbLine
 10
596.4540575776545
 20
44.69765773534566
 30
0.0
 11
596.4540575776547
 21
49.01319132442251
 31
0.0
  0
LINE
  5
2EF
330
1F
100
AcDbEntity
  8
01_ROOMS$floor2_rooms
100
AcDbLine
 10
596.4540575776545
 20
34.56328730619077
 30
0.0
 11
600.924678852813
 21
34.56328730619077
 31
0.0
  0
LINE
  5
2F0
330
1F
100
AcDbEntity
  8
01_ROOMS$floor2_rooms
100
AcDbLine
 10
600.924678852813
 20
34.56328730619077
 30
0.0
 11
600.924678852813
 21
24.37221600215668
 31
0.0
  0
LINE
  5
2F1
330
1F
100
AcDbEntity
  8
01_ROOMS$floor2_rooms
100
AcDbLine
 10
600.924678852813
 20
24.37221600215668
 30
0.0
 11
596.4540575776545
 21
24.37221600215668
 31
0.0
  0
LINE
  5
2F2
330
1F
100
AcDbEntity
  8
01_ROOMS$floor2_rooms
100
AcDbLine
 10
596.4540575776545
 20
24.37221600215668
 30
0.0
 11
596.4540575776545
 21
34.56328730619077
 31
0.0
  0
LINE
  5
2F3
330
1F
100
AcDbEntity
  8
01_ROOMS$floor2_rooms
100
AcDbLine
 10
613.9017770562564
 20
50.58492102277171
 30
0.0
 11
621.2292358064524
 21
50.58492102277171
 31
0.0
  0
LINE
  5
2F4
330
1F
100
AcDbEntity
  8
01_ROOMS$floor2_rooms
100
AcDbLine
 10
621.2292358064524
 20
50.58492102277171
 30
0.0
 11
621.2292358064524
 21
53.92064497449398
 31
0.0
  0
LINE
  5
2F5
330
1F
100
AcDbEntity
  8
01_ROOMS$floor2_rooms
100
AcDbLine
 10
621.2292358064524
 20
53.92064497449398
 30
0.0
 11
613.9017770562564
 21
53.92064497449398
 31
0.0
  0
LINE
  5
2F6
330
1F
100
AcDbEntity
  8
01_ROOMS$floor2_rooms
100
AcDbLine
 10
613.9017770562564
 20
53.92064497449398
 30
0.0
 11
613.9017770562564
 21
50.58492102277171
 31
0.0
  0
LINE
  5
2F7
330
1F
100
AcDbEntity
  8
01_ROOMS$floor2_rooms
100
AcDbLine
 10
613.9017770562564
 20
53.92064497449398
 30
0.0
 11
621.2292358064524
 21
53.92064497449398
 31
0.0
  0
LINE
  5
2F8
330
1F
100
AcDbEntity
  8
01_ROOMS$floor2_rooms
100
AcDbLine
 10
621.2292358064524
 20
53.92064497449398
 30
0.0
 11
621.2292358064524
 21
62.32700810280906
 31
0.0
  0
LINE
  5
2F9
330
1F
100
AcDbEntity
  8
01_ROOMS$floor2_rooms
100
AcDbLine
 10
621.2292358064524
 20
62.32700810280906
 30
0.0
 11
613.9017770562564
 21
62.32700810280906
 31
0.0
  0
LINE
  5
2FA
330
1F
100
AcDbEntity
  8
01_ROOMS$floor2_rooms
100
AcDbLine
 10
613.9017770562564
 20
62.32700810280906
 30
0.0
 11
613.9017770562564
 21
53.92064497449398
 31
0.0
  0
LINE
  5
2FB
330
1F
100
AcDbEntity
  8
01_ROOMS$floor2_rooms
100
AcDbLine
 10
613.9017770562564
 20
62.32700810280906
 30
0.0
 11
621.2292358064524
 21
62.32700810280906
 31
0.0
  0
LINE
  5
2FC
330
1F
100
AcDbEntity
  8
01_ROOMS$floor2_rooms
100
AcDbLine
 10
621.2292358064524
 20
62.32700810280906
 30
0.0
 11
621.2292358064524
 21
70.78900360305491
 31
0.0
  0
LINE
  5
2FD
330
1F
100
AcDbEntity
  8
01_ROOMS$floor2_rooms
100
AcDbLine
 10
621.2292358064524
 20
70.78900360305491
 30
0.0
 11
613.9017770562564
 21
70.78900360305491
 31
0.0
  0
LINE
  5
2FE
330
1F
100
AcDbEntity
  8
01_ROOMS$floor2_rooms
100
AcDbLine
 10
613.9017770562564
 20
70.78900360305491
 30
0.0
 11
613.9017770562564
 21
62.32700810280906
 31
0.0
  0
LINE
  5
2FF
330
1F
100
AcDbEntity
  8
01_ROOMS$floor2_rooms
100
AcDbLine
 10
613.9017770562564
 20
70.78900360305491
 30
0.0
 11
621.2292358064524
 21
70.78900360305491
 31
0.0
  0
LINE
  5
300
330
1F
100
AcDbEntity
  8
01_ROOMS$floor2_rooms
100
AcDbLine
 10
621.2292358064524
 20
70.78900360305491
 30
0.0
 11
621.2292358064524
 21
79.40759459070762
 31
0.0
  0
LINE
  5
301
330
1F
100
AcDbEntity
  8
01_ROOMS$floor2_rooms
100
AcDbLine
 10
621.2292358064524
 20
79.40759459070762
 30
0.0
 11
613.9017770562564
 21
79.40759459070762
 31
0.0
  0
LINE
  5
302
330
1F
100
AcDbEntity
  8
01_ROOMS$floor2_rooms
100
AcDbLine
 10
613.9017770562564
 20
79.40759459070762
 30
0.0
 11
613.9017770562564
 21
70.78900360305491
 31
0.0
  0
LINE
  5
303
330
1F
100
AcDbEntity
  8
01_ROOMS$floor2_rooms
100
AcDbLine
 10
613.9017770562564
 20
79.40759459070762
 30
0.0
 11
621.2292358064524
 21
79.40759459070762
 31
0.0
  0
LINE
  5
304
330
1F
100
AcDbEntity
  8
01_ROOMS$floor2_rooms
100
AcDbLine
 10
621.2292358064524
 20
79.40759459070762
 30
0.0
 11
621.2292358064524
 21
87.81450106095981
 31
0.0
  0
LINE
  5
305
330
1F
100
AcDbEntity
  8
01_ROOMS$floor2_rooms
100
AcDbLine
 10
621.2292358064524
 20
87.81450106095981
 30
0.0
 11
613.9017770562564
 21
87.81450106095981
 31
0.0
  0
LINE
  5
306
330
1F
100
AcDbEntity
  8
01_ROOMS$floor2_rooms
100
AcDbLine
 10
613.9017770562564
 20
87.81450106095981
 30
0.0
 11
613.9017770562564
 21
79.40759459070762
 31
0.0
  0
LINE
  5
307
330
1F
100
AcDbEntity
  8
01_ROOMS$floor2_rooms
100
AcDbLine
 10
613.9017770562564
 20
87.81450106095981
 30
0.0
 11
621.2292358064524
 21
87.81450106095981
 31
0.0
  0
LINE
  5
308
330
1F
100
AcDbEntity
  8
01_ROOMS$floor2_rooms
100
AcDbLine
 10
621.2292358064524
 20
87.81450106095981
 30
0.0
 11
621.2292358064524
 21
91.13125371288682
 31
0.0
  0
LINE
  5
309
330
1F
100
AcDbEntity
  8
01_ROOMS$floor2_rooms
100
AcDbLine
 10
621.2292358064524
 20
91.13125371288682
 30
0.0
 11
613.9017770562564
 21
91.13125371288682
 31
0.0
  0
LINE
  5
30A
330
1F
100
AcDbEntity
  8
01_ROOMS$floor2_rooms
100
AcDbLine
 10
613.9017770562564
 20
91.13125371288682
 30
0.0
 11
613.9017770562564
 21
87.81450106095981
 31
0.0
  0
LINE
  5
30B
330
1F
100
AcDbEntity
  8
01_ROOMS$floor2_rooms
100
AcDbLine
 10
605.2644739121725
 20
50.37034453769839
 30
0.0
 11
611.0500875606466
 21
50.37034453769839
 31
0.0
  0
LINE
  5
30C
330
1F
100
AcDbEntity
  8
01_ROOMS$floor2_rooms
100
AcDbLine
 10
611.0500875606466
 20
50.37034453769839
 30
0.0
 11
611.0500875606466
 21
53.92064497449398
 31
0.0
  0
LINE
  5
30D
330
1F
100
AcDbEntity
  8
01_ROOMS$floor2_rooms
100
AcDbLine
 10
611.0500875606466
 20
53.92064497449398
 30
0.0
 11
605.2644739121725
 21
53.92064497449398
 31
0.0
  0
LINE
  5
30E
330
1F
100
AcDbEntity
  8
01_ROOMS$floor2_rooms
100
AcDbLine
 10
605.2644739121725
 20
53.92064497449398
 30
0.0
 11
605.2644739121725
 21
50.37034453769839
 31
0.0
  0
LINE
  5
30F
330
1F
100
AcDbEntity
  8
01_ROOMS$floor2_rooms
100
AcDbLine
 10
605.2644739121725
 20
53.92064497449398
 30
0.0
 11
611.0500875606466
 21
53.92064497449398
 31
0.0
  0
LINE
  5
310
330
1F
100
AcDbEntity
  8
01_ROOMS$floor2_rooms
100
AcDbLine
 10
611.0500875606466
 20
53.92064497449398
 30
0.0
 11
611.0500875606466
 21
56.68484265695238
 31
0.0
  0
LINE
  5
311
330
1F
100
AcDbEntity
  8
01_ROOMS$floor2_rooms
100
AcDbLine
 10
611.0500875606466
 20
56.68484265695238
 30
0.0
 11
605.2644739121725
 21
56.68484265695238
 31
0.0
  0
LINE
  5
312
330
1F
100
AcDbEntity
  8
01_ROOMS$floor2_rooms
100
AcDbLine
 10
605.2644739121725
 20
56.68484265695238
 30
0.0
 11
605.2644739121725
 21
53.92064497449398
 31
0.0
  0
LINE
  5
313
330
1F
100
AcDbEntity
  8
01_ROOMS$floor2_rooms
100
AcDbLine
 10
605.2644739121725
 20
56.68484265695238
 30
0.0
 11
611.0500875606466
 21
56.68484265695238
 31
0.0
  0
LINE
  5
314
330
1F
100
AcDbEntity
  8
01_ROOMS$floor2_rooms
100
AcDbLine
 10
611.0500875606466
 20
56.68484265695238
 30
0.0
 11
611.0500875606466
 21
59.47961699545149
 31
0.0
  0
LINE
  5
315
330
1F
100
AcDbEntity
  8
01_ROOMS$floor2_rooms
100
AcDbLine
 10
611.0500875606466
 20
59.47961699545149
 30
0.0
 11
605.2644739121725
 21
59.47961699545149
 31
0.0
  0
LINE
  5
316
330
1F
100
AcDbEntity
  8
01_ROOMS$floor2_rooms
100
AcDbLine
 10
605.2644739121725
 20
59.47961699545149
 30
0.0
 11
605.2644739121725
 21
56.68484265695238
 31
0.0
  0
LINE
  5
317
330
1F
100
AcDbEntity
  8
01_ROOMS$floor2_rooms
100
AcDbLine
 10
605.2644739121725
 20
59.47961699545149
 30
0.0
 11
611.0500875606466
 21
59.47961699545149
 31
0.0
  0
LINE
  5
318
330
1F
100
AcDbEntity
  8
01_ROOMS$floor2_rooms
100
AcDbLine
 10
611.0500875606466
 20
59.47961699545149
 30
0.0
 11
611.0500875606466
 21
62.32700810280906
 31
0.0
  0
LINE
  5
319
330
1F
100
AcDbEntity
  8
01_ROOMS$floor2_rooms
100
AcDbLine
 10
611.0500875606466
 20
62.32700810280906
 30
0.0
 11
605.2644739121725
 21
62.32700810280906
 31
0.0
  0
LINE
  5
31A
330
1F
100
AcDbEntity
  8
01_ROOMS$floor2_rooms
100
AcDbLine
 10
605.2644739121725
 20
62.32700810280906
 30
0.0
 11
605.2644739121725
 21
59.47961699545149
 31
0.0
  0
LINE
  5
31B
330
1F
100
AcDbEntity
  8
01_ROOMS$floor2_rooms
100
AcDbLine
 10
605.2644739121725
 20
62.32700810280906
 30
0.0
 11
611.0500875606466
 21
62.32700810280906
 31
0.0
  0
LINE
  5
31C
330
1F
100
AcDbEntity
  8
01_ROOMS$floor2_rooms
100
AcDbLine
 10
611.0500875606466
 20
62.32700810280906
 30
0.0
 11
611.0500875606466
 21
66.48266080378251
 31
0.0
  0
LINE
  5
31D
330
1F
100
AcDbEntity
  8
01_ROOMS$floor2_rooms
100
AcDbLine
 10
611.0500875606466
 20
66.48266080378251
 30
0.0
 11
605.2644739121725
 21
66.48266080378251
 31
0.0
  0
LINE
  5
31E
330
1F
100
AcDbEntity
  8
01_ROOMS$floor2_rooms
100
AcDbLine
 10
605.2644739121725
 20
66.48266080378251
 30
0.0
 11
605.2644739121725
 21
62.32700810280906
 31
0.0
  0
LINE
  5
31F
330
1F
100
AcDbEntity
  8
01_ROOMS$floor2_rooms
100
AcDbLine
 10
605.2644739121725
 20
66.48266080378251
 30
0.0
 11
611.0500875606466
 21
66.48266080378251
 31
0.0
  0
LINE
  5
320
330
1F
100
AcDbEntity
  8
01_ROOMS$floor2_rooms
100
AcDbLine
 10
611.0500875606466
 20
66.48266080378251
 30
0.0
 11
611.0500875606466
 21
70.78900360305491
 31
0.0
  0
LINE
  5
321
330
1F
100
AcDbEntity
  8
01_ROOMS$floor2_rooms
100
AcDbLine
 10
611.0500875606466
 20
70.78900360305491
 30
0.0
 11
605.2644739121725
 21
70.78900360305491
 31
0.0
  0
LINE
  5
322
330
1F
100
AcDbEntity
  8
01_ROOMS$floor2_rooms
100
AcDbLine
 10
605.2644739121725
 20
70.78900360305491
 30
0.0
 11
605.2644739121725
 21
66.48266080378251
 31
0.0
  0
LINE
  5
323
330
1F
100
AcDbEntity
  8
01_ROOMS$floor2_rooms
100
AcDbLine
 10
605.2644739121725
 20
70.78900360305491
 30
0.0
 11
611.0500875606466
 21
70.78900360305491
 31
0.0
  0
LINE
  5
324
330
1F
100
AcDbEntity
  8
01_ROOMS$floor2_rooms
100
AcDbLine
 10
611.0500875606466
 20
70.78900360305491
 30
0.0
 11
611.0500875606466
 21
75.05096005643654
 31
0.0
  0
LINE
  5
325
330
1F
100
AcDbEntity
  8
01_ROOMS$floor2_rooms
100
AcDbLine
 10
611.0500875606466
 20
75.05096005643654
 30
0.0
 11
605.2644739121725
 21
75.05096005643654
 31
0.0
  0
LINE
  5
326
330
1F
100
AcDbEntity
  8
01_ROOMS$floor2_rooms
100
AcDbLine
 10
605.2644739121725
 20
75.05096005643654
 30
0.0
 11
605.2644739121725
 21
70.78900360305491
 31
0.0
  0
LINE
  5
327
330
1F
100
AcDbEntity
  8
01_ROOMS$floor2_rooms
100
AcDbLine
 10
605.2644739121725
 20
75.05096005643654
 30
0.0
 11
611.0500875606466
 21
75.05096005643654
 31
0.0
  0
LINE
  5
328
330
1F
100
AcDbEntity
  8
01_ROOMS$floor2_rooms
100
AcDbLine
 10
611.0500875606466
 20
75.05096005643654
 30
0.0
 11
611.0500875606466
 21
79.40759459070762
 31
0.0
  0
LINE
  5
329
330
1F
100
AcDbEntity
  8
01_ROOMS$floor2_rooms
100
AcDbLine
 10
611.0500875606466
 20
79.40759459070762
 30
0.0
 11
605.2644739121725
 21
79.40759459070762
 31
0.0
  0
LINE
  5
32A
330
1F
100
AcDbEntity
  8
01_ROOMS$floor2_rooms
100
AcDbLine
 10
605.2644739121725
 20
79.40759459070762
 30
0.0
 11
605.2644739121725
 21
75.05096005643654
 31
0.0
  0
LINE
  5
32B
330
1F
100
AcDbEntity
  8
01_ROOMS$floor2_rooms
100
AcDbLine
 10
605.2644739121725
 20
79.40759459070762
 30
0.0
 11
611.0500875606466
 21
79.40759459070762
 31
0.0
  0
LINE
  5
32C
330
1F
100
AcDbEntity
  8
01_ROOMS$floor2_rooms
100
AcDbLine
 10
611.0500875606466
 20
79.40759459070762
 30
0.0
 11
611.0500875606466
 21
82.22378530631923
 31
0.0
  0
LINE
  5
32D
330
1F
100
AcDbEntity
  8
01_ROOMS$floor2_rooms
100
AcDbLine
 10
611.0500875606466
 20
82.22378530631923
 30
0.0
 11
605.2644739121725
 21
82.22378530631923
 31
0.0
  0
LINE
  5
32E
330
1F
100
AcDbEntity
  8
01_ROOMS$floor2_rooms
100
AcDbLine
 10
605.2644739121725
 20
82.22378530631923
 30
0.0
 11
605.2644739121725
 21
79.40759459070762
 31
0.0
  0
LINE
  5
32F
330
1F
100
AcDbEntity
  8
01_ROOMS$floor2_rooms
100
AcDbLine
 10
605.2644739121725
 20
82.22378530631923
 30
0.0
 11
611.0500875606466
 21
82.22378530631923
 31
0.0
  0
LINE
  5
330
330
1F
100
AcDbEntity
  8
01_ROOMS$floor2_rooms
100
AcDbLine
 10
611.0500875606466
 20
82.22378530631923
 30
0.0
 11
611.0500875606466
 21
85.09626016577153
 31
0.0
  0
LINE
  5
331
330
1F
100
AcDbEntity
  8
01_ROOMS$floor2_rooms
100
AcDbLine
 10
611.0500875606466
 20
85.09626016577153
 30
0.0
 11
605.2644739121725
 21
85.09626016577153
 31
0.0
  0
LINE
  5
332
330
1F
100
AcDbEntity
  8
01_ROOMS$floor2_rooms
100
AcDbLine
 10
605.2644739121725
 20
85.09626016577153
 30
0.0
 11
605.2644739121725
 21
82.22378530631923
 31
0.0
  0
LINE
  5
333
330
1F
100
AcDbEntity
  8
01_ROOMS$floor2_rooms
100
AcDbLine
 10
605.2644739121725
 20
85.09626016577153
 30
0.0
 11
611.0500875606466
 21
85.09626016577153
 31
0.0
  0
LINE
  5
334
330
1F
100
AcDbEntity
  8
01_ROOMS$floor2_rooms
100
AcDbLine
 10
611.0500875606466
 20
85.09626016577153
 30
0.0
 11
611.0500875606466
 21
87.81450106095981
 31
0.0
  0
LINE
  5
335
330
1F
100
AcDbEntity
  8
01_ROOMS$floor2_rooms
100
AcDbLine
 10
611.0500875606466
 20
87.81450106095981
 30
0.0
 11
605.2644739121725
 21
87.81450106095981
 31
0.0
  0
LINE
  5
336
330
1F
100
AcDbEntity
  8
01_ROOMS$floor2_rooms
100
AcDbLine
 10
605.2644739121725
 20
87.81450106095981
 30
0.0
 11
605.2644739121725
 21
85.09626016577153
 31
0.0
  0
LINE
  5
337
330
1F
100
AcDbEntity
  8
01_ROOMS$floor2_rooms
100
AcDbLine
 10
605.2644739121725
 20
87.81450106095981
 30
0.0
 11
611.0500875606466
 21
87.81450106095981
 31
0.0
  0
LINE
  5
338
330
1F
100
AcDbEntity
  8
01_ROOMS$floor2_rooms
100
AcDbLine
 10
611.0500875606466
 20
87.81450106095981
 30
0.0
 11
611.0500875606466
 21
91.13125371288682
 31
0.0
  0
LINE
  5
339
330
1F
100
AcDbEntity
  8
01_ROOMS$floor2_rooms
100
AcDbLine
 10
611.0500875606466
 20
91.13125371288682
 30
0.0
 11
605.2644739121725
 21
91.13125371288682
 31
0.0
  0
LINE
  5
33A
330
1F
100
AcDbEntity
  8
01_ROOMS$floor2_rooms
100
AcDbLine
 10
605.2644739121725
 20
91.13125371288682
 30
0.0
 11
605.2644739121725
 21
87.81450106095981
 31
0.0
  0
LINE
  5
33B
330
1F
100
AcDbEntity
  8
01_ROOMS$floor2_rooms
100
AcDbLine
 10
725.6140429878882
 20
107.2158162227068
 30
0.0
 11
721.1434217127296
 21
107.2158162227068
 31
0.0
  0
LINE
  5
33C
330
1F
100
AcDbEntity
  8
01_ROOMS$floor2_rooms
100
AcDbLine
 10
721.1434217127296
 20
107.2158162227068
 30
0.0
 11
721.1434217127296
 21
117.2330903875992
 31
0.0
  0
LINE
  5
33D
330
1F
100
AcDbEntity
  8
01_ROOMS$floor2_rooms
100
AcDbLine
 10
721.1434217127296
 20
117.2330903875992
 30
0.0
 11
725.6140429878882
 21
117.2330903875992
 31
0.0
  0
LINE
  5
33E
330
1F
100
AcDbEntity
  8
01_ROOMS$floor2_rooms
100
AcDbLine
 10
725.6140429878882
 20
117.2330903875992
 30
0.0
 11
725.6140429878882
 21
107.2158162227068
 31
0.0
  0
LINE
  5
33F
330
1F
100
AcDbEntity
  8
01_ROOMS$floor2_rooms
100
AcDbLine
 10
717.9787078196166
 20
92.59211506533336
 30
0.0
 11
711.3858999430352
 21
92.59211506533336
 31
0.0
  0
LINE
  5
340
330
1F
100
AcDbEntity
  8
01_ROOMS$floor2_rooms
100
AcDbLine
 10
711.3858999430352
 20
92.59211506533336
 30
0.0
 11
711.3858999430354
 21
96.90764865441021
 31
0.0
  0
LINE
  5
341
330
1F
100
AcDbEntity
  8
01_ROOMS$floor2_rooms
100
AcDbLine
 10
711.3858999430354
 20
96.90764865441021
 30
0.0
 11
717.9787078196168
 21
96.90764865441021
 31
0.0
  0
LINE
  5
342
330
1F
100
AcDbEntity
  8
01_ROOMS$floor2_rooms
100
AcDbLine
 10
717.9787078196168
 20
96.90764865441021
 30
0.0
 11
717.9787078196166
 21
92.59211506533336
 31
0.0
  0
LINE
  5
343
330
1F
100
AcDbEntity
  8
01_ROOMS$floor2_rooms
100
AcDbLine
 10
725.614042987888
 20
92.59211506533336
 30
0.0
 11
718.280116858135
 21
92.59211506533336
 31
0.0
  0
LINE
  5
344
330
1F
100
AcDbEntity
  8
01_ROOMS$floor2_rooms
100
AcDbLine
 10
718.280116858135
 20
92.59211506533336
 30
0.0
 11
718.2801168581352
 21
96.90764865441021
 31
0.0
  0
LINE
  5
345
330
1F
100
AcDbEntity
  8
01_ROOMS$floor2_rooms
100
AcDbLine
 10
718.2801168581352
 20
96.90764865441021
 30
0.0
 11
725.6140429878882
 21
96.90764865441021
 31
0.0
  0
LINE
  5
346
330
1F
100
AcDbEntity
  8
01_ROOMS$floor2_rooms
100
AcDbLine
 10
725.6140429878882
 20
96.90764865441021
 30
0.0
 11
725.614042987888
 21
92.59211506533336
 31
0.0
  0
LINE
  5
347
330
1F
100
AcDbEntity
  8
01_ROOMS$floor2_rooms
100
AcDbLine
 10
725.6140429878882
 20
97.25711906765714
 30
0.0
 11
721.217172276877
 21
97.25711906765714
 31
0.0
  0
LINE
  5
348
330
1F
100
AcDbEntity
  8
01_ROOMS$floor2_rooms
100
AcDbLine
 10
721.217172276877
 20
97.25711906765714
 30
0.0
 11
721.217172276877
 21
101.6917402432335
 31
0.0
  0
LINE
  5
349
330
1F
100
AcDbEntity
  8
01_ROOMS$floor2_rooms
100
AcDbLine
 10
721.217172276877
 20
101.6917402432335
 30
0.0
 11
725.6140429878882
 21
101.6917402432335
 31
0.0
  0
LINE
  5
34A
330
1F
100
AcDbEntity
  8
01_ROOMS$floor2_rooms
100
AcDbLine
 10
725.6140429878882
 20
101.6917402432335
 30
0.0
 11
725.6140429878882
 21
97.25711906765714
 31
0.0
  0
LINE
  5
34B
330
1F
100
AcDbEntity
  8
01_ROOMS$floor2_rooms
100
AcDbLine
 10
725.6140429878882
 20
102.2245718982779
 30
0.0
 11
721.1434217127296
 21
102.2245718982779
 31
0.0
  0
LINE
  5
34C
330
1F
100
AcDbEntity
  8
01_ROOMS$floor2_rooms
100
AcDbLine
 10
721.1434217127296
 20
102.2245718982779
 30
0.0
 11
721.1434217127296
 21
106.8286062989776
 31
0.0
  0
LINE
  5
34D
330
1F
100
AcDbEntity
  8
01_ROOMS$floor2_rooms
100
AcDbLine
 10
721.1434217127296
 20
106.8286062989776
 30
0.0
 11
725.6140429878882
 21
106.8286062989776
 31
0.0
  0
LINE
  5
34E
330
1F
100
AcDbEntity
  8
01_ROOMS$floor2_rooms
100
AcDbLine
 10
725.6140429878882
 20
106.8286062989776
 30
0.0
 11
725.6140429878882
 21
102.2245718982779
 31
0.0
  0
LINE
  5
34F
330
1F
100
AcDbEntity
  8
01_ROOMS$floor2_rooms
100
AcDbLine
 10
710.1816711139176
 20
112.7773246752434
 30
0.0
 11
705.8291353834552
 21
112.7773246752434
 31
0.0
  0
LINE
  5
350
330
1F
100
AcDbEntity
  8
01_ROOMS$floor2_rooms
100
AcDbLine
 10
705.8291353834552
 20
112.7773246752434
 30
0.0
 11
705.8291353834552
 21
117.2330903875992
 31
0.0
  0
LINE
  5
351
330
1F
100
AcDbEntity
  8
01_ROOMS$floor2_rooms
100
AcDbLine
 10
705.8291353834552
 20
117.2330903875992
 30
0.0
 11
710.1816711139176
 21
117.2330903875992
 31
0.0
  0
LINE
  5
352
330
1F
100
AcDbEntity
  8
01_ROOMS$floor2_rooms
100
AcDbLine
 10
710.1816711139176
 20
117.2330903875992
 30
0.0
 11
710.1816711139176
 21
112.7773246752434
 31
0.0
  0
LINE
  5
353
330
1F
100
AcDbEntity
  8
01_ROOMS$floor2_rooms
100
AcDbLine
 10
715.1603422277893
 20
112.7773246752434
 30
0.0
 11
710.5711452506497
 21
112.7773246752434
 31
0.0
  0
LINE
  5
354
330
1F
100
AcDbEntity
  8
01_ROOMS$floor2_rooms
100
AcDbLine
 10
710.5711452506497
 20
112.7773246752434
 30
0.0
 11
710.5711452506497
 21
117.2330903875992
 31
0.0
  0
LINE
  5
355
330
1F
100
AcDbEntity
  8
01_ROOMS$floor2_rooms
100
AcDbLine
 10
710.5711452506497
 20
117.2330903875992
 30
0.0
 11
715.1603422277893
 21
117.2330903875992
 31
0.0
  0
LINE
  5
356
330
1F
100
AcDbEntity
  8
01_ROOMS$floor2_rooms
100
AcDbLine
 10
715.1603422277893
 20
117.2330903875992
 30
0.0
 11
715.1603422277893
 21
112.7773246752434
 31
0.0
  0
LINE
  5
357
330
1F
100
AcDbEntity
  8
01_ROOMS$floor2_rooms
100
AcDbLine
 10
720.8960798965351
 20
112.7773246752434
 30
0.0
 11
715.6834331727928
 21
112.7773246752434
 31
0.0
  0
LINE
  5
358
330
1F
100
AcDbEntity
  8
01_ROOMS$floor2_rooms
100
AcDbLine
 10
715.6834331727928
 20
112.7773246752434
 30
0.0
 11
715.6834331727928
 21
117.2330903875992
 31
0.0
  0
LINE
  5
359
330
1F
100
AcDbEntity
  8
01_ROOMS$floor2_rooms
100
AcDbLine
 10
715.6834331727928
 20
117.2330903875992
 30
0.0
 11
720.8960798965351
 21
117.2330903875992
 31
0.0
  0
LINE
  5
35A
330
1F
100
AcDbEntity
  8
01_ROOMS$floor2_rooms
100
AcDbLine
 10
720.8960798965351
 20
117.2330903875992
 30
0.0
 11
720.8960798965351
 21
112.7773246752434
 31
0.0
  0
LINE
  5
35B
330
1F
100
AcDbEntity
  8
01_ROOMS$floor2_rooms
100
AcDbLine
 10
688.7375508938871
 20
95.10900053826364
 30
0.0
 11
698.8539820976595
 21
95.10900053826364
 31
0.0
  0
LINE
  5
35C
330
1F
100
AcDbEntity
  8
01_ROOMS$floor2_rooms
100
AcDbLine
 10
698.8539820976595
 20
95.10900053826364
 30
0.0
 11
698.8539820976595
 21
100.6583779504881
 31
0.0
  0
LINE
  5
35D
330
1F
100
AcDbEntity
  8
01_ROOMS$floor2_rooms
100
AcDbLine
 10
698.8539820976595
 20
100.6583779504881
 30
0.0
 11
688.7375508938871
 21
100.6583779504881
 31
0.0
  0
LINE
  5
35E
330
1F
100
AcDbEntity
  8
01_ROOMS$floor2_rooms
100
AcDbLine
 10
688.7375508938871
 20
100.6583779504881
 30
0.0
 11
688.7375508938871
 21
95.10900053826364
 31
0.0
  0
LINE
  5
35F
330
1F
100
AcDbEntity
  8
01_ROOMS$floor2_rooms
100
AcDbLine
 10
678.4260123939098
 20
95.10900053826364
 30
0.0
 11
688.7375508938871
 21
95.10900053826364
 31
0.0
  0
LINE
  5
360
330
1F
100
AcDbEntity
  8
01_ROOMS$floor2_rooms
100
AcDbLine
 10
688.7375508938871
 20
95.10900053826364
 30
0.0
 11
688.7375508938871
 21
100.6583779504881
 31
0.0
  0
LINE
  5
361
330
1F
100
AcDbEntity
  8
01_ROOMS$floor2_rooms
100
AcDbLine
 10
688.7375508938871
 20
100.6583779504881
 30
0.0
 11
678.4260123939098
 21
100.6583779504881
 31
0.0
  0
LINE
  5
362
330
1F
100
AcDbEntity
  8
01_ROOMS$floor2_rooms
100
AcDbLine
 10
678.4260123939098
 20
100.6583779504881
 30
0.0
 11
678.4260123939098
 21
95.10900053826364
 31
0.0
  0
LINE
  5
363
330
1F
100
AcDbEntity
  8
01_ROOMS$floor2_rooms
100
AcDbLine
 10
668.4086032398847
 20
95.10900053826364
 30
0.0
 11
678.4260123939098
 21
95.10900053826364
 31
0.0
  0
LINE
  5
364
330
1F
100
AcDbEntity
  8
01_ROOMS$floor2_rooms
100
AcDbLine
 10
678.4260123939098
 20
95.10900053826364
 30
0.0
 11
678.4260123939098
 21
100.6583779504881
 31
0.0
  0
LINE
  5
365
330
1F
100
AcDbEntity
  8
01_ROOMS$floor2_rooms
100
AcDbLine
 10
678.4260123939098
 20
100.6583779504881
 30
0.0
 11
668.4086032398847
 21
100.6583779504881
 31
0.0
  0
LINE
  5
366
330
1F
100
AcDbEntity
  8
01_ROOMS$floor2_rooms
100
AcDbLine
 10
668.4086032398847
 20
100.6583779504881
 30
0.0
 11
668.4086032398847
 21
95.10900053826364
 31
0.0
  0
LINE
  5
367
330
1F
100
AcDbEntity
  8
01_ROOMS$floor2_rooms
100
AcDbLine
 10
653.2327850508932
 20
95.10900053826364
 30
0.0
 11
668.4086032398847
 21
95.10900053826364
 31
0.0
  0
LINE
  5
368
330
1F
100
AcDbEntity
  8
01_ROOMS$floor2_rooms
100
AcDbLine
 10
668.4086032398847
 20
95.10900053826364
 30
0.0
 11
668.4086032398847
 21
100.6583779504881
 31
0.0
  0
LINE
  5
369
330
1F
100
AcDbEntity
  8
01_ROOMS$floor2_rooms
100
AcDbLine
 10
668.4086032398847
 20
100.6583779504881
 30
0.0
 11
653.2327850508932
 21
100.6583779504881
 31
0.0
  0
LINE
  5
36A
330
1F
100
AcDbEntity
  8
01_ROOMS$floor2_rooms
100
AcDbLine
 10
653.2327850508932
 20
100.6583779504881
 30
0.0
 11
653.2327850508932
 21
95.10900053826364
 31
0.0
  0
LINE
  5
36B
330
1F
100
AcDbEntity
  8
01_ROOMS$floor2_rooms
100
AcDbLine
 10
643.0634562332067
 20
95.10900053826364
 30
0.0
 11
653.2327850508932
 21
95.10900053826364
 31
0.0
  0
LINE
  5
36C
330
1F
100
AcDbEntity
  8
01_ROOMS$floor2_rooms
100
AcDbLine
 10
653.2327850508932
 20
95.10900053826364
 30
0.0
 11
653.2327850508932
 21
100.6583779504881
 31
0.0
  0
LINE
  5
36D
330
1F
100
AcDbEntity
  8
01_ROOMS$floor2_rooms
100
AcDbLine
 10
653.2327850508932
 20
100.6583779504881
 30
0.0
 11
643.0634562332067
 21
100.6583779504881
 31
0.0
  0
LINE
  5
36E
330
1F
100
AcDbEntity
  8
01_ROOMS$floor2_rooms
100
AcDbLine
 10
643.0634562332067
 20
100.6583779504881
 30
0.0
 11
643.0634562332067
 21
95.10900053826364
 31
0.0
  0
LINE
  5
36F
330
1F
100
AcDbEntity
  8
01_ROOMS$floor2_rooms
100
AcDbLine
 10
632.8845628071341
 20
95.10900053826364
 30
0.0
 11
643.0634562332067
 21
95.10900053826364
 31
0.0
  0
LINE
  5
370
330
1F
100
AcDbEntity
  8
01_ROOMS$floor2_rooms
100
AcDbLine
 10
643.0634562332067
 20
95.10900053826364
 30
0.0
 11
643.0634562332067
 21
100.6583779504881
 31
0.0
  0
LINE
  5
371
330
1F
100
AcDbEntity
  8
01_ROOMS$floor2_rooms
100
AcDbLine
 10
643.0634562332067
 20
100.6583779504881
 30
0.0
 11
632.8845628071341
 21
100.6583779504881
 31
0.0
  0
LINE
  5
372
330
1F
100
AcDbEntity
  8
01_ROOMS$floor2_rooms
100
AcDbLine
 10
632.8845628071341
 20
100.6583779504881
 30
0.0
 11
632.8845628071341
 21
95.10900053826364
 31
0.0
  0
LINE
  5
373
330
1F
100
AcDbEntity
  8
01_ROOMS$floor2_rooms
100
AcDbLine
 10
622.714346931222
 20
95.10900053826364
 30
0.0
 11
632.8845628071341
 21
95.10900053826364
 31
0.0
  0
LINE
  5
374
330
1F
100
AcDbEntity
  8
01_ROOMS$floor2_rooms
100
AcDbLine
 10
632.8845628071341
 20
95.10900053826364
 30
0.0
 11
632.8845628071341
 21
100.6583779504881
 31
0.0
  0
LINE
  5
375
330
1F
100
AcDbEntity
  8
01_ROOMS$floor2_rooms
100
AcDbLine
 10
632.8845628071341
 20
100.6583779504881
 30
0.0
 11
622.714346931222
 21
100.6583779504881
 31
0.0
  0
LINE
  5
376
330
1F
100
AcDbEntity
  8
01_ROOMS$floor2_rooms
100
AcDbLine
 10
622.714346931222
 20
100.6583779504881
 30
0.0
 11
622.714346931222
 21
95.10900053826364
 31
0.0
  0
LINE
  5
377
330
1F
100
AcDbEntity
  8
01_ROOMS$floor2_rooms
100
AcDbLine
 10
622.714346931222
 20
103.0306094865938
 30
0.0
 11
699.1576279147032
 21
103.0306094865938
 31
0.0
  0
LINE
  5
378
330
1F
100
AcDbEntity
  8
01_ROOMS$floor2_rooms
100
AcDbLine
 10
699.1576279147032
 20
103.0306094865938
 30
0.0
 11
699.1576279147032
 21
111.3524383347728
 31
0.0
  0
LINE
  5
379
330
1F
100
AcDbEntity
  8
01_ROOMS$floor2_rooms
100
AcDbLine
 10
699.1576279147032
 20
111.3524383347728
 30
0.0
 11
622.714346931222
 21
111.3524383347728
 31
0.0
  0
LINE
  5
37A
330
1F
100
AcDbEntity
  8
01_ROOMS$floor2_rooms
100
AcDbLine
 10
622.714346931222
 20
111.3524383347728
 30
0.0
 11
622.714346931222
 21
103.0306094865938
 31
0.0
  0
LINE
  5
37B
330
1F
100
AcDbEntity
  8
01_ROOMS$floor2_rooms
100
AcDbLine
 10
604.089392745926
 20
92.59211506533336
 30
0.0
 11
610.6822006225075
 21
92.59211506533336
 31
0.0
  0
LINE
  5
37C
330
1F
100
AcDbEntity
  8
01_ROOMS$floor2_rooms
100
AcDbLine
 10
610.6822006225075
 20
92.59211506533336
 30
0.0
 11
610.6822006225073
 21
96.90764865441021
 31
0.0
  0
LINE
  5
37D
330
1F
100
AcDbEntity
  8
01_ROOMS$floor2_rooms
100
AcDbLine
 10
610.6822006225073
 20
96.90764865441021
 30
0.0
 11
604.0893927459258
 21
96.90764865441021
 31
0.0
  0
LINE
  5
37E
330
1F
100
AcDbEntity
  8
01_ROOMS$floor2_rooms
100
AcDbLine
 10
604.0893927459258
 20
96.90764865441021
 30
0.0
 11
604.089392745926
 21
92.59211506533336
 31
0.0
  0
LINE
  5
37F
330
1F
100
AcDbEntity
  8
01_ROOMS$floor2_rooms
100
AcDbLine
 10
596.4540575776547
 20
92.59211506533336
 30
0.0
 11
603.7879837074076
 21
92.59211506533336
 31
0.0
  0
LINE
  5
380
330
1F
100
AcDbEntity
  8
01_ROOMS$floor2_rooms
100
AcDbLine
 10
603.7879837074076
 20
92.59211506533336
 30
0.0
 11
603.7879837074074
 21
96.90764865441021
 31
0.0
  0
LINE
  5
381
330
1F
100
AcDbEntity
  8
01_ROOMS$floor2_rooms
100
AcDbLine
 10
603.7879837074074
 20
96.90764865441021
 30
0.0
 11
596.4540575776545
 21
96.90764865441021
 31
0.0
  0
LINE
  5
382
330
1F
100
AcDbEntity
  8
01_ROOMS$floor2_rooms
100
AcDbLine
 10
596.4540575776545
 20
96.90764865441021
 30
0.0
 11
596.4540575776547
 21
92.59211506533336
 31
0.0
  0
LINE
  5
383
330
1F
100
AcDbEntity
  8
01_ROOMS$floor2_rooms
100
AcDbLine
 10
596.4540575776545
 20
97.25711906765714
 30
0.0
 11
600.8509282886656
 21
97.25711906765714
 31
0.0
  0
LINE
  5
384
330
1F
100
AcDbEntity
  8
01_ROOMS$floor2_rooms
100
AcDbLine
 10
600.8509282886656
 20
97.25711906765714
 30
0.0
 11
600.8509282886656
 21
101.6917402432335
 31
0.0
  0
LINE
  5
385
330
1F
100
AcDbEntity
  8
01_ROOMS$floor2_rooms
100
AcDbLine
 10
600.8509282886656
 20
101.6917402432335
 30
0.0
 11
596.4540575776545
 21
101.6917402432335
 31
0.0
  0
LINE
  5
386
330
1F
100
AcDbEntity
  8
01_ROOMS$floor2_rooms
100
AcDbLine
 10
596.4540575776545
 20
101.6917402432335
 30
0.0
 11
596.4540575776545
 21
97.25711906765714
 31
0.0
  0
LINE
  5
387
330
1F
100
AcDbEntity
  8
01_ROOMS$floor2_rooms
100
AcDbLine
 10
596.4540575776545
 20
102.2245718982779
 30
0.0
 11
600.924678852813
 21
102.2245718982779
 31
0.0
  0
LINE
  5
388
330
1F
100
AcDbEntity
  8
01_ROOMS$floor2_rooms
100
AcDbLine
 10
600.924678852813
 20
102.2245718982779
 30
0.0
 11
600.924678852813
 21
106.8286062989776
 31
0.0
  0
LINE
  5
389
330
1F
100
AcDbEntity
  8
01_ROOMS$floor2_rooms
100
AcDbLine
 10
600.924678852813
 20
106.8286062989776
 30
0.0
 11
596.4540575776545
 21
106.8286062989776
 31
0.0
  0
LINE
  5
38A
330
1F
100
AcDbEntity
  8
01_ROOMS$floor2_rooms
100
AcDbLine
 10
596.4540575776545
 20
106.8286062989776
 30
0.0
 11
596.4540575776545
 21
102.2245718982779
 31
0.0
  0
LINE
  5
38B
330
1F
100
AcDbEntity
  8
01_ROOMS$floor2_rooms
100
AcDbLine
 10
596.4540575776545
 20
107.1380035164077
 30
0.0
 11
598.8307022815733
 21
107.1380035164077
 31
0.0
  0
LINE
  5
38C
330
1F
100
AcDbEntity
  8
01_ROOMS$floor2_rooms
100
AcDbLine
 10
598.8307022815733
 20
107.1380035164077
 30
0.0
 11
598.8307022815733
 21
112.3528412409661
 31
0.0
  0
LINE
  5
38D
330
1F
100
AcDbEntity
  8
01_ROOMS$floor2_rooms
100
AcDbLine
 10
598.8307022815733
 20
112.3528412409661
 30
0.0
 11
596.4540575776545
 21
112.3528412409661
 31
0.0
  0
LINE
  5
38E
330
1F
100
AcDbEntity
  8
01_ROOMS$floor2_rooms
100
AcDbLine
 10
596.4540575776545
 20
112.3528412409661
 30
0.0
 11
596.4540575776545
 21
107.1380035164077
 31
0.0
  0
LINE
  5
38F
330
1F
100
AcDbEntity
  8
01_ROOMS$floor2_rooms
100
AcDbLine
 10
611.8864294516251
 20
112.7773246752434
 30
0.0
 11
616.2389651820874
 21
112.7773246752434
 31
0.0
  0
LINE
  5
390
330
1F
100
AcDbEntity
  8
01_ROOMS$floor2_rooms
100
AcDbLine
 10
616.2389651820874
 20
112.7773246752434
 30
0.0
 11
616.2389651820874
 21
117.2330903875992
 31
0.0
  0
LINE
  5
391
330
1F
100
AcDbEntity
  8
01_ROOMS$floor2_rooms
100
AcDbLine
 10
616.2389651820874
 20
117.2330903875992
 30
0.0
 11
611.8864294516251
 21
117.2330903875992
 31
0.0
  0
LINE
  5
392
330
1F
100
AcDbEntity
  8
01_ROOMS$floor2_rooms
100
AcDbLine
 10
611.8864294516251
 20
117.2330903875992
 30
0.0
 11
611.8864294516251
 21
112.7773246752434
 31
0.0
  0
LINE
  5
393
330
1F
100
AcDbEntity
  8
01_ROOMS$floor2_rooms
100
AcDbLine
 10
606.9077583377533
 20
112.7773246752434
 30
0.0
 11
611.496955314893
 21
112.7773246752434
 31
0.0
  0
LINE
  5
394
330
1F
100
AcDbEntity
  8
01_ROOMS$floor2_rooms
100
AcDbLine
 10
611.496955314893
 20
112.7773246752434
 30
0.0
 11
611.496955314893
 21
117.2330903875992
 31
0.0
  0
LINE
  5
395
330
1F
100
AcDbEntity
  8
01_ROOMS$floor2_rooms
100
AcDbLine
 10
611.496955314893
 20
117.2330903875992
 30
0.0
 11
606.9077583377533
 21
117.2330903875992
 31
0.0
  0
LINE
  5
396
330
1F
100
AcDbEntity
  8
01_ROOMS$floor2_rooms
100
AcDbLine
 10
606.9077583377533
 20
117.2330903875992
 30
0.0
 11
606.9077583377533
 21
112.7773246752434
 31
0.0
  0
LINE
  5
397
330
1F
100
AcDbEntity
  8
01_ROOMS$floor2_rooms
100
AcDbLine
 10
601.1720206690076
 20
112.7773246752434
 30
0.0
 11
606.3846673927499
 21
112.7773246752434
 31
0.0
  0
LINE
  5
398
330
1F
100
AcDbEntity
  8
01_ROOMS$floor2_rooms
100
AcDbLine
 10
606.3846673927499
 20
112.7773246752434
 30
0.0
 11
606.3846673927499
 21
117.2330903875992
 31
0.0
  0
LINE
  5
399
330
1F
100
AcDbEntity
  8
01_ROOMS$floor2_rooms
100
AcDbLine
 10
606.3846673927499
 20
117.2330903875992
 30
0.0
 11
601.1720206690076
 21
117.2330903875992
 31
0.0
  0
LINE
  5
39A
330
1F
100
AcDbEntity
  8
01_ROOMS$floor2_rooms
100
AcDbLine
 10
601.1720206690076
 20
117.2330903875992
 30
0.0
 11
601.1720206690076
 21
112.7773246752434
 31
0.0
  0
LINE
  5
39B
330
1F
100
AcDbEntity
  8
01_ROOMS$floor2_rooms
100
AcDbLine
 10
596.4540575776545
 20
112.7773246752434
 30
0.0
 11
600.924678852813
 21
112.7773246752434
 31
0.0
  0
LINE
  5
39C
330
1F
100
AcDbEntity
  8
01_ROOMS$floor2_rooms
100
AcDbLine
 10
600.924678852813
 20
112.7773246752434
 30
0.0
 11
600.924678852813
 21
117.2330903875992
 31
0.0
  0
LINE
  5
39D
330
1F
100
AcDbEntity
  8
01_ROOMS$floor2_rooms
100
AcDbLine
 10
600.924678852813
 20
117.2330903875992
 30
0.0
 11
596.4540575776545
 21
117.2330903875992
 31
0.0
  0
LINE
  5
39E
330
1F
100
AcDbEntity
  8
01_ROOMS$floor2_rooms
100
AcDbLine
 10
596.4540575776545
 20
117.2330903875992
 30
0.0
 11
596.4540575776545
 21
112.7773246752434
 31
0.0
  0
LINE
  5
39F
330
1F
100
AcDbEntity
  8
01_ROOMS$floor2_rooms
100
AcDbLine
 10
626.6195020997809
 20
50.66149476543632
 30
0.0
 11
695.5578534699129
 21
50.66149476543632
 31
0.0
  0
LINE
  5
3A0
330
1F
100
AcDbEntity
  8
01_ROOMS$floor2_rooms
100
AcDbLine
 10
695.5578534699129
 20
50.66149476543632
 30
0.0
 11
695.5578534699129
 21
90.79526327660902
 31
0.0
  0
LINE
  5
3A1
330
1F
100
AcDbEntity
  8
01_ROOMS$floor2_rooms
100
AcDbLine
 10
695.5578534699129
 20
90.79526327660902
 30
0.0
 11
626.6195020997809
 21
90.79526327660902
 31
0.0
  0
LINE
  5
3A2
330
1F
100
AcDbEntity
  8
01_ROOMS$floor2_rooms
100
AcDbLine
 10
626.6195020997809
 20
90.79526327660902
 30
0.0
 11
626.6195020997809
 21
50.66149476543632
 31
0.0
  0
LINE
  5
3A3
330
1F
100
AcDbEntity
  8
01_ROOMS$floor2_rooms
100
AcDbLine
 10
707.7069986995044
 20
24.37221600215668
 30
0.0
 11
703.3592610169396
 21
24.37221600215668
 31
0.0
  0
LINE
  5
3A4
330
1F
100
AcDbEntity
  8
01_ROOMS$floor2_rooms
100
AcDbLine
 10
703.3592610169396
 20
24.37221600215668
 30
0.0
 11
703.3592610169396
 21
33.86893760791395
 31
0.0
  0
LINE
  5
3A5
330
1F
100
AcDbEntity
  8
01_ROOMS$floor2_rooms
100
AcDbLine
 10
703.3592610169396
 20
33.86893760791395
 30
0.0
 11
707.7069986995044
 21
33.86893760791395
 31
0.0
  0
LINE
  5
3A6
330
1F
100
AcDbEntity
  8
01_ROOMS$floor2_rooms
100
AcDbLine
 10
707.7069986995044
 20
33.86893760791395
 30
0.0
 11
707.7069986995044
 21
24.37221600215668
 31
0.0
  0
LINE
  5
3A7
330
1F
100
AcDbEntity
  8
01_ROOMS$floor2_rooms
100
AcDbLine
 10
614.3611018660381
 20
24.37221600215668
 30
0.0
 11
618.708839548603
 21
24.37221600215668
 31
0.0
  0
LINE
  5
3A8
330
1F
100
AcDbEntity
  8
01_ROOMS$floor2_rooms
100
AcDbLine
 10
618.708839548603
 20
24.37221600215668
 30
0.0
 11
618.708839548603
 21
33.86893760791395
 31
0.0
  0
LINE
  5
3A9
330
1F
100
AcDbEntity
  8
01_ROOMS$floor2_rooms
100
AcDbLine
 10
618.708839548603
 20
33.86893760791395
 30
0.0
 11
614.3611018660381
 21
33.86893760791395
 31
0.0
  0
LINE
  5
3AA
330
1F
100
AcDbEntity
  8
01_ROOMS$floor2_rooms
100
AcDbLine
 10
614.3611018660381
 20
33.86893760791395
 30
0.0
 11
614.3611018660381
 21
24.37221600215668
 31
0.0
  0
LINE
  5
3AB
330
1F
100
AcDbEntity
  8
01_ROOMS$floor2_rooms
100
AcDbLine
 10
704.6771439534299
 20
117.2330903875992
 30
0.0
 11
700.0253307962226
 21
117.2330903875992
 31
0.0
  0
LINE
  5
3AC
330
1F
100
AcDbEntity
  8
01_ROOMS$floor2_rooms
100
AcDbLine
 10
700.0253307962226
 20
117.2330903875992
 30
0.0
 11
700.0253307962226
 21
107.7363687818419
 31
0.0
  0
LINE
  5
3AD
330
1F
100
AcDbEntity
  8
01_ROOMS$floor2_rooms
100
AcDbLine
 10
700.0253307962226
 20
107.7363687818419
 30
0.0
 11
704.6771439534299
 21
107.7363687818419
 31
0.0
  0
LINE
  5
3AE
330
1F
100
AcDbEntity
  8
01_ROOMS$floor2_rooms
100
AcDbLine
 10
704.6771439534299
 20
107.7363687818419
 30
0.0
 11
704.6771439534299
 21
117.2330903875992
 31
0.0
  0
LINE
  5
3AF
330
1F
100
AcDbEntity
  8
01_ROOMS$floor2_rooms
100
AcDbLine
 10
617.3909566121126
 20
117.2330903875992
 30
0.0
 11
622.0427697693199
 21
117.2330903875992
 31
0.0
  0
LINE
  5
3B0
330
1F
100
AcDbEntity
  8
01_ROOMS$floor2_rooms
100
AcDbLine
 10
622.0427697693199
 20
117.2330903875992
 30
0.0
 11
622.0427697693199
 21
107.7363687818419
 31
0.0
  0
LINE
  5
3B1
330
1F
100
AcDbEntity
  8
01_ROOMS$floor2_rooms
100
AcDbLine
 10
622.0427697693199
 20
107.7363687818419
 30
0.0
 11
617.3909566121126
 21
107.7363687818419
 31
0.0
  0
LINE
  5
3B2
330
1F
100
AcDbEntity
  8
01_ROOMS$floor2_rooms
100
AcDbLine
 10
617.3909566121126
 20
107.7363687818419
 30
0.0
 11
617.3909566121126
 21
117.2330903875992
 31
0.0
  0
LINE
  5
3B3
330
1F
100
AcDbEntity
  8
01_ROOMS$ground_rooms
100
AcDbLine
 10
251.985234674793
 20
106.1360630513075
 30
0.0
 11
251.985234674793
 21
112.9763503730944
 31
0.0
  0
LINE
  5
3B4
330
1F
100
AcDbEntity
  8
01_ROOMS$ground_rooms
100
AcDbLine
 10
251.985234674793
 20
112.9763503730944
 30
0.0
 11
234.8373338008906
 21
112.9763503730944
 31
0.0
  0
LINE
  5
3B5
330
1F
100
AcDbEntity
  8
01_ROOMS$ground_rooms
100
AcDbLine
 10
234.8373338008906
 20
112.9763503730944
 30
0.0
 11
234.8373338008907
 21
106.1360630513075
 31
0.0
  0
LINE
  5
3B6
330
1F
100
AcDbEntity
  8
01_ROOMS$ground_rooms
100
AcDbLine
 10
234.8373338008907
 20
106.1360630513075
 30
0.0
 11
251.985234674793
 21
106.1360630513075
 31
0.0
  0
LINE
  5
3B7
330
1F
100
AcDbEntity
  8
01_ROOMS$ground_rooms
100
AcDbLine
 10
153.6838791581267
 20
24.37221600215668
 30
0.0
 11
153.6838791581267
 21
33.86893760791396
 31
0.0
  0
LINE
  5
3B8
330
1F
100
AcDbEntity
  8
01_ROOMS$ground_rooms
100
AcDbLine
 10
153.6838791581267
 20
33.86893760791396
 30
0.0
 11
158.1839076988384
 21
33.86893760791396
 31
0.0
  0
LINE
  5
3B9
330
1F
100
AcDbEntity
  8
01_ROOMS$ground_rooms
100
AcDbLine
 10
158.1839076988384
 20
33.86893760791396
 30
0.0
 11
158.1839076988384
 21
24.37221600215668
 31
0.0
  0
LINE
  5
3BA
330
1F
100
AcDbEntity
  8
01_ROOMS$ground_rooms
100
AcDbLine
 10
158.1839076988384
 20
24.37221600215668
 30
0.0
 11
153.6838791581267
 21
24.37221600215668
 31
0.0
  0
LINE
  5
3BB
330
1F
100
AcDbEntity
  8
01_ROOMS$ground_rooms
100
AcDbLine
 10
158.1839076988384
 20
24.37221600215668
 30
0.0
 11
158.1839076988384
 21
33.86893760791396
 31
0.0
  0
LINE
  5
3BC
330
1F
100
AcDbEntity
  8
01_ROOMS$ground_rooms
100
AcDbLine
 10
158.1839076988384
 20
33.86893760791396
 30
0.0
 11
165.6402255763517
 21
33.86893760791396
 31
0.0
  0
LINE
  5
3BD
330
1F
100
AcDbEntity
  8
01_ROOMS$ground_rooms
100
AcDbLine
 10
165.6402255763517
 20
33.86893760791396
 30
0.0
 11
165.6402255763517
 21
24.37221600215668
 31
0.0
  0
LINE
  5
3BE
330
1F
100
AcDbEntity
  8
01_ROOMS$ground_rooms
100
AcDbLine
 10
165.6402255763517
 20
24.37221600215668
 30
0.0
 11
158.1839076988384
 21
24.37221600215668
 31
0.0
  0
LINE
  5
3BF
330
1F
100
AcDbEntity
  8
01_ROOMS$ground_rooms
100
AcDbLine
 10
165.6402255763517
 20
24.37221600215668
 30
0.0
 11
165.6402255763517
 21
33.86893760791396
 31
0.0
  0
LINE
  5
3C0
330
1F
100
AcDbEntity
  8
01_ROOMS$ground_rooms
100
AcDbLine
 10
165.6402255763517
 20
33.86893760791396
 30
0.0
 11
170.8441325305877
 21
33.86893760791396
 31
0.0
  0
LINE
  5
3C1
330
1F
100
AcDbEntity
  8
01_ROOMS$ground_rooms
100
AcDbLine
 10
170.8441325305877
 20
33.86893760791396
 30
0.0
 11
170.8441325305877
 21
24.37221600215668
 31
0.0
  0
LINE
  5
3C2
330
1F
100
AcDbEntity
  8
01_ROOMS$ground_rooms
100
AcDbLine
 10
170.8441325305877
 20
24.37221600215668
 30
0.0
 11
165.6402255763517
 21
24.37221600215668
 31
0.0
  0
LINE
  5
3C3
330
1F
100
AcDbEntity
  8
01_ROOMS$ground_rooms
100
AcDbLine
 10
260.4529880464348
 20
44.69765773534566
 30
0.0
 11
275.1361188886824
 21
44.69765773534566
 31
0.0
  0
LINE
  5
3C4
330
1F
100
AcDbEntity
  8
01_ROOMS$ground_rooms
100
AcDbLine
 10
275.1361188886824
 20
44.69765773534566
 30
0.0
 11
275.1361188886824
 21
49.01319132442251
 31
0.0
  0
LINE
  5
3C5
330
1F
100
AcDbEntity
  8
01_ROOMS$ground_rooms
100
AcDbLine
 10
275.1361188886824
 20
49.01319132442251
 30
0.0
 11
260.4529880464348
 21
49.01319132442251
 31
0.0
  0
LINE
  5
3C6
330
1F
100
AcDbEntity
  8
01_ROOMS$ground_rooms
100
AcDbLine
 10
260.4529880464348
 20
49.01319132442251
 30
0.0
 11
260.4529880464348
 21
44.69765773534566
 31
0.0
  0
LINE
  5
3C7
330
1F
100
AcDbEntity
  8
01_ROOMS$ground_rooms
100
AcDbLine
 10
260.6503231705619
 20
24.37221600215668
 30
0.0
 11
265.1025719231945
 21
24.37221600215668
 31
0.0
  0
LINE
  5
3C8
330
1F
100
AcDbEntity
  8
01_ROOMS$ground_rooms
100
AcDbLine
 10
265.1025719231945
 20
24.37221600215668
 30
0.0
 11
265.1025719231945
 21
33.86893760791396
 31
0.0
  0
LINE
  5
3C9
330
1F
100
AcDbEntity
  8
01_ROOMS$ground_rooms
100
AcDbLine
 10
265.1025719231945
 20
33.86893760791396
 30
0.0
 11
260.6503231705619
 21
33.86893760791396
 31
0.0
  0
LINE
  5
3CA
330
1F
100
AcDbEntity
  8
01_ROOMS$ground_rooms
100
AcDbLine
 10
260.6503231705619
 20
33.86893760791396
 30
0.0
 11
260.6503231705619
 21
24.37221600215668
 31
0.0
  0
LINE
  5
3CB
330
1F
100
AcDbEntity
  8
01_ROOMS$ground_rooms
100
AcDbLine
 10
171.5744872212249
 20
24.37221600215668
 30
0.0
 11
176.0267359738574
 21
24.37221600215668
 31
0.0
  0
LINE
  5
3CC
330
1F
100
AcDbEntity
  8
01_ROOMS$ground_rooms
100
AcDbLine
 10
176.0267359738574
 20
24.37221600215668
 30
0.0
 11
176.0267359738574
 21
33.86893760791396
 31
0.0
  0
LINE
  5
3CD
330
1F
100
AcDbEntity
  8
01_ROOMS$ground_rooms
100
AcDbLine
 10
176.0267359738574
 20
33.86893760791396
 30
0.0
 11
171.5744872212249
 21
33.86893760791396
 31
0.0
  0
LINE
  5
3CE
330
1F
100
AcDbEntity
  8
01_ROOMS$ground_rooms
100
AcDbLine
 10
171.5744872212249
 20
33.86893760791396
 30
0.0
 11
171.5744872212249
 21
24.37221600215668
 31
0.0
  0
LINE
  5
3CF
330
1F
100
AcDbEntity
  8
01_ROOMS$ground_rooms
100
AcDbLine
 10
153.7035901341752
 20
106.8341196430143
 30
0.0
 11
153.7035901341752
 21
97.97194537830659
 31
0.0
  0
LINE
  5
3D0
330
1F
100
AcDbEntity
  8
01_ROOMS$ground_rooms
100
AcDbLine
 10
153.7035901341752
 20
97.97194537830659
 30
0.0
 11
177.0530313106507
 21
97.97194537830659
 31
0.0
  0
LINE
  5
3D1
330
1F
100
AcDbEntity
  8
01_ROOMS$ground_rooms
100
AcDbLine
 10
177.0530313106507
 20
97.97194537830659
 30
0.0
 11
177.0530313106507
 21
43.53144837328032
 31
0.0
  0
LINE
  5
3D2
330
1F
100
AcDbEntity
  8
01_ROOMS$ground_rooms
100
AcDbLine
 10
177.0530313106507
 20
43.53144837328032
 30
0.0
 11
154.0666995612812
 21
43.53144837328032
 31
0.0
  0
LINE
  5
3D3
330
1F
100
AcDbEntity
  8
01_ROOMS$ground_rooms
100
AcDbLine
 10
154.0666995612812
 20
43.53144837328032
 30
0.0
 11
154.0666995612812
 21
34.68189492404518
 31
0.0
  0
LINE
  5
3D4
330
1F
100
AcDbEntity
  8
01_ROOMS$ground_rooms
100
AcDbLine
 10
154.0666995612812
 20
34.68189492404518
 30
0.0
 11
182.8611862725923
 21
34.68189492404518
 31
0.0
  0
LINE
  5
3D5
330
1F
100
AcDbEntity
  8
01_ROOMS$ground_rooms
100
AcDbLine
 10
182.8611862725923
 20
34.68189492404518
 30
0.0
 11
182.8611862725923
 21
36.54149624939053
 31
0.0
  0
LINE
  5
3D6
330
1F
100
AcDbEntity
  8
01_ROOMS$ground_rooms
100
AcDbLine
 10
182.8611862725923
 20
36.54149624939053
 30
0.0
 11
211.0242339414391
 21
36.54149624939053
 31
0.0
  0
LINE
  5
3D7
330
1F
100
AcDbEntity
  8
01_ROOMS$ground_rooms
100
AcDbLine
 10
211.0242339414391
 20
36.54149624939053
 30
0.0
 11
211.0001815523476
 21
32.80200862982453
 31
0.0
  0
LINE
  5
3D8
330
1F
100
AcDbEntity
  8
01_ROOMS$ground_rooms
100
AcDbLine
 10
211.0001815523476
 20
32.80200862982453
 30
0.0
 11
214.1992000547912
 21
32.80200862982453
 31
0.0
  0
LINE
  5
3D9
330
1F
100
AcDbEntity
  8
01_ROOMS$ground_rooms
100
AcDbLine
 10
214.1992000547912
 20
32.80200862982453
 30
0.0
 11
214.1992000547912
 21
28.62895601666146
 31
0.0
  0
LINE
  5
3DA
330
1F
100
AcDbEntity
  8
01_ROOMS$ground_rooms
100
AcDbLine
 10
214.1992000547912
 20
28.62895601666146
 30
0.0
 11
222.2480632430382
 21
28.62895601666146
 31
0.0
  0
LINE
  5
3DB
330
1F
100
AcDbEntity
  8
01_ROOMS$ground_rooms
100
AcDbLine
 10
222.2480632430382
 20
28.62895601666146
 30
0.0
 11
222.2480632430382
 21
32.80200862982453
 31
0.0
  0
LINE
  5
3DC
330
1F
100
AcDbEntity
  8
01_ROOMS$ground_rooms
100
AcDbLine
 10
222.2480632430382
 20
32.80200862982453
 30
0.0
 11
225.6901003118389
 21
32.80200862982453
 31
0.0
  0
LINE
  5
3DD
330
1F
100
AcDbEntity
  8
01_ROOMS$ground_rooms
100
AcDbLine
 10
225.6901003118389
 20
32.80200862982453
 30
0.0
 11
225.6901003118389
 21
36.54149624939053
 31
0.0
  0
LINE
  5
3DE
330
1F
100
AcDbEntity
  8
01_ROOMS$ground_rooms
100
AcDbLine
 10
225.6901003118389
 20
36.54149624939053
 30
0.0
 11
254.0385280586426
 21
36.54149624939053
 31
0.0
  0
LINE
  5
3DF
330
1F
100
AcDbEntity
  8
01_ROOMS$ground_rooms
100
AcDbLine
 10
254.0385280586426
 20
36.54149624939053
 30
0.0
 11
254.0385280586426
 21
35.40457564043214
 31
0.0
  0
LINE
  5
3E0
330
1F
100
AcDbEntity
  8
01_ROOMS$ground_rooms
100
AcDbLine
 10
254.0385280586426
 20
35.40457564043214
 30
0.0
 11
282.8438645683604
 21
35.40457564043214
 31
0.0
  0
LINE
  5
3E1
330
1F
100
AcDbEntity
  8
01_ROOMS$ground_rooms
100
AcDbLine
 10
282.8438645683604
 20
35.40457564043214
 30
0.0
 11
282.8438645683604
 21
43.61552912865476
 31
0.0
  0
LINE
  5
3E2
330
1F
100
AcDbEntity
  8
01_ROOMS$ground_rooms
100
AcDbLine
 10
282.8438645683604
 20
43.61552912865476
 30
0.0
 11
259.3346855780466
 21
43.61552912865476
 31
0.0
  0
LINE
  5
3E3
330
1F
100
AcDbEntity
  8
01_ROOMS$ground_rooms
100
AcDbLine
 10
259.3346855780466
 20
43.61552912865476
 30
0.0
 11
259.3346855780466
 21
97.97269436253688
 31
0.0
  0
LINE
  5
3E4
330
1F
100
AcDbEntity
  8
01_ROOMS$ground_rooms
100
AcDbLine
 10
259.3346855780466
 20
97.97269436253688
 30
0.0
 11
282.8438645683604
 21
97.97269436253688
 31
0.0
  0
LINE
  5
3E5
330
1F
100
AcDbEntity
  8
01_ROOMS$ground_rooms
100
AcDbLine
 10
282.8438645683604
 20
97.97269436253688
 30
0.0
 11
282.8438645683604
 21
106.7886797185857
 31
0.0
  0
LINE
  5
3E6
330
1F
100
AcDbEntity
  8
01_ROOMS$ground_rooms
100
AcDbLine
 10
282.8438645683604
 20
106.7886797185857
 30
0.0
 11
253.6190568031348
 21
106.7886797185857
 31
0.0
  0
LINE
  5
3E7
330
1F
100
AcDbEntity
  8
01_ROOMS$ground_rooms
100
AcDbLine
 10
253.6190568031348
 20
106.7886797185857
 30
0.0
 11
253.6190568031348
 21
104.6195374685852
 31
0.0
  0
LINE
  5
3E8
330
1F
100
AcDbEntity
  8
01_ROOMS$ground_rooms
100
AcDbLine
 10
253.6190568031348
 20
104.6195374685852
 30
0.0
 11
182.8710585734652
 21
104.6195374685852
 31
0.0
  0
LINE
  5
3E9
330
1F
100
AcDbEntity
  8
01_ROOMS$ground_rooms
100
AcDbLine
 10
182.8710585734652
 20
104.6195374685852
 30
0.0
 11
182.8710585734652
 21
106.8341196430143
 31
0.0
  0
LINE
  5
3EA
330
1F
100
AcDbEntity
  8
01_ROOMS$ground_rooms
100
AcDbLine
 10
182.8710585734652
 20
106.8341196430143
 30
0.0
 11
153.7035901341752
 21
106.8341196430143
 31
0.0
  0
LINE
  5
3EB
330
1F
100
AcDbEntity
  8
01_ROOMS$ground_rooms
100
AcDbLine
 10
182.0155227293175
 20
43.61552912865476
 30
0.0
 11
253.7878578145666
 21
43.61552912865476
 31
0.0
  0
LINE
  5
3EC
330
1F
100
AcDbEntity
  8
01_ROOMS$ground_rooms
100
AcDbLine
 10
253.7878578145666
 20
43.61552912865476
 30
0.0
 11
253.7878578145666
 21
97.97194537830659
 31
0.0
  0
LINE
  5
3ED
330
1F
100
AcDbEntity
  8
01_ROOMS$ground_rooms
100
AcDbLine
 10
253.7878578145666
 20
97.97194537830659
 30
0.0
 11
182.0155227293175
 21
97.97194537830659
 31
0.0
  0
LINE
  5
3EE
330
1F
100
AcDbEntity
  8
01_ROOMS$ground_rooms
100
AcDbLine
 10
182.0155227293175
 20
97.97194537830659
 30
0.0
 11
182.0155227293175
 21
43.61552912865476
 31
0.0
  0
LINE
  5
3EF
330
1F
100
AcDbEntity
  8
01_ROOMS$floor1_rooms
100
AcDbLine
 10
403.7147139750347
 20
43.61552912865476
 30
0.0
 11
475.4870490602838
 21
43.61552912865476
 31
0.0
  0
LINE
  5
3F0
330
1F
100
AcDbEntity
  8
01_ROOMS$floor1_rooms
100
AcDbLine
 10
475.4870490602838
 20
43.61552912865476
 30
0.0
 11
475.4870490602838
 21
97.97194537830659
 31
0.0
  0
LINE
  5
3F1
330
1F
100
AcDbEntity
  8
01_ROOMS$floor1_rooms
100
AcDbLine
 10
475.4870490602838
 20
97.97194537830659
 30
0.0
 11
403.7147139750347
 21
97.97194537830659
 31
0.0
  0
LINE
  5
3F2
330
1F
100
AcDbEntity
  8
01_ROOMS$floor1_rooms
100
AcDbLine
 10
403.7147139750347
 20
97.97194537830659
 30
0.0
 11
403.7147139750347
 21
43.61552912865476
 31
0.0
  0
LINE
  5
3F3
330
1F
100
AcDbEntity
  8
01_ROOMS$basement_rooms
100
AcDbLine
 10
-3.938310463536163
 20
93.38583333289387
 30
0.0
 11
-1.333407260500834
 21
93.38583333289387
 31
0.0
  0
LINE
  5
3F4
330
1F
100
AcDbEntity
  8
01_ROOMS$basement_rooms
100
AcDbLine
 10
-1.333407260500834
 20
93.38583333289387
 30
0.0
 11
-1.333407260500834
 21
99.24887124260675
 31
0.0
  0
LINE
  5
3F5
330
1F
100
AcDbEntity
  8
01_ROOMS$basement_rooms
100
AcDbLine
 10
-1.333407260500834
 20
99.24887124260675
 30
0.0
 11
-3.938310463536163
 21
99.24887124260675
 31
0.0
  0
LINE
  5
3F6
330
1F
100
AcDbEntity
  8
01_ROOMS$basement_rooms
100
AcDbLine
 10
-3.938310463536163
 20
99.24887124260675
 30
0.0
 11
-3.938310463536163
 21
93.38583333289387
 31
0.0
  0
LINE
  5
3F7
330
1F
100
AcDbEntity
  8
01_ROOMS$floor1_rooms
100
AcDbLine
 10
375.4027813798925
 20
106.8341196430143
 30
0.0
 11
375.4027813798925
 21
97.97194537830659
 31
0.0
  0
LINE
  5
3F8
330
1F
100
AcDbEntity
  8
01_ROOMS$floor1_rooms
100
AcDbLine
 10
375.4027813798925
 20
97.97194537830659
 30
0.0
 11
398.7522225563679
 21
97.97194537830659
 31
0.0
  0
LINE
  5
3F9
330
1F
100
AcDbEntity
  8
01_ROOMS$floor1_rooms
100
AcDbLine
 10
398.7522225563679
 20
97.97194537830659
 30
0.0
 11
398.7522225563679
 21
43.53144837328032
 31
0.0
  0
LINE
  5
3FA
330
1F
100
AcDbEntity
  8
01_ROOMS$floor1_rooms
100
AcDbLine
 10
398.7522225563679
 20
43.53144837328032
 30
0.0
 11
375.7658908069984
 21
43.53144837328032
 31
0.0
  0
LINE
  5
3FB
330
1F
100
AcDbEntity
  8
01_ROOMS$floor1_rooms
100
AcDbLine
 10
375.7658908069984
 20
43.53144837328032
 30
0.0
 11
375.7658908069984
 21
34.68189492404518
 31
0.0
  0
LINE
  5
3FC
330
1F
100
AcDbEntity
  8
01_ROOMS$floor1_rooms
100
AcDbLine
 10
375.7658908069984
 20
34.68189492404518
 30
0.0
 11
404.5603775183095
 21
34.68189492404518
 31
0.0
  0
LINE
  5
3FD
330
1F
100
AcDbEntity
  8
01_ROOMS$floor1_rooms
100
AcDbLine
 10
404.5603775183095
 20
34.68189492404518
 30
0.0
 11
404.5603775183095
 21
36.54149624939053
 31
0.0
  0
LINE
  5
3FE
330
1F
100
AcDbEntity
  8
01_ROOMS$floor1_rooms
100
AcDbLine
 10
404.5603775183095
 20
36.54149624939053
 30
0.0
 11
432.7234251871564
 21
36.54149624939053
 31
0.0
  0
LINE
  5
3FF
330
1F
100
AcDbEntity
  8
01_ROOMS$floor1_rooms
100
AcDbLine
 10
432.7234251871564
 20
36.54149624939053
 30
0.0
 11
447.3892915575561
 21
36.54149624939053
 31
0.0
  0
LINE
  5
400
330
1F
100
AcDbEntity
  8
01_ROOMS$floor1_rooms
100
AcDbLine
 10
447.3892915575561
 20
36.54149624939053
 30
0.0
 11
475.7377193043598
 21
36.54149624939053
 31
0.0
  0
LINE
  5
401
330
1F
100
AcDbEntity
  8
01_ROOMS$floor1_rooms
100
AcDbLine
 10
475.7377193043598
 20
36.54149624939053
 30
0.0
 11
475.7377193043598
 21
35.40457564043214
 31
0.0
  0
LINE
  5
402
330
1F
100
AcDbEntity
  8
01_ROOMS$floor1_rooms
100
AcDbLine
 10
475.7377193043598
 20
35.40457564043214
 30
0.0
 11
504.5430558140776
 21
35.40457564043214
 31
0.0
  0
LINE
  5
403
330
1F
100
AcDbEntity
  8
01_ROOMS$floor1_rooms
100
AcDbLine
 10
504.5430558140776
 20
35.40457564043214
 30
0.0
 11
504.5430558140776
 21
43.61552912865476
 31
0.0
  0
LINE
  5
404
330
1F
100
AcDbEntity
  8
01_ROOMS$floor1_rooms
100
AcDbLine
 10
504.5430558140776
 20
43.61552912865476
 30
0.0
 11
481.0338768237638
 21
43.61552912865476
 31
0.0
  0
LINE
  5
405
330
1F
100
AcDbEntity
  8
01_ROOMS$floor1_rooms
100
AcDbLine
 10
481.0338768237638
 20
43.61552912865476
 30
0.0
 11
481.0338768237638
 21
97.97269436253688
 31
0.0
  0
LINE
  5
406
330
1F
100
AcDbEntity
  8
01_ROOMS$floor1_rooms
100
AcDbLine
 10
481.0338768237638
 20
97.97269436253688
 30
0.0
 11
504.5430558140776
 21
97.97269436253688
 31
0.0
  0
LINE
  5
407
330
1F
100
AcDbEntity
  8
01_ROOMS$floor1_rooms
100
AcDbLine
 10
504.5430558140776
 20
97.97269436253688
 30
0.0
 11
504.5430558140776
 21
106.7886797185857
 31
0.0
  0
LINE
  5
408
330
1F
100
AcDbEntity
  8
01_ROOMS$floor1_rooms
100
AcDbLine
 10
504.5430558140776
 20
106.7886797185857
 30
0.0
 11
475.318248048852
 21
106.7886797185857
 31
0.0
  0
LINE
  5
409
330
1F
100
AcDbEntity
  8
01_ROOMS$floor1_rooms
100
AcDbLine
 10
475.318248048852
 20
106.7886797185857
 30
0.0
 11
475.318248048852
 21
104.6195374685852
 31
0.0
  0
LINE
  5
40A
330
1F
100
AcDbEntity
  8
01_ROOMS$floor1_rooms
100
AcDbLine
 10
475.318248048852
 20
104.6195374685852
 30
0.0
 11
405.7308231794768
 21
104.6195374685852
 31
0.0
  0
LINE
  5
40B
330
1F
100
AcDbEntity
  8
01_ROOMS$floor1_rooms
100
AcDbLine
 10
405.7308231794768
 20
104.6195374685852
 30
0.0
 11
404.5702498191824
 21
104.6195374685852
 31
0.0
  0
LINE
  5
40C
330
1F
100
AcDbEntity
  8
01_ROOMS$floor1_rooms
100
AcDbLine
 10
404.5702498191824
 20
104.6195374685852
 30
0.0
 11
404.5702498191824
 21
106.1815730806807
 31
0.0
  0
LINE
  5
40D
330
1F
100
AcDbEntity
  8
01_ROOMS$floor1_rooms
100
AcDbLine
 10
404.5702498191824
 20
106.1815730806807
 30
0.0
 11
404.5702498191824
 21
106.8341196430143
 31
0.0
  0
LINE
  5
40E
330
1F
100
AcDbEntity
  8
01_ROOMS$floor1_rooms
100
AcDbLine
 10
404.5702498191824
 20
106.8341196430143
 30
0.0
 11
375.4027813798925
 21
106.8341196430143
 31
0.0
  0
LINE
  5
40F
330
1F
100
AcDbEntity
  8
01_ROOMS$floor2_rooms
100
AcDbLine
 10
601.285271126758
 20
112.19970553963
 30
0.0
 11
616.152215872129
 21
112.19970553963
 31
0.0
  0
LINE
  5
410
330
1F
100
AcDbEntity
  8
01_ROOMS$floor2_rooms
100
AcDbLine
 10
616.152215872129
 20
112.19970553963
 30
0.0
 11
616.152215872129
 21
106.5593190085993
 31
0.0
  0
LINE
  5
411
330
1F
100
AcDbEntity
  8
01_ROOMS$floor2_rooms
100
AcDbLine
 10
616.152215872129
 20
106.5593190085993
 30
0.0
 11
618.9072661180105
 21
106.5593190085993
 31
0.0
  0
LINE
  5
412
330
1F
100
AcDbEntity
  8
01_ROOMS$floor2_rooms
100
AcDbLine
 10
618.9072661180105
 20
106.5593190085993
 30
0.0
 11
618.9072661180105
 21
102.2653479131896
 31
0.0
  0
LINE
  5
413
330
1F
100
AcDbEntity
  8
01_ROOMS$floor2_rooms
100
AcDbLine
 10
618.9072661180105
 20
102.2653479131896
 30
0.0
 11
703.1114585114777
 21
102.2653479131896
 31
0.0
  0
LINE
  5
414
330
1F
100
AcDbEntity
  8
01_ROOMS$floor2_rooms
100
AcDbLine
 10
703.1114585114777
 20
102.2653479131896
 30
0.0
 11
703.1114585114777
 21
106.6392025086167
 31
0.0
  0
LINE
  5
415
330
1F
100
AcDbEntity
  8
01_ROOMS$floor2_rooms
100
AcDbLine
 10
703.1114585114777
 20
106.6392025086167
 30
0.0
 11
705.8178710114784
 21
106.6392025086167
 31
0.0
  0
LINE
  5
416
330
1F
100
AcDbEntity
  8
01_ROOMS$floor2_rooms
100
AcDbLine
 10
705.8178710114784
 20
106.6392025086167
 30
0.0
 11
705.8291353834552
 21
112.066912777368
 31
0.0
  0
LINE
  5
417
330
1F
100
AcDbEntity
  8
01_ROOMS$floor2_rooms
100
AcDbLine
 10
705.8291353834552
 20
112.066912777368
 30
0.0
 11
720.5239893720684
 21
112.066912777368
 31
0.0
  0
LINE
  5
418
330
1F
100
AcDbEntity
  8
01_ROOMS$floor2_rooms
100
AcDbLine
 10
720.5239893720684
 20
112.066912777368
 30
0.0
 11
720.5239893720684
 21
97.43525660186164
 31
0.0
  0
LINE
  5
419
330
1F
100
AcDbEntity
  8
01_ROOMS$floor2_rooms
100
AcDbLine
 10
720.5239893720684
 20
97.43525660186164
 30
0.0
 11
710.7692642270313
 21
97.43525660186164
 31
0.0
  0
LINE
  5
41A
330
1F
100
AcDbEntity
  8
01_ROOMS$floor2_rooms
100
AcDbLine
 10
710.7692642270313
 20
97.43525660186164
 30
0.0
 11
710.7692642270313
 21
88.71363601091515
 31
0.0
  0
LINE
  5
41B
330
1F
100
AcDbEntity
  8
01_ROOMS$floor2_rooms
100
AcDbLine
 10
710.7692642270313
 20
88.71363601091515
 30
0.0
 11
707.6212277732878
 21
88.71363601091515
 31
0.0
  0
LINE
  5
41C
330
1F
100
AcDbEntity
  8
01_ROOMS$floor2_rooms
100
AcDbLine
 10
707.6212277732878
 20
88.71363601091515
 30
0.0
 11
707.6212277732878
 21
44.32417047161736
 31
0.0
  0
LINE
  5
41D
330
1F
100
AcDbEntity
  8
01_ROOMS$floor2_rooms
100
AcDbLine
 10
707.6212277732878
 20
44.32417047161736
 30
0.0
 11
720.3876119204059
 21
44.32417047161736
 31
0.0
  0
LINE
  5
41E
330
1F
100
AcDbEntity
  8
01_ROOMS$floor2_rooms
100
AcDbLine
 10
720.3876119204059
 20
44.32417047161736
 30
0.0
 11
720.3876119204059
 21
29.32565102972268
 31
0.0
  0
LINE
  5
41F
330
1F
100
AcDbEntity
  8
01_ROOMS$floor2_rooms
100
AcDbLine
 10
720.3876119204059
 20
29.32565102972268
 30
0.0
 11
708.3833170462169
 21
29.32565102972268
 31
0.0
  0
LINE
  5
420
330
1F
100
AcDbEntity
  8
01_ROOMS$floor2_rooms
100
AcDbLine
 10
708.3833170462169
 20
29.32565102972268
 30
0.0
 11
708.3833170462169
 21
34.78795454205637
 31
0.0
  0
LINE
  5
421
330
1F
100
AcDbEntity
  8
01_ROOMS$floor2_rooms
100
AcDbLine
 10
708.3833170462169
 20
34.78795454205637
 30
0.0
 11
702.9780932132709
 21
34.78795454205637
 31
0.0
  0
LINE
  5
422
330
1F
100
AcDbEntity
  8
01_ROOMS$floor2_rooms
100
AcDbLine
 10
702.9780932132709
 20
34.78795454205637
 30
0.0
 11
702.9780932132709
 21
49.53584239890748
 31
0.0
  0
LINE
  5
423
330
1F
100
AcDbEntity
  8
01_ROOMS$floor2_rooms
100
AcDbLine
 10
702.9780932132709
 20
49.53584239890748
 30
0.0
 11
705.3553429076699
 21
49.53584239890748
 31
0.0
  0
LINE
  5
424
330
1F
100
AcDbEntity
  8
01_ROOMS$floor2_rooms
100
AcDbLine
 10
705.3553429076699
 20
49.53584239890748
 30
0.0
 11
705.1285780160364
 21
90.43237488032115
 31
0.0
  0
LINE
  5
425
330
1F
100
AcDbEntity
  8
01_ROOMS$floor2_rooms
100
AcDbLine
 10
705.1285780160364
 20
90.43237488032115
 30
0.0
 11
705.1285780160364
 21
91.98233786285124
 31
0.0
  0
LINE
  5
426
330
1F
100
AcDbEntity
  8
01_ROOMS$floor2_rooms
100
AcDbLine
 10
705.1285780160364
 20
91.98233786285124
 30
0.0
 11
702.9190969372786
 21
91.98233786285124
 31
0.0
  0
LINE
  5
427
330
1F
100
AcDbEntity
  8
01_ROOMS$floor2_rooms
100
AcDbLine
 10
702.9190969372786
 20
91.98233786285124
 30
0.0
 11
702.9190969372786
 21
100.9609624687016
 31
0.0
  0
LINE
  5
428
330
1F
100
AcDbEntity
  8
01_ROOMS$floor2_rooms
100
AcDbLine
 10
702.9190969372786
 20
100.9609624687016
 30
0.0
 11
618.9061776750008
 21
100.9609624687016
 31
0.0
  0
LINE
  5
429
330
1F
100
AcDbEntity
  8
01_ROOMS$floor2_rooms
100
AcDbLine
 10
618.9061776750008
 20
100.9609624687016
 30
0.0
 11
618.9061776750009
 21
96.90764865441021
 31
0.0
  0
LINE
  5
42A
330
1F
100
AcDbEntity
  8
01_ROOMS$floor2_rooms
100
AcDbLine
 10
618.9061776750009
 20
96.90764865441021
 30
0.0
 11
613.5045776798797
 21
96.90764865441005
 31
0.0
  0
LINE
  5
42B
330
1F
100
AcDbEntity
  8
01_ROOMS$floor2_rooms
100
AcDbLine
 10
613.5045776798797
 20
96.90764865441005
 30
0.0
 11
613.5045776798797
 21
44.28808598993608
 31
0.0
  0
LINE
  5
42C
330
1F
100
AcDbEntity
  8
01_ROOMS$floor2_rooms
100
AcDbLine
 10
613.5045776798797
 20
44.28808598993608
 30
0.0
 11
618.666865905612
 21
44.28808598993608
 31
0.0
  0
LINE
  5
42D
330
1F
100
AcDbEntity
  8
01_ROOMS$floor2_rooms
100
AcDbLine
 10
618.666865905612
 20
44.28808598993608
 30
0.0
 11
618.666865905612
 21
39.14090914170958
 31
0.0
  0
LINE
  5
42E
330
1F
100
AcDbEntity
  8
01_ROOMS$floor2_rooms
100
AcDbLine
 10
618.666865905612
 20
39.14090914170958
 30
0.0
 11
622.714346931222
 21
39.14090914170959
 31
0.0
  0
LINE
  5
42F
330
1F
100
AcDbEntity
  8
01_ROOMS$floor2_rooms
100
AcDbLine
 10
622.714346931222
 20
39.14090914170959
 30
0.0
 11
622.714346931222
 21
41.19076580190699
 31
0.0
  0
LINE
  5
430
330
1F
100
AcDbEntity
  8
01_ROOMS$floor2_rooms
100
AcDbLine
 10
622.714346931222
 20
41.19076580190699
 30
0.0
 11
702.9780932132709
 21
41.19076580190699
 31
0.0
  0
LINE
  5
431
330
1F
100
AcDbEntity
  8
01_ROOMS$floor2_rooms
100
AcDbLine
 10
702.9780932132709
 20
41.19076580190699
 30
0.0
 11
702.9780932132709
 21
39.58227223635015
 31
0.0
  0
LINE
  5
432
330
1F
100
AcDbEntity
  8
01_ROOMS$floor2_rooms
100
AcDbLine
 10
702.9780932132709
 20
39.58227223635015
 30
0.0
 11
625.3784840194446
 21
39.58227223635015
 31
0.0
  0
LINE
  5
433
330
1F
100
AcDbEntity
  8
01_ROOMS$floor2_rooms
100
AcDbLine
 10
625.3784840194446
 20
39.58227223635015
 30
0.0
 11
625.3784840194446
 21
35.69224006923845
 31
0.0
  0
LINE
  5
434
330
1F
100
AcDbEntity
  8
01_ROOMS$floor2_rooms
100
AcDbLine
 10
625.3784840194446
 20
35.69224006923845
 30
0.0
 11
613.546995280752
 21
35.69224006923845
 31
0.0
  0
LINE
  5
435
330
1F
100
AcDbEntity
  8
01_ROOMS$floor2_rooms
100
AcDbLine
 10
613.546995280752
 20
35.69224006923845
 30
0.0
 11
613.546995280752
 21
29.42474125236922
 31
0.0
  0
LINE
  5
436
330
1F
100
AcDbEntity
  8
01_ROOMS$floor2_rooms
100
AcDbLine
 10
613.546995280752
 20
29.42474125236922
 30
0.0
 11
601.3772631105569
 21
29.42474125236922
 31
0.0
  0
LINE
  5
437
330
1F
100
AcDbEntity
  8
01_ROOMS$floor2_rooms
100
AcDbLine
 10
601.3772631105569
 20
29.42474125236922
 30
0.0
 11
601.3772631105569
 21
44.23120924283226
 31
0.0
  0
LINE
  5
438
330
1F
100
AcDbEntity
  8
01_ROOMS$floor2_rooms
100
AcDbLine
 10
601.3772631105569
 20
44.23120924283226
 30
0.0
 11
611.4792451997616
 21
44.23120924283226
 31
0.0
  0
LINE
  5
439
330
1F
100
AcDbEntity
  8
01_ROOMS$floor2_rooms
100
AcDbLine
 10
611.4792451997616
 20
44.23120924283226
 30
0.0
 11
611.0500875606466
 21
96.90764865441022
 31
0.0
  0
LINE
  5
43A
330
1F
100
AcDbEntity
  8
01_ROOMS$floor2_rooms
100
AcDbLine
 10
611.0500875606466
 20
96.90764865441022
 30
0.0
 11
611.0500875606466
 21
97.36465008681628
 31
0.0
  0
LINE
  5
43B
330
1F
100
AcDbEntity
  8
01_ROOMS$floor2_rooms
100
AcDbLine
 10
611.0500875606466
 20
97.36465008681628
 30
0.0
 11
601.285271126758
 21
97.36465008681628
 31
0.0
  0
LINE
  5
43C
330
1F
100
AcDbEntity
  8
01_ROOMS$floor2_rooms
100
AcDbLine
 10
601.285271126758
 20
97.36465008681628
 30
0.0
 11
601.285271126758
 21
112.19970553963
 31
0.0
  0
LINE
  5
43D
330
1F
100
AcDbEntity
  8
01_ROOMS$floor2_rooms
100
AcDbLine
 10
622.999958679398
 20
113.8057252759699
 30
0.0
 11
622.999958679398
 21
111.772238465761
 31
0.0
  0
LINE
  5
43E
330
1F
100
AcDbEntity
  8
01_ROOMS$floor2_rooms
100
AcDbLine
 10
622.999958679398
 20
111.772238465761
 30
0.0
 11
699.1070520422902
 21
111.772238465761
 31
0.0
  0
LINE
  5
43F
330
1F
100
AcDbEntity
  8
01_ROOMS$floor2_rooms
100
AcDbLine
 10
699.1070520422902
 20
111.772238465761
 30
0.0
 11
699.1070520422902
 21
113.6867494362968
 31
0.0
  0
LINE
  5
440
330
1F
100
AcDbEntity
  8
01_ROOMS$floor2_rooms
100
AcDbLine
 10
699.1070520422902
 20
113.6867494362968
 30
0.0
 11
676.9794240852971
 21
113.6867494362968
 31
0.0
  0
LINE
  5
441
330
1F
100
AcDbEntity
  8
01_ROOMS$floor2_rooms
100
AcDbLine
 10
676.9794240852971
 20
113.6867494362968
 30
0.0
 11
676.9794240852971
 21
115.3638905075429
 31
0.0
  0
LINE
  5
442
330
1F
100
AcDbEntity
  8
01_ROOMS$floor2_rooms
100
AcDbLine
 10
676.9794240852971
 20
115.3638905075429
 30
0.0
 11
666.0639607728391
 21
115.3638905075429
 31
0.0
  0
LINE
  5
443
330
1F
100
AcDbEntity
  8
01_ROOMS$floor2_rooms
100
AcDbLine
 10
666.0639607728391
 20
115.3638905075429
 30
0.0
 11
666.0639607728391
 21
117.8786945667303
 31
0.0
  0
LINE
  5
444
330
1F
100
AcDbEntity
  8
01_ROOMS$floor2_rooms
100
AcDbLine
 10
666.0639607728391
 20
117.8786945667303
 30
0.0
 11
656.1540703469101
 21
117.8786945667303
 31
0.0
  0
LINE
  5
445
330
1F
100
AcDbEntity
  8
01_ROOMS$floor2_rooms
100
AcDbLine
 10
656.1540703469101
 20
117.8786945667303
 30
0.0
 11
656.1540703469101
 21
115.4633374244819
 31
0.0
  0
LINE
  5
446
330
1F
100
AcDbEntity
  8
01_ROOMS$floor2_rooms
100
AcDbLine
 10
656.1540703469101
 20
115.4633374244819
 30
0.0
 11
644.9441950607908
 21
115.4633374244819
 31
0.0
  0
LINE
  5
447
330
1F
100
AcDbEntity
  8
01_ROOMS$floor2_rooms
100
AcDbLine
 10
644.9441950607908
 20
115.4633374244819
 30
0.0
 11
644.9441950607908
 21
113.943870767677
 31
0.0
  0
LINE
  5
448
330
1F
100
AcDbEntity
  8
01_ROOMS$floor2_rooms
100
AcDbLine
 10
644.9441950607908
 20
113.943870767677
 30
0.0
 11
622.999958679398
 21
113.8057252759699
 31
0.0
  0
LINE
  5
44A
330
1F
100
AcDbEntity
  8
02_DOORS$doors
100
AcDbLine
 10
218.3819667846641
 20
30.48273771571172
 30
0.0
 11
218.3819667846641
 21
24.72408128600434
 31
0.0
  0
LINE
  5
44B
330
1F
100
AcDbEntity
  8
02_DOORS$doors
100
AcDbLine
 10
613.0025181283859
 20
61.62294332351891
 30
0.0
 11
614.6480386606742
 21
61.62294332351891
 31
0.0
  0
LINE
  5
44C
330
1F
100
AcDbEntity
  8
02_DOORS$doors
100
AcDbLine
 10
604.4417858833167
 20
113.3083095838582
 30
0.0
 11
604.4417858833167
 21
111.9324420936353
 31
0.0
  0
LINE
  5
44D
330
1F
100
AcDbEntity
  8
02_DOORS$doors
100
AcDbLine
 10
605.9644418169721
 20
113.7950771271801
 30
0.0
 11
607.5122927434729
 21
113.7950771271801
 31
0.0
  0
LINE
  5
44E
330
1F
100
AcDbEntity
  8
02_DOORS$doors
100
AcDbLine
 10
609.4584881795303
 20
113.2773568953261
 30
0.0
 11
609.4584881795303
 21
111.7617528631273
 31
0.0
  0
LINE
  5
44F
330
1F
100
AcDbEntity
  8
02_DOORS$doors
100
AcDbLine
 10
610.9281686891877
 20
113.8119954286835
 30
0.0
 11
612.3362830737127
 21
113.8119954286835
 31
0.0
  0
LINE
  5
450
330
1F
100
AcDbEntity
  8
02_DOORS$doors
100
AcDbLine
 10
612.5709939555893
 20
113.3138511032705
 30
0.0
 11
612.5709939555893
 21
111.3519219663869
 31
0.0
  0
LINE
  5
451
330
1F
100
AcDbEntity
  8
02_DOORS$doors
100
AcDbLine
 10
719.8309595509879
 20
104.1403558083206
 30
0.0
 11
722.1032715206508
 21
104.1403558083206
 31
0.0
  0
LINE
  5
452
330
1F
100
AcDbEntity
  8
02_DOORS$doors
100
AcDbLine
 10
708.3918010467605
 20
113.064159155997
 30
0.0
 11
708.3918010467605
 21
111.4586134355246
 31
0.0
  0
LINE
  5
453
330
1F
100
AcDbEntity
  8
02_DOORS$doors
100
AcDbLine
 10
712.7988602182613
 20
113.1624578735769
 30
0.0
 11
712.7988602182613
 21
111.1473341631881
 31
0.0
  0
LINE
  5
454
330
1F
100
AcDbEntity
  8
02_DOORS$doors
100
AcDbLine
 10
717.6657200367122
 20
113.2593596942327
 30
0.0
 11
717.6657200367122
 21
111.3097684622305
 31
0.0
  0
LINE
  5
455
330
1F
100
AcDbEntity
  8
02_DOORS$doors
100
AcDbLine
 10
719.8796022575052
 20
109.4901675083607
 30
0.0
 11
721.7606271000844
 21
109.4901675083607
 31
0.0
  0
LINE
  5
456
330
1F
100
AcDbEntity
  8
02_DOORS$doors
100
AcDbLine
 10
721.9615083080909
 20
107.4811599261933
 30
0.0
 11
721.9615083080909
 21
105.8258193520188
 31
0.0
  0
LINE
  5
457
330
1F
100
AcDbEntity
  8
02_DOORS$doors
100
AcDbLine
 10
722.0608438748804
 20
102.5124061061033
 30
0.0
 11
722.0608438748804
 21
101.0290489682067
 31
0.0
  0
LINE
  5
458
330
1F
100
AcDbEntity
  8
02_DOORS$doors
100
AcDbLine
 10
720.1548439520927
 20
98.15954263341949
 30
0.0
 11
721.8961762444061
 21
98.15954263341949
 31
0.0
  0
LINE
  5
459
330
1F
100
AcDbEntity
  8
02_DOORS$doors
100
AcDbLine
 10
710.2016036520301
 20
94.72532537413521
 30
0.0
 11
712.2848892303706
 21
94.72532537413521
 31
0.0
  0
LINE
  5
45A
330
1F
100
AcDbEntity
  8
02_DOORS$doors
100
AcDbLine
 10
719.646614117922
 20
97.97189952231027
 30
0.0
 11
719.646614117922
 21
96.12732408692263
 31
0.0
  0
LINE
  5
45B
330
1F
100
AcDbEntity
  8
02_DOORS$doors
100
AcDbLine
 10
717.052502095526
 20
94.95235075648414
 30
0.0
 11
719.0001980695228
 21
94.95235075648414
 31
0.0
  0
LINE
  5
45C
330
1F
100
AcDbEntity
  8
02_DOORS$doors
100
AcDbLine
 10
704.5067840513391
 20
83.15114033739881
 30
0.0
 11
705.5880699447184
 21
83.15114033739881
 31
0.0
  0
LINE
  5
45D
330
1F
100
AcDbEntity
  8
02_DOORS$doors
100
AcDbLine
 10
704.5063938635373
 20
54.86650649714682
 30
0.0
 11
705.800862572409
 21
54.86650649714682
 31
0.0
  0
LINE
  5
45E
330
1F
100
AcDbEntity
  8
02_DOORS$doors
100
AcDbLine
 10
30.89839933545292
 20
95.90195277892136
 30
0.0
 11
34.31048501471872
 21
95.90195277892136
 31
0.0
  0
LINE
  5
45F
330
1F
100
AcDbEntity
  8
02_DOORS$doors
100
AcDbLine
 10
691.2982224957557
 20
110.6387743399825
 30
0.0
 11
691.2982224957557
 21
112.616047472336
 31
0.0
  0
LINE
  5
460
330
1F
100
AcDbEntity
  8
02_DOORS$doors
100
AcDbLine
 10
675.606705464468
 20
110.0395097718892
 30
0.0
 11
675.606705464468
 21
112.7034994777724
 31
0.0
  0
LINE
  5
461
330
1F
100
AcDbEntity
  8
02_DOORS$doors
100
AcDbLine
 10
660.1091224934534
 20
110.0004866056977
 30
0.0
 11
660.1091224934534
 21
112.7068991056986
 31
0.0
  0
LINE
  5
462
330
1F
100
AcDbEntity
  8
02_DOORS$doors
100
AcDbLine
 10
644.6336514756614
 20
110.0480190592929
 30
0.0
 11
644.6336514756614
 21
112.8074984710585
 31
0.0
  0
LINE
  5
463
330
1F
100
AcDbEntity
  8
02_DOORS$doors
100
AcDbLine
 10
628.6456448580094
 20
109.9166742063517
 30
0.0
 11
628.6456448580094
 21
112.729220529882
 31
0.0
  0
LINE
  5
464
330
1F
100
AcDbEntity
  8
02_DOORS$doors
100
AcDbLine
 10
692.3648351844165
 20
103.5078113422972
 30
0.0
 11
692.3648351844165
 21
101.6346389753418
 31
0.0
  0
LINE
  5
465
330
1F
100
AcDbEntity
  8
02_DOORS$doors
100
AcDbLine
 10
690.3317578593063
 20
103.6905598659026
 30
0.0
 11
690.3317578593063
 21
101.7717003680458
 31
0.0
  0
LINE
  5
466
330
1F
100
AcDbEntity
  8
02_DOORS$doors
100
AcDbLine
 10
677.3484308835377
 20
103.5934278714176
 30
0.0
 11
677.3484308835377
 21
101.6974119390115
 31
0.0
  0
LINE
  5
467
330
1F
100
AcDbEntity
  8
02_DOORS$doors
100
AcDbLine
 10
674.8356386839633
 20
103.5477407405163
 30
0.0
 11
674.8356386839633
 21
101.5146634154061
 31
0.0
  0
LINE
  5
468
330
1F
100
AcDbEntity
  8
02_DOORS$doors
100
AcDbLine
 10
662.1068015378945
 20
103.4015648971057
 30
0.0
 11
662.1068015378945
 21
101.4141747028969
 31
0.0
  0
LINE
  5
469
330
1F
100
AcDbEntity
  8
02_DOORS$doors
100
AcDbLine
 10
659.9138192546296
 20
103.4929391589084
 30
0.0
 11
659.9138192546296
 21
101.5283925301503
 31
0.0
  0
LINE
  5
46A
330
1F
100
AcDbEntity
  8
02_DOORS$doors
100
AcDbLine
 10
647.1189859346802
 20
103.6937110708906
 30
0.0
 11
647.1189859346802
 21
101.6953559652655
 31
0.0
  0
LINE
  5
46B
330
1F
100
AcDbEntity
  8
02_DOORS$doors
100
AcDbLine
 10
644.6025387646337
 20
103.3791551746348
 30
0.0
 11
644.6025387646337
 21
101.5843362371752
 31
0.0
  0
LINE
  5
46C
330
1F
100
AcDbEntity
  8
02_DOORS$doors
100
AcDbLine
 10
631.5132437744239
 20
103.4247810880106
 30
0.0
 11
631.5132437744239
 21
101.8211011157464
 31
0.0
  0
LINE
  5
46D
330
1F
100
AcDbEntity
  8
02_DOORS$doors
100
AcDbLine
 10
629.4590941348753
 20
103.5454387860774
 30
0.0
 11
629.4590941348753
 21
101.9867218036898
 31
0.0
  0
LINE
  5
46E
330
1F
100
AcDbEntity
  8
02_DOORS$doors
100
AcDbLine
 10
698.1327685914403
 20
101.3879117231479
 30
0.0
 11
698.1327685914403
 21
100.0240343635587
 31
0.0
  0
LINE
  5
46F
330
1F
100
AcDbEntity
  8
02_DOORS$doors
100
AcDbLine
 10
697.7029335101931
 20
95.56790416385401
 30
0.0
 11
697.7029335101931
 21
94.25417071478563
 31
0.0
  0
LINE
  5
470
330
1F
100
AcDbEntity
  8
02_DOORS$doors
100
AcDbLine
 10
689.4235763508941
 20
101.348821288497
 30
0.0
 11
689.4235763508941
 21
100.3169206708299
 31
0.0
  0
LINE
  5
471
330
1F
100
AcDbEntity
  8
02_DOORS$doors
100
AcDbLine
 10
687.9359014520377
 20
101.2151970579449
 30
0.0
 11
687.9359014520377
 21
99.58154175909631
 31
0.0
  0
LINE
  5
472
330
1F
100
AcDbEntity
  8
02_DOORS$doors
100
AcDbLine
 10
687.6257832144911
 20
96.0834106668613
 30
0.0
 11
687.6257832144911
 21
94.3630927748968
 31
0.0
  0
LINE
  5
473
330
1F
100
AcDbEntity
  8
02_DOORS$doors
100
AcDbLine
 10
679.4852317195724
 20
101.4447887811255
 30
0.0
 11
679.4852317195724
 21
99.35784576464394
 31
0.0
  0
LINE
  5
474
330
1F
100
AcDbEntity
  8
02_DOORS$doors
100
AcDbLine
 10
677.9759311969406
 20
101.3600726955929
 30
0.0
 11
677.9759311969406
 21
99.93531951843426
 31
0.0
  0
LINE
  5
475
330
1F
100
AcDbEntity
  8
02_DOORS$doors
100
AcDbLine
 10
677.0249850767957
 20
95.90024291055906
 30
0.0
 11
677.0249850767957
 21
94.08974846849968
 31
0.0
  0
LINE
  5
476
330
1F
100
AcDbEntity
  8
02_DOORS$doors
100
AcDbLine
 10
669.3759480207207
 20
101.3103108168292
 30
0.0
 11
669.3759480207207
 21
100.1205901046952
 31
0.0
  0
LINE
  5
477
330
1F
100
AcDbEntity
  8
02_DOORS$doors
100
AcDbLine
 10
667.738444037965
 20
101.2981671089049
 30
0.0
 11
667.738444037965
 21
100.0029369478515
 31
0.0
  0
LINE
  5
478
330
1F
100
AcDbEntity
  8
02_DOORS$doors
100
AcDbLine
 10
662.0830214423502
 20
95.85595272377628
 30
0.0
 11
662.0830214423502
 21
94.41680810038369
 31
0.0
  0
LINE
  5
479
330
1F
100
AcDbEntity
  8
02_DOORS$doors
100
AcDbLine
 10
654.0661485075105
 20
101.4395852386239
 30
0.0
 11
654.0661485075105
 21
99.65778713347116
 31
0.0
  0
LINE
  5
47A
330
1F
100
AcDbEntity
  8
02_DOORS$doors
100
AcDbLine
 10
652.0496362892624
 20
96.15386604072718
 30
0.0
 11
652.0496362892624
 21
94.21102079914716
 31
0.0
  0
LINE
  5
47B
330
1F
100
AcDbEntity
  8
02_DOORS$doors
100
AcDbLine
 10
652.6225923934711
 20
101.5225410515922
 30
0.0
 11
652.6225923934711
 21
99.78323197817774
 31
0.0
  0
LINE
  5
47C
330
1F
100
AcDbEntity
  8
02_DOORS$doors
100
AcDbLine
 10
643.8703742460557
 20
101.3237775010162
 30
0.0
 11
643.8703742460557
 21
99.83999883508949
 31
0.0
  0
LINE
  5
47D
330
1F
100
AcDbEntity
  8
02_DOORS$doors
100
AcDbLine
 10
641.7786027496331
 20
96.06891965621901
 30
0.0
 11
641.7786027496331
 21
94.29260400677444
 31
0.0
  0
LINE
  5
47E
330
1F
100
AcDbEntity
  8
02_DOORS$doors
100
AcDbLine
 10
642.345766613134
 20
101.3121975697023
 30
0.0
 11
642.345766613134
 21
99.91834488352876
 31
0.0
  0
LINE
  5
47F
330
1F
100
AcDbEntity
  8
02_DOORS$doors
100
AcDbLine
 10
633.6736791302363
 20
101.3666392020217
 30
0.0
 11
633.6736791302363
 21
100.1647784826211
 31
0.0
  0
LINE
  5
480
330
1F
100
AcDbEntity
  8
02_DOORS$doors
100
AcDbLine
 10
632.4356459370013
 20
101.5277793802512
 30
0.0
 11
632.4356459370013
 21
100.0475163390474
 31
0.0
  0
LINE
  5
481
330
1F
100
AcDbEntity
  8
02_DOORS$doors
100
AcDbLine
 10
623.587049709009
 20
101.5591315251878
 30
0.0
 11
623.587049709009
 21
100.0903405225533
 31
0.0
  0
LINE
  5
482
330
1F
100
AcDbEntity
  8
02_DOORS$doors
100
AcDbLine
 10
629.5629528279148
 20
95.81757665237376
 30
0.0
 11
629.5629528279148
 21
94.0126529624438
 31
0.0
  0
LINE
  5
483
330
1F
100
AcDbEntity
  8
02_DOORS$doors
100
AcDbLine
 10
620.6941951282084
 20
52.46389641617978
 30
0.0
 11
622.6276036929008
 21
52.46389641617978
 31
0.0
  0
LINE
  5
484
330
1F
100
AcDbEntity
  8
02_DOORS$doors
100
AcDbLine
 10
620.3602316299549
 20
58.05509212100279
 30
0.0
 11
622.5621229037456
 21
58.05509212100279
 31
0.0
  0
LINE
  5
485
330
1F
100
AcDbEntity
  8
02_DOORS$doors
100
AcDbLine
 10
620.1870668360767
 20
66.89543820814566
 30
0.0
 11
623.2819291301954
 21
66.89543820814566
 31
0.0
  0
LINE
  5
486
330
1F
100
AcDbEntity
  8
02_DOORS$doors
100
AcDbLine
 10
620.5653017551946
 20
74.93542289197167
 30
0.0
 11
624.047021836078
 21
74.93542289197167
 31
0.0
  0
LINE
  5
487
330
1F
100
AcDbEntity
  8
02_DOORS$doors
100
AcDbLine
 10
619.5403696375471
 20
82.64899729638582
 30
0.0
 11
622.8501529243129
 21
82.64899729638582
 31
0.0
  0
LINE
  5
488
330
1F
100
AcDbEntity
  8
02_DOORS$doors
100
AcDbLine
 10
620.518244234018
 20
89.52713239749086
 30
0.0
 11
623.0598998930628
 21
89.52713239749086
 31
0.0
  0
LINE
  5
489
330
1F
100
AcDbEntity
  8
02_DOORS$doors
100
AcDbLine
 10
707.1322346622359
 20
59.0204952318673
 30
0.0
 11
708.660976318039
 21
59.0204952318673
 31
0.0
  0
LINE
  5
48A
330
1F
100
AcDbEntity
  8
02_DOORS$doors
100
AcDbLine
 10
711.8912008666599
 20
60.98137555297641
 30
0.0
 11
711.8912008666599
 21
58.9508364018052
 31
0.0
  0
LINE
  5
48B
330
1F
100
AcDbEntity
  8
02_DOORS$doors
100
AcDbLine
 10
707.1161331191306
 20
63.07681057813296
 30
0.0
 11
708.6694955697766
 21
63.07681057813296
 31
0.0
  0
LINE
  5
48C
330
1F
100
AcDbEntity
  8
02_DOORS$doors
100
AcDbLine
 10
707.123159406626
 20
71.53699264022661
 30
0.0
 11
709.0690927598317
 21
71.53699264022661
 31
0.0
  0
LINE
  5
48D
330
1F
100
AcDbEntity
  8
02_DOORS$doors
100
AcDbLine
 10
712.1460794344649
 20
85.11640877075017
 30
0.0
 11
712.1460794344649
 21
83.60265477823913
 31
0.0
  0
LINE
  5
48E
330
1F
100
AcDbEntity
  8
02_DOORS$doors
100
AcDbLine
 10
707.0227418570345
 20
82.85062109161038
 30
0.0
 11
708.5075736113284
 21
82.85062109161038
 31
0.0
  0
LINE
  5
48F
330
1F
100
AcDbEntity
  8
02_DOORS$doors
100
AcDbLine
 10
704.6416179740253
 20
89.71547429462674
 30
0.0
 11
705.6370985698924
 21
89.71547429462674
 31
0.0
  0
LINE
  5
490
330
1F
100
AcDbEntity
  8
02_DOORS$doors
100
AcDbLine
 10
704.5307097403299
 20
87.18145645031751
 30
0.0
 11
705.7402186643085
 21
87.18145645031751
 31
0.0
  0
LINE
  5
491
330
1F
100
AcDbEntity
  8
02_DOORS$doors
100
AcDbLine
 10
704.4413756028649
 20
79.64128081561135
 30
0.0
 11
705.6853516561166
 21
79.64128081561135
 31
0.0
  0
LINE
  5
492
330
1F
100
AcDbEntity
  8
02_DOORS$doors
100
AcDbLine
 10
704.6228153619053
 20
72.8761832189244
 30
0.0
 11
705.626988802482
 21
72.8761832189244
 31
0.0
  0
LINE
  5
493
330
1F
100
AcDbEntity
  8
02_DOORS$doors
100
AcDbLine
 10
704.5374001018056
 20
68.54006446957898
 30
0.0
 11
705.766388491765
 21
68.54006446957898
 31
0.0
  0
LINE
  5
494
330
1F
100
AcDbEntity
  8
02_DOORS$doors
100
AcDbLine
 10
704.436754933727
 20
64.10240051319192
 30
0.0
 11
705.7406816401474
 21
64.10240051319192
 31
0.0
  0
LINE
  5
495
330
1F
100
AcDbEntity
  8
02_DOORS$doors
100
AcDbLine
 10
704.6189310226277
 20
59.5561145707734
 30
0.0
 11
705.7879687594185
 21
59.5561145707734
 31
0.0
  0
LINE
  5
496
330
1F
100
AcDbEntity
  8
02_DOORS$doors
100
AcDbLine
 10
704.0746966559825
 20
52.46347641677933
 30
0.0
 11
705.8470876680749
 21
52.46347641677933
 31
0.0
  0
LINE
  5
497
330
1F
100
AcDbEntity
  8
02_DOORS$doors
100
AcDbLine
 10
712.0772603093164
 20
46.983596969976
 30
0.0
 11
710.2084282197967
 21
46.983596969976
 31
0.0
  0
LINE
  5
498
330
1F
100
AcDbEntity
  8
02_DOORS$doors
100
AcDbLine
 10
719.6266018194559
 20
45.48483064075714
 30
0.0
 11
719.6266018194559
 21
43.61599855123733
 31
0.0
  0
LINE
  5
499
330
1F
100
AcDbEntity
  8
02_DOORS$doors
100
AcDbLine
 10
719.9921633485526
 20
42.95282598438605
 30
0.0
 11
722.4531006545539
 21
42.95282598438605
 31
0.0
  0
LINE
  5
49A
330
1F
100
AcDbEntity
  8
02_DOORS$doors
100
AcDbLine
 10
719.7532313168412
 20
37.07760719260192
 30
0.0
 11
722.029135742692
 21
37.07760719260192
 31
0.0
  0
LINE
  5
49B
330
1F
100
AcDbEntity
  8
02_DOORS$doors
100
AcDbLine
 10
719.785761636643
 20
31.95107342746552
 30
0.0
 11
722.0616660624938
 21
31.95107342746552
 31
0.0
  0
LINE
  5
49C
330
1F
100
AcDbEntity
  8
02_DOORS$doors
100
AcDbLine
 10
719.8163775419257
 20
29.8009537091442
 30
0.0
 11
719.8163775419257
 21
28.07737243054252
 31
0.0
  0
LINE
  5
49D
330
1F
100
AcDbEntity
  8
02_DOORS$doors
100
AcDbLine
 10
715.2285860971355
 20
29.85554152247198
 30
0.0
 11
715.2285860971355
 21
28.05061783254202
 31
0.0
  0
LINE
  5
49E
330
1F
100
AcDbEntity
  8
02_DOORS$doors
100
AcDbLine
 10
709.374222288301
 20
29.86254774192038
 30
0.0
 11
709.374222288301
 21
28.21390477977964
 31
0.0
  0
LINE
  5
49F
330
1F
100
AcDbEntity
  8
02_DOORS$doors
100
AcDbLine
 10
706.5399307921241
 20
35.88600782023795
 30
0.0
 11
706.5399307921241
 21
32.6828253458252
 31
0.0
  0
LINE
  5
4A0
330
1F
100
AcDbEntity
  8
02_DOORS$doors
100
AcDbLine
 10
695.4058194066803
 20
42.0804993979414
 30
0.0
 11
695.4058194066803
 21
40.89077868580748
 31
0.0
  0
LINE
  5
4A1
330
1F
100
AcDbEntity
  8
02_DOORS$doors
100
AcDbLine
 10
691.6124846382431
 20
41.99926228755332
 30
0.0
 11
691.6124846382431
 21
40.74884153908603
 31
0.0
  0
LINE
  5
4A2
330
1F
100
AcDbEntity
  8
02_DOORS$doors
100
AcDbLine
 10
686.186357012286
 20
41.91755056176423
 30
0.0
 11
686.186357012286
 21
40.75210986416365
 31
0.0
  0
LINE
  5
4A3
330
1F
100
AcDbEntity
  8
02_DOORS$doors
100
AcDbLine
 10
684.2907141012098
 20
41.97439402831494
 30
0.0
 11
684.2907141012098
 21
40.81405213376636
 31
0.0
  0
LINE
  5
4A4
330
1F
100
AcDbEntity
  8
02_DOORS$doors
100
AcDbLine
 10
678.69963421036
 20
41.8940820304022
 30
0.0
 11
678.69963421036
 21
40.61938126740156
 31
0.0
  0
LINE
  5
4A5
330
1F
100
AcDbEntity
  8
02_DOORS$doors
100
AcDbLine
 10
676.8033517333098
 20
42.04266922583999
 30
0.0
 11
676.8033517333098
 21
40.61014836837261
 31
0.0
  0
LINE
  5
4A6
330
1F
100
AcDbEntity
  8
02_DOORS$doors
100
AcDbLine
 10
673.0706639481054
 20
42.03300613643265
 30
0.0
 11
673.0706639481054
 21
40.69760533709864
 31
0.0
  0
LINE
  5
4A7
330
1F
100
AcDbEntity
  8
02_DOORS$doors
100
AcDbLine
 10
669.3391597937771
 20
41.98919295704103
 30
0.0
 11
669.3391597937771
 21
40.62531559745187
 31
0.0
  0
LINE
  5
4A8
330
1F
100
AcDbEntity
  8
02_DOORS$doors
100
AcDbLine
 10
665.5922439707299
 20
41.8992669772879
 30
0.0
 11
665.5922439707299
 21
40.77519223037376
 31
0.0
  0
LINE
  5
4A9
330
1F
100
AcDbEntity
  8
02_DOORS$doors
100
AcDbLine
 10
661.7899679031945
 20
42.01822944303032
 30
0.0
 11
661.7899679031945
 21
40.79208870909638
 31
0.0
  0
LINE
  5
4AA
330
1F
100
AcDbEntity
  8
02_DOORS$doors
100
AcDbLine
 10
658.3887430947309
 20
42.1359885630022
 30
0.0
 11
658.3887430947309
 21
40.52620250569306
 31
0.0
  0
LINE
  5
4AB
330
1F
100
AcDbEntity
  8
02_DOORS$doors
100
AcDbLine
 10
654.5400591876011
 20
41.93245239483668
 30
0.0
 11
654.5400591876011
 21
40.45218935363287
 31
0.0
  0
LINE
  5
4AC
330
1F
100
AcDbEntity
  8
02_DOORS$doors
100
AcDbLine
 10
650.9064750251085
 20
42.05118364267994
 30
0.0
 11
650.9064750251085
 21
40.80720758942829
 31
0.0
  0
LINE
  5
4AD
330
1F
100
AcDbEntity
  8
02_DOORS$doors
100
AcDbLine
 10
647.0687762244158
 20
42.08676316993038
 30
0.0
 11
647.0687762244158
 21
40.78283646350997
 31
0.0
  0
LINE
  5
4AE
330
1F
100
AcDbEntity
  8
02_DOORS$doors
100
AcDbLine
 10
643.1843724297763
 20
42.07757843131451
 30
0.0
 11
643.1843724297763
 21
40.80287766831388
 31
0.0
  0
LINE
  5
4AF
330
1F
100
AcDbEntity
  8
02_DOORS$doors
100
AcDbLine
 10
639.5607404511773
 20
42.11849753901717
 30
0.0
 11
639.5607404511773
 21
40.86807679054988
 31
0.0
  0
LINE
  5
4B0
330
1F
100
AcDbEntity
  8
02_DOORS$doors
100
AcDbLine
 10
635.9553457749114
 20
42.07371966239626
 30
0.0
 11
635.9553457749114
 21
40.8111589066623
 31
0.0
  0
LINE
  5
4B1
330
1F
100
AcDbEntity
  8
02_DOORS$doors
100
AcDbLine
 10
632.1905406700118
 20
42.00149089082512
 30
0.0
 11
632.1905406700118
 21
40.75107014235783
 31
0.0
  0
LINE
  5
4B2
330
1F
100
AcDbEntity
  8
02_DOORS$doors
100
AcDbLine
 10
628.5010048674621
 20
42.02436945120797
 30
0.0
 11
628.5010048674621
 21
40.76540573466413
 31
0.0
  0
LINE
  5
4B3
330
1F
100
AcDbEntity
  8
02_DOORS$doors
100
AcDbLine
 10
623.1656836357361
 20
41.97738042492722
 30
0.0
 11
623.1656836357361
 21
40.63925055195967
 31
0.0
  0
LINE
  5
4B4
330
1F
100
AcDbEntity
  8
02_DOORS$doors
100
AcDbLine
 10
680.7391852185526
 20
39.96651402225146
 30
0.0
 11
680.7391852185526
 21
37.72784460808521
 31
0.0
  0
LINE
  5
4B5
330
1F
100
AcDbEntity
  8
02_DOORS$doors
100
AcDbLine
 10
662.7418929873995
 20
40.06776542107808
 30
0.0
 11
662.7418929873995
 21
37.89621660663111
 31
0.0
  0
LINE
  5
4B6
330
1F
100
AcDbEntity
  8
02_DOORS$doors
100
AcDbLine
 10
646.0290472064405
 20
39.92468165857763
 30
0.0
 11
646.0290472064405
 21
38.24088244920831
 31
0.0
  0
LINE
  5
4B7
330
1F
100
AcDbEntity
  8
02_DOORS$doors
100
AcDbLine
 10
643.4311129543738
 20
39.78075877047576
 30
0.0
 11
643.4311129543738
 21
37.77052501081629
 31
0.0
  0
LINE
  5
4B8
330
1F
100
AcDbEntity
  8
02_DOORS$doors
100
AcDbLine
 10
624.6309350143923
 20
36.48736452964521
 30
0.0
 11
624.6309350143923
 21
34.11840218661217
 31
0.0
  0
LINE
  5
4B9
330
1F
100
AcDbEntity
  8
02_DOORS$doors
100
AcDbLine
 10
617.4493152807453
 20
37.09397138322461
 30
0.0
 11
617.4493152807453
 21
32.36570954498792
 31
0.0
  0
LINE
  5
4BA
330
1F
100
AcDbEntity
  8
02_DOORS$doors
100
AcDbLine
 10
612.6350398915864
 20
29.94877602619839
 30
0.0
 11
612.6350398915864
 21
27.84716800473621
 31
0.0
  0
LINE
  5
4BB
330
1F
100
AcDbEntity
  8
02_DOORS$doors
100
AcDbLine
 10
606.8731030639267
 20
29.72771469097695
 30
0.0
 11
606.8731030639267
 21
28.15401004529717
 31
0.0
  0
LINE
  5
4BC
330
1F
100
AcDbEntity
  8
02_DOORS$doors
100
AcDbLine
 10
602.2715111578077
 20
30.11258213834359
 30
0.0
 11
602.2715111578077
 21
27.96923525655178
 31
0.0
  0
LINE
  5
4BD
330
1F
100
AcDbEntity
  8
02_DOORS$doors
100
AcDbLine
 10
600.3110871178225
 20
32.28846192821114
 30
0.0
 11
602.2570204710281
 21
32.28846192821114
 31
0.0
  0
LINE
  5
4BE
330
1F
100
AcDbEntity
  8
02_DOORS$doors
100
AcDbLine
 10
600.3812862144513
 20
37.048213774409
 30
0.0
 11
602.1390985758808
 21
37.048213774409
 31
0.0
  0
LINE
  5
4BF
330
1F
100
AcDbEntity
  8
02_DOORS$doors
100
AcDbLine
 10
598.6273637619015
 20
45.08438679732699
 30
0.0
 11
598.6273637619015
 21
43.12303826773196
 31
0.0
  0
LINE
  5
4C0
330
1F
100
AcDbEntity
  8
02_DOORS$doors
100
AcDbLine
 10
609.8771762332981
 20
47.14080864212986
 30
0.0
 11
612.0930020820136
 21
47.14080864212986
 31
0.0
  0
LINE
  5
4C1
330
1F
100
AcDbEntity
  8
02_DOORS$doors
100
AcDbLine
 10
614.4110701804926
 20
89.45778434910581
 30
0.0
 11
613.0635293738919
 21
89.45778434910581
 31
0.0
  0
LINE
  5
4C2
330
1F
100
AcDbEntity
  8
02_DOORS$doors
100
AcDbLine
 10
614.3657597763661
 20
86.89056930867514
 30
0.0
 11
612.8969687737316
 21
86.89056930867514
 31
0.0
  0
LINE
  5
4C3
330
1F
100
AcDbEntity
  8
02_DOORS$doors
100
AcDbLine
 10
614.38479798917
 20
79.91192808375483
 30
0.0
 11
612.457450435513
 21
79.91192808375483
 31
0.0
  0
LINE
  5
4C4
330
1F
100
AcDbEntity
  8
02_DOORS$doors
100
AcDbLine
 10
614.5081052725833
 20
78.51322607937688
 30
0.0
 11
613.1215950426566
 21
78.51322607937688
 31
0.0
  0
LINE
  5
4C5
330
1F
100
AcDbEntity
  8
02_DOORS$doors
100
AcDbLine
 10
614.3645011232502
 20
71.4552317150966
 30
0.0
 11
613.2493928957773
 21
71.4552317150966
 31
0.0
  0
LINE
  5
4C6
330
1F
100
AcDbEntity
  8
02_DOORS$doors
100
AcDbLine
 10
614.78529365116
 20
70.24096930123781
 30
0.0
 11
612.9534681376703
 21
70.24096930123781
 31
0.0
  0
LINE
  5
4C7
330
1F
100
AcDbEntity
  8
02_DOORS$doors
100
AcDbLine
 10
614.6689236944617
 20
63.01478010807276
 30
0.0
 11
613.1251943753663
 21
63.01478010807276
 31
0.0
  0
LINE
  5
4C8
330
1F
100
AcDbEntity
  8
02_DOORS$doors
100
AcDbLine
 10
614.6716548325327
 20
54.75738784590564
 30
0.0
 11
613.167143731974
 21
54.75738784590564
 31
0.0
  0
LINE
  5
4C9
330
1F
100
AcDbEntity
  8
02_DOORS$doors
100
AcDbLine
 10
614.6305122973989
 20
52.19904332741676
 30
0.0
 11
613.1063343850682
 21
52.19904332741676
 31
0.0
  0
LINE
  5
4CA
330
1F
100
AcDbEntity
  8
02_DOORS$doors
100
AcDbLine
 10
610.3526933313487
 20
52.2615403682316
 30
0.0
 11
612.1344914365014
 21
52.2615403682316
 31
0.0
  0
LINE
  5
4CB
330
1F
100
AcDbEntity
  8
02_DOORS$doors
100
AcDbLine
 10
610.5609136505802
 20
54.79088095017224
 30
0.0
 11
611.7263543481807
 21
54.79088095017224
 31
0.0
  0
LINE
  5
4CC
330
1F
100
AcDbEntity
  8
02_DOORS$doors
100
AcDbLine
 10
610.5392565517172
 20
58.87018007194631
 30
0.0
 11
611.8139573147179
 21
58.87018007194631
 31
0.0
  0
LINE
  5
4CD
330
1F
100
AcDbEntity
  8
02_DOORS$doors
100
AcDbLine
 10
610.4664165081172
 20
61.57740169241429
 30
0.0
 11
611.8625173437846
 21
61.57740169241429
 31
0.0
  0
LINE
  5
4CE
330
1F
100
AcDbEntity
  8
02_DOORS$doors
100
AcDbLine
 10
610.2999729971004
 20
63.13218588512277
 30
0.0
 11
611.7432294622741
 21
63.13218588512277
 31
0.0
  0
LINE
  5
4CF
330
1F
100
AcDbEntity
  8
02_DOORS$doors
100
AcDbLine
 10
610.632949042074
 20
70.0777912428629
 30
0.0
 11
612.0118140649553
 21
70.0777912428629
 31
0.0
  0
LINE
  5
4D0
330
1F
100
AcDbEntity
  8
02_DOORS$doors
100
AcDbLine
 10
610.4792050192859
 20
71.53367519510638
 30
0.0
 11
612.0678973282579
 21
71.53367519510638
 31
0.0
  0
LINE
  5
4D1
330
1F
100
AcDbEntity
  8
02_DOORS$doors
100
AcDbLine
 10
610.5242284763458
 20
78.51087514225611
 30
0.0
 11
611.6033402333834
 21
78.51087514225611
 31
0.0
  0
LINE
  5
4D2
330
1F
100
AcDbEntity
  8
02_DOORS$doors
100
AcDbLine
 10
610.6719512855421
 20
80.08776782736516
 30
0.0
 11
611.7660507058719
 21
80.08776782736516
 31
0.0
  0
LINE
  5
4D3
330
1F
100
AcDbEntity
  8
02_DOORS$doors
100
AcDbLine
 10
610.7558268363981
 20
82.89759186119119
 30
0.0
 11
611.6605001779105
 21
82.89759186119119
 31
0.0
  0
LINE
  5
4D4
330
1F
100
AcDbEntity
  8
02_DOORS$doors
100
AcDbLine
 10
610.8012965082066
 20
87.02166902443491
 30
0.0
 11
611.597802384973
 21
87.02166902443491
 31
0.0
  0
LINE
  5
4D5
330
1F
100
AcDbEntity
  8
02_DOORS$doors
100
AcDbLine
 10
610.6330539693679
 20
89.38943028754792
 30
0.0
 11
611.6372274099444
 21
89.38943028754792
 31
0.0
  0
LINE
  5
4D6
330
1F
100
AcDbEntity
  8
02_DOORS$doors
100
AcDbLine
 10
610.2089920038533
 20
94.58631354773908
 30
0.0
 11
611.4715527595872
 21
94.58631354773908
 31
0.0
  0
LINE
  5
4D7
330
1F
100
AcDbEntity
  8
02_DOORS$doors
100
AcDbLine
 10
602.3227908282674
 20
97.67018966926133
 30
0.0
 11
602.3227908282674
 21
96.21338879726063
 31
0.0
  0
LINE
  5
4D8
330
1F
100
AcDbEntity
  8
02_DOORS$doors
100
AcDbLine
 10
598.5613693927403
 20
97.82566895527118
 30
0.0
 11
598.5613693927403
 21
96.14186974590189
 31
0.0
  0
LINE
  5
4D9
330
1F
100
AcDbEntity
  8
02_DOORS$doors
100
AcDbLine
 10
600.3561883301999
 20
98.01070183542166
 30
0.0
 11
601.9289678114789
 21
98.01070183542166
 31
0.0
  0
LINE
  5
4DA
330
1F
100
AcDbEntity
  8
02_DOORS$doors
100
AcDbLine
 10
600.3868532773237
 20
104.2572389628706
 30
0.0
 11
601.7956936267893
 21
104.2572389628706
 31
0.0
  0
LINE
  5
4DB
330
1F
100
AcDbEntity
  8
02_DOORS$doors
100
AcDbLine
 10
599.9116750593386
 20
107.3087056261062
 30
0.0
 11
599.9116750593386
 21
105.9611648195056
 31
0.0
  0
LINE
  5
4DC
330
1F
100
AcDbEntity
  8
02_DOORS$doors
100
AcDbLine
 10
600.532396174332
 20
109.4258679563064
 30
0.0
 11
601.6435710394505
 21
109.4258679563064
 31
0.0
  0
LINE
  5
4DD
330
1F
100
AcDbEntity
  8
02_DOORS$doors
100
AcDbLine
 10
600.0917499343976
 20
113.1646632205547
 30
0.0
 11
600.0917499343976
 21
111.8656824430208
 31
0.0
  0
LINE
  5
4DE
330
1F
100
AcDbEntity
  8
02_DOORS$doors
100
AcDbLine
 10
255.3828563632247
 20
71.01185705489546
 30
0.0
 11
251.6922330774884
 21
71.01185705489546
 31
0.0
  0
LINE
  5
4DF
330
1F
100
AcDbEntity
  8
02_DOORS$doors
100
AcDbLine
 10
180.6662142724846
 20
70.67302111185681
 30
0.0
 11
185.8667716254273
 21
70.67302111185681
 31
0.0
  0
LINE
  5
4E0
330
1F
100
AcDbEntity
  8
02_DOORS$doors
100
AcDbLine
 10
221.4807537331374
 20
40.95430550475733
 30
0.0
 11
221.4807537331374
 21
52.7371667974259
 31
0.0
  0
LINE
  5
4E1
330
1F
100
AcDbEntity
  8
02_DOORS$doors
100
AcDbLine
 10
214.4909207629103
 20
40.95430550475733
 30
0.0
 11
214.4909207629103
 21
52.7371667974259
 31
0.0
  0
LINE
  5
4E2
330
1F
100
AcDbEntity
  8
02_DOORS$doors
100
AcDbLine
 10
218.0856920047414
 20
40.8544507480398
 30
0.0
 11
218.0856920047414
 21
52.53745728399085
 31
0.0
  0
LINE
  5
4E3
330
1F
100
AcDbEntity
  8
02_DOORS$doors
100
AcDbLine
 10
472.8430062993892
 20
99.0136033493805
 30
0.0
 11
472.8430062993892
 21
95.91139075731344
 31
0.0
  0
LINE
  5
4E4
330
1F
100
AcDbEntity
  8
02_DOORS$doors
100
AcDbLine
 10
450.8913852385505
 20
98.79725045217822
 30
0.0
 11
450.8913852385505
 21
96.08986491728334
 31
0.0
  0
LINE
  5
4E5
330
1F
100
AcDbEntity
  8
02_DOORS$doors
100
AcDbLine
 10
428.7308448307917
 20
99.6682589959777
 30
0.0
 11
428.7308448307917
 21
95.59464650134419
 31
0.0
  0
LINE
  5
4E6
330
1F
100
AcDbEntity
  8
02_DOORS$doors
100
AcDbLine
 10
406.7644510957855
 20
99.61464838899236
 30
0.0
 11
406.7644510957855
 21
95.40219693310881
 31
0.0
  0
LINE
  5
4E7
330
1F
100
AcDbEntity
  8
02_DOORS$doors
100
AcDbLine
 10
407.4085233194439
 20
107.0173033829727
 30
0.0
 11
407.4085233194439
 21
103.5007661012805
 31
0.0
  0
LINE
  5
4E8
330
1F
100
AcDbEntity
  8
02_DOORS$doors
100
AcDbLine
 10
418.2506722756398
 20
106.8953284166099
 30
0.0
 11
418.2506722756398
 21
103.1162694408192
 31
0.0
  0
LINE
  5
4E9
330
1F
100
AcDbEntity
  8
02_DOORS$doors
100
AcDbLine
 10
426.5832998049186
 20
106.6170205197665
 30
0.0
 11
426.5832998049186
 21
103.0308488364566
 31
0.0
  0
LINE
  5
4EA
330
1F
100
AcDbEntity
  8
02_DOORS$doors
100
AcDbLine
 10
433.0244819545528
 20
106.930375327046
 30
0.0
 11
433.0244819545528
 21
102.9263972340301
 31
0.0
  0
LINE
  5
4EB
330
1F
100
AcDbEntity
  8
02_DOORS$doors
100
AcDbLine
 10
439.7104070625693
 20
106.7063221780753
 30
0.0
 11
439.7104070625693
 21
103.3986881012361
 31
0.0
  0
LINE
  5
4EC
330
1F
100
AcDbEntity
  8
02_DOORS$doors
100
AcDbLine
 10
446.5114514554175
 20
106.7164032547533
 30
0.0
 11
446.5114514554175
 21
103.3039694034795
 31
0.0
  0
LINE
  5
4ED
330
1F
100
AcDbEntity
  8
02_DOORS$doors
100
AcDbLine
 10
453.5901365518614
 20
106.9138167833393
 30
0.0
 11
453.5901365518614
 21
103.3039694034795
 31
0.0
  0
LINE
  5
4EE
330
1F
100
AcDbEntity
  8
02_DOORS$doors
100
AcDbLine
 10
461.8070991600338
 20
106.7873736517007
 30
0.0
 11
461.8070991600338
 21
103.1493243391858
 31
0.0
  0
LINE
  5
4EF
330
1F
100
AcDbEntity
  8
02_DOORS$doors
100
AcDbLine
 10
472.4633783925574
 20
106.7768978469085
 30
0.0
 11
472.4633783925574
 21
103.3732065947579
 31
0.0
  0
LINE
  5
4F0
330
1F
100
AcDbEntity
  8
02_DOORS$doors
100
AcDbLine
 10
496.9209257304871
 20
108.7691547475514
 30
0.0
 11
496.9209257304871
 21
105.2874346666681
 31
0.0
  0
LINE
  5
4F1
330
1F
100
AcDbEntity
  8
02_DOORS$doors
100
AcDbLine
 10
492.923941397839
 20
109.0477040156397
 30
0.0
 11
492.923941397839
 21
104.9642051553445
 31
0.0
  0
LINE
  5
4F2
330
1F
100
AcDbEntity
  8
02_DOORS$doors
100
AcDbLine
 10
502.1595171613929
 20
99.24013910280085
 30
0.0
 11
502.1595171613929
 21
95.65396741949104
 31
0.0
  0
LINE
  5
4F3
330
1F
100
AcDbEntity
  8
02_DOORS$doors
100
AcDbLine
 10
479.6684015173838
 20
89.09703341121045
 30
0.0
 11
483.1090373013127
 21
89.09703341121045
 31
0.0
  0
LINE
  5
4F4
330
1F
100
AcDbEntity
  8
02_DOORS$doors
100
AcDbLine
 10
479.8444177327265
 20
78.35108663956333
 30
0.0
 11
483.8483958257423
 21
78.35108663956333
 31
0.0
  0
LINE
  5
4F5
330
1F
100
AcDbEntity
  8
02_DOORS$doors
100
AcDbLine
 10
479.7251786159618
 20
74.43403223456224
 30
0.0
 11
483.3809847008893
 21
74.43403223456224
 31
0.0
  0
LINE
  5
4F6
330
1F
100
AcDbEntity
  8
02_DOORS$doors
100
AcDbLine
 10
479.8567596948152
 20
63.70167824957991
 30
0.0
 11
484.0599757377395
 21
63.70167824957991
 31
0.0
  0
LINE
  5
4F7
330
1F
100
AcDbEntity
  8
02_DOORS$doors
100
AcDbLine
 10
480.0542802965092
 20
52.73622233967684
 30
0.0
 11
483.01374236526
 21
52.73622233967684
 31
0.0
  0
LINE
  5
4F8
330
1F
100
AcDbEntity
  8
02_DOORS$doors
100
AcDbLine
 10
502.5739060207902
 20
46.13805762840413
 30
0.0
 11
502.5739060207902
 21
42.31723998134425
 31
0.0
  0
LINE
  5
4F9
330
1F
100
AcDbEntity
  8
02_DOORS$doors
100
AcDbLine
 10
472.5139174246575
 20
45.32829482734441
 30
0.0
 11
472.5139174246575
 21
42.51853627691133
 31
0.0
  0
LINE
  5
4FA
330
1F
100
AcDbEntity
  8
02_DOORS$doors
100
AcDbLine
 10
465.3313392459203
 20
45.42244280158285
 30
0.0
 11
465.3313392459203
 21
42.85606692996376
 31
0.0
  0
LINE
  5
4FB
330
1F
100
AcDbEntity
  8
02_DOORS$doors
100
AcDbLine
 10
439.8368039745916
 20
45.36273912607952
 30
0.0
 11
439.8368039745916
 21
42.82778866801807
 31
0.0
  0
LINE
  5
4FC
330
1F
100
AcDbEntity
  8
02_DOORS$doors
100
AcDbLine
 10
414.2242313248536
 20
45.37513694488819
 30
0.0
 11
414.2242313248536
 21
42.17703778179364
 31
0.0
  0
LINE
  5
4FD
330
1F
100
AcDbEntity
  8
02_DOORS$doors
100
AcDbLine
 10
407.1655696005949
 20
45.28376268308549
 30
0.0
 11
407.1655696005949
 21
42.26841204359634
 31
0.0
  0
LINE
  5
4FE
330
1F
100
AcDbEntity
  8
02_DOORS$doors
100
AcDbLine
 10
493.1390137660632
 20
35.88883140821114
 30
0.0
 11
493.1390137660632
 21
32.62220154876456
 31
0.0
  0
LINE
  5
4FF
330
1F
100
AcDbEntity
  8
02_DOORS$doors
100
AcDbLine
 10
501.8532230893042
 20
35.99798655080168
 30
0.0
 11
501.8532230893042
 21
32.52914883421764
 31
0.0
  0
LINE
  5
500
330
1F
100
AcDbEntity
  8
02_DOORS$doors
100
AcDbLine
 10
468.951696803233
 20
37.42723406289272
 30
0.0
 11
468.951696803233
 21
34.66344466268755
 31
0.0
  0
LINE
  5
501
330
1F
100
AcDbEntity
  8
02_DOORS$doors
100
AcDbLine
 10
457.7089341243354
 20
37.14546113430852
 30
0.0
 11
457.7089341243354
 21
34.86110458924099
 31
0.0
  0
LINE
  5
502
330
1F
100
AcDbEntity
  8
02_DOORS$doors
100
AcDbLine
 10
439.852587456516
 20
37.35554167570952
 30
0.0
 11
439.852587456516
 21
34.95315481990004
 31
0.0
  0
LINE
  5
503
330
1F
100
AcDbEntity
  8
02_DOORS$doors
100
AcDbLine
 10
429.5115105596191
 20
37.09094721916092
 30
0.0
 11
429.5115105596191
 21
34.41176361692122
 31
0.0
  0
LINE
  5
504
330
1F
100
AcDbEntity
  8
02_DOORS$doors
100
AcDbLine
 10
421.7338202219567
 20
37.05983502106753
 30
0.0
 11
421.7338202219567
 21
33.61919923713866
 31
0.0
  0
LINE
  5
505
330
1F
100
AcDbEntity
  8
02_DOORS$doors
100
AcDbLine
 10
407.60460554219
 20
37.12379627614133
 30
0.0
 11
407.60460554219
 21
34.03991494030016
 31
0.0
  0
LINE
  5
506
330
1F
100
AcDbEntity
  8
02_DOORS$doors
100
AcDbLine
 10
395.9922339281187
 20
35.66234460803052
 30
0.0
 11
395.9922339281187
 21
32.60130683764002
 31
0.0
  0
LINE
  5
507
330
1F
100
AcDbEntity
  8
02_DOORS$doors
100
AcDbLine
 10
386.4672524620594
 20
35.74254583530674
 30
0.0
 11
386.4672524620594
 21
32.74826656574711
 31
0.0
  0
LINE
  5
508
330
1F
100
AcDbEntity
  8
02_DOORS$doors
100
AcDbLine
 10
377.4147802517629
 20
35.4988254296449
 30
0.0
 11
377.4147802517629
 21
32.92235256979127
 31
0.0
  0
LINE
  5
509
330
1F
100
AcDbEntity
  8
02_DOORS$doors
100
AcDbLine
 10
377.5943822208011
 20
95.79301070748373
 30
0.0
 11
377.5943822208011
 21
98.80190460454337
 31
0.0
  0
LINE
  5
50A
330
1F
100
AcDbEntity
  8
02_DOORS$doors
100
AcDbLine
 10
377.8044712423861
 20
46.00010402378172
 30
0.0
 11
377.8044712423861
 21
41.91395181789827
 31
0.0
  0
LINE
  5
50B
330
1F
100
AcDbEntity
  8
02_DOORS$doors
100
AcDbLine
 10
396.7865850300119
 20
63.50061847122633
 30
0.0
 11
400.1638535084687
 21
63.50061847122633
 31
0.0
  0
LINE
  5
50C
330
1F
100
AcDbEntity
  8
02_DOORS$doors
100
AcDbLine
 10
396.5290275751707
 20
74.52373762900723
 30
0.0
 11
399.9414614264444
 21
74.52373762900723
 31
0.0
  0
LINE
  5
50D
330
1F
100
AcDbEntity
  8
02_DOORS$doors
100
AcDbLine
 10
396.2349371032045
 20
88.92026111491772
 30
0.0
 11
399.9255603889408
 21
88.92026111491772
 31
0.0
  0
LINE
  5
50E
330
1F
100
AcDbEntity
  8
02_DOORS$doors
100
AcDbLine
 10
399.8556561968196
 20
108.6664170935342
 30
0.0
 11
399.8556561968196
 21
105.8744257606739
 31
0.0
  0
LINE
  5
50F
330
1F
100
AcDbEntity
  8
02_DOORS$doors
100
AcDbLine
 10
390.5628504900252
 20
108.4251898886584
 30
0.0
 11
390.5628504900252
 21
106.0280256129703
 31
0.0
  0
LINE
  5
510
330
1F
100
AcDbEntity
  8
02_DOORS$doors
100
AcDbLine
 10
382.0948756351822
 20
108.3321294634119
 30
0.0
 11
382.0948756351822
 21
106.0477729183444
 31
0.0
  0
LINE
  5
511
330
1F
100
AcDbEntity
  8
02_DOORS$doors
100
AcDbLine
 10
251.0122782822391
 20
98.84916019429268
 30
0.0
 11
251.0122782822391
 21
95.88795726550146
 31
0.0
  0
LINE
  5
512
330
1F
100
AcDbEntity
  8
02_DOORS$doors
100
AcDbLine
 10
247.4024309023793
 20
98.90556405960298
 30
0.0
 11
247.4024309023793
 21
95.60593793894991
 31
0.0
  0
LINE
  5
513
330
1F
100
AcDbEntity
  8
02_DOORS$doors
100
AcDbLine
 10
243.6346471594651
 20
98.55123528147864
 30
0.0
 11
243.6346471594651
 21
95.98485940985957
 31
0.0
  0
LINE
  5
514
330
1F
100
AcDbEntity
  8
02_DOORS$doors
100
AcDbLine
 10
240.3758318819701
 20
98.81092394542576
 30
0.0
 11
240.3758318819701
 21
95.67737587263082
 31
0.0
  0
LINE
  5
515
330
1F
100
AcDbEntity
  8
02_DOORS$doors
100
AcDbLine
 10
236.5357872279838
 20
98.95301637417653
 30
0.0
 11
236.5357872279838
 21
95.78465110057275
 31
0.0
  0
LINE
  5
516
330
1F
100
AcDbEntity
  8
02_DOORS$doors
100
AcDbLine
 10
232.6014435365857
 20
98.8137475709412
 30
0.0
 11
232.6014435365857
 21
96.02837150623458
 31
0.0
  0
LINE
  5
517
330
1F
100
AcDbEntity
  8
02_DOORS$doors
100
AcDbLine
 10
221.9637092698483
 20
98.8874351472824
 30
0.0
 11
221.9637092698483
 21
95.75702062256025
 31
0.0
  0
LINE
  5
518
330
1F
100
AcDbEntity
  8
02_DOORS$doors
100
AcDbLine
 10
218.5864619511331
 20
89.10875551117515
 30
0.0
 11
218.5864619511331
 21
99.72213786411913
 31
0.0
  0
LINE
  5
519
330
1F
100
AcDbEntity
  8
02_DOORS$doors
100
AcDbLine
 10
200.2897367861333
 20
98.71508177523508
 30
0.0
 11
200.2897367861333
 21
95.40744769839596
 31
0.0
  0
LINE
  5
51A
330
1F
100
AcDbEntity
  8
02_DOORS$doors
100
AcDbLine
 10
189.1661893875274
 20
98.80412287751452
 30
0.0
 11
189.1661893875274
 21
95.2875855958224
 31
0.0
  0
LINE
  5
51B
330
1F
100
AcDbEntity
  8
02_DOORS$doors
100
AcDbLine
 10
174.7287449276496
 20
95.94237011973316
 30
0.0
 11
174.7287449276496
 21
98.69292898363094
 31
0.0
  0
LINE
  5
51C
330
1F
100
AcDbEntity
  8
02_DOORS$doors
100
AcDbLine
 10
174.8861383101104
 20
85.42261339527072
 30
0.0
 11
178.1529373983465
 21
85.42261339527072
 31
0.0
  0
LINE
  5
51D
330
1F
100
AcDbEntity
  8
02_DOORS$doors
100
AcDbLine
 10
174.5024505191518
 20
63.35186548804097
 30
0.0
 11
178.4294019897411
 21
63.35186548804097
 31
0.0
  0
LINE
  5
51E
330
1F
100
AcDbEntity
  8
02_DOORS$doors
100
AcDbLine
 10
250.8000754624264
 20
45.67096239635082
 30
0.0
 11
250.8000754624264
 21
42.08479071304107
 31
0.0
  0
LINE
  5
51F
330
1F
100
AcDbEntity
  8
02_DOORS$doors
100
AcDbLine
 10
229.1230082924207
 20
45.37974070282134
 30
0.0
 11
229.1230082924207
 21
42.73363344135006
 31
0.0
  0
LINE
  5
520
330
1F
100
AcDbEntity
  8
02_DOORS$doors
100
AcDbLine
 10
207.3757133388389
 20
45.54955832285629
 30
0.0
 11
207.3757133388389
 21
41.93888564638475
 31
0.0
  0
LINE
  5
521
330
1F
100
AcDbEntity
  8
02_DOORS$doors
100
AcDbLine
 10
203.8080248608968
 20
45.59254252138571
 30
0.0
 11
203.8080248608968
 21
41.68098045520821
 31
0.0
  0
LINE
  5
522
330
1F
100
AcDbEntity
  8
02_DOORS$doors
100
AcDbLine
 10
193.0324652341692
 20
45.50990647626949
 30
0.0
 11
193.0324652341692
 21
42.28609158656276
 31
0.0
  0
LINE
  5
523
330
1F
100
AcDbEntity
  8
02_DOORS$doors
100
AcDbLine
 10
189.2068715650506
 20
45.50990647626949
 30
0.0
 11
189.2068715650506
 21
41.85624960126854
 31
0.0
  0
LINE
  5
524
330
1F
100
AcDbEntity
  8
02_DOORS$doors
100
AcDbLine
 10
280.8860026148977
 20
45.63597759912061
 30
0.0
 11
280.8860026148977
 21
43.0413997948464
 31
0.0
  0
LINE
  5
525
330
1F
100
AcDbEntity
  8
02_DOORS$doors
100
AcDbLine
 10
173.5580129795829
 20
45.62076948683572
 30
0.0
 11
173.5580129795829
 21
42.17386660676129
 31
0.0
  0
LINE
  5
526
330
1F
100
AcDbEntity
  8
02_DOORS$doors
100
AcDbLine
 10
155.7188178534019
 20
35.83687495271553
 30
0.0
 11
155.7188178534019
 21
32.65604426153823
 31
0.0
  0
LINE
  5
527
330
1F
100
AcDbEntity
  8
02_DOORS$doors
100
AcDbLine
 10
160.6190164857561
 20
35.75090655565668
 30
0.0
 11
160.6190164857561
 21
32.69902846006765
 31
0.0
  0
LINE
  5
528
330
1F
100
AcDbEntity
  8
02_DOORS$doors
100
AcDbLine
 10
168.7860142063464
 20
35.57896976153899
 30
0.0
 11
168.7860142063464
 21
32.226202276244
 31
0.0
  0
LINE
  5
529
330
1F
100
AcDbEntity
  8
02_DOORS$doors
100
AcDbLine
 10
174.5354336359803
 20
35.72318748984786
 30
0.0
 11
174.5354336359803
 21
32.17183300734693
 31
0.0
  0
LINE
  5
52A
330
1F
100
AcDbEntity
  8
02_DOORS$doors
100
AcDbLine
 10
192.1156959503982
 20
37.18975419394011
 30
0.0
 11
192.1156959503982
 21
34.51057059170045
 31
0.0
  0
LINE
  5
52B
330
1F
100
AcDbEntity
  8
02_DOORS$doors
100
AcDbLine
 10
196.0397460910672
 20
36.97583983921699
 30
0.0
 11
196.0397460910672
 21
34.55442190144543
 31
0.0
  0
LINE
  5
52C
330
1F
100
AcDbEntity
  8
02_DOORS$doors
100
AcDbLine
 10
221.6062205658565
 20
30.34655027348682
 30
0.0
 11
224.0504820690788
 21
30.34655027348682
 31
0.0
  0
LINE
  5
52D
330
1F
100
AcDbEntity
  8
02_DOORS$doors
100
AcDbLine
 10
212.7056543062021
 20
30.3679165893119
 30
0.0
 11
214.8529494585656
 21
30.3679165893119
 31
0.0
  0
LINE
  5
52E
330
1F
100
AcDbEntity
  8
02_DOORS$doors
100
AcDbLine
 10
203.1927586438354
 20
37.34587556733056
 30
0.0
 11
203.1927586438354
 21
33.98984558136719
 31
0.0
  0
LINE
  5
52F
330
1F
100
AcDbEntity
  8
02_DOORS$doors
100
AcDbLine
 10
206.8308079563503
 20
37.17666397139963
 30
0.0
 11
206.8308079563503
 21
34.3564707058842
 31
0.0
  0
LINE
  5
530
330
1F
100
AcDbEntity
  8
02_DOORS$doors
100
AcDbLine
 10
233.274711406543
 20
37.18423076140185
 30
0.0
 11
233.274711406543
 21
34.36403749588641
 31
0.0
  0
LINE
  5
531
330
1F
100
AcDbEntity
  8
02_DOORS$doors
100
AcDbLine
 10
240.6559579780155
 20
37.21904796221068
 30
0.0
 11
240.6559579780155
 21
34.05068268860692
 31
0.0
  0
LINE
  5
532
330
1F
100
AcDbEntity
  8
02_DOORS$doors
100
AcDbLine
 10
248.0110041470705
 20
37.31521980232241
 30
0.0
 11
248.0110041470705
 21
34.26941107556574
 31
0.0
  0
LINE
  5
533
330
1F
100
AcDbEntity
  8
02_DOORS$doors
100
AcDbLine
 10
275.8683042561544
 20
36.28487730731061
 30
0.0
 11
275.8683042561544
 21
33.14703081466274
 31
0.0
  0
LINE
  5
534
330
1F
100
AcDbEntity
  8
02_DOORS$doors
100
AcDbLine
 10
267.8208765962258
 20
36.04026009672231
 30
0.0
 11
267.8208765962258
 21
32.73262601988322
 31
0.0
  0
LINE
  5
535
330
1F
100
AcDbEntity
  8
02_DOORS$doors
100
AcDbLine
 10
262.7297075437981
 20
36.22679670959
 30
0.0
 11
262.7297075437981
 21
33.16288303841274
 31
0.0
  0
LINE
  5
536
330
1F
100
AcDbEntity
  8
02_DOORS$doors
100
AcDbLine
 10
262.3821524351175
 20
45.37351199284323
 30
0.0
 11
262.3821524351175
 21
42.58813592813662
 31
0.0
  0
LINE
  5
537
330
1F
100
AcDbEntity
  8
02_DOORS$doors
100
AcDbLine
 10
258.1903062882521
 20
52.40866336137722
 30
0.0
 11
261.6720263691353
 21
52.40866336137722
 31
0.0
  0
LINE
  5
538
330
1F
100
AcDbEntity
  8
02_DOORS$doors
100
AcDbLine
 10
258.5651966241881
 20
63.47228260636646
 30
0.0
 11
262.5691747172039
 21
63.47228260636646
 31
0.0
  0
LINE
  5
539
330
1F
100
AcDbEntity
  8
02_DOORS$doors
100
AcDbLine
 10
258.4453468049389
 20
70.9991171347149
 30
0.0
 11
261.6039632623162
 21
70.9991171347149
 31
0.0
  0
LINE
  5
53A
330
1F
100
AcDbEntity
  8
02_DOORS$doors
100
AcDbLine
 10
258.3128213603764
 20
78.3706839163521
 30
0.0
 11
261.9508706728913
 21
78.3706839163521
 31
0.0
  0
LINE
  5
53B
330
1F
100
AcDbEntity
  8
02_DOORS$doors
100
AcDbLine
 10
258.401489899183
 20
89.16218479142255
 30
0.0
 11
261.8135755784486
 21
89.16218479142255
 31
0.0
  0
LINE
  5
53C
330
1F
100
AcDbEntity
  8
02_DOORS$doors
100
AcDbLine
 10
267.7919487927922
 20
108.8968746934528
 30
0.0
 11
267.7919487927922
 21
105.5441072081578
 31
0.0
  0
LINE
  5
53D
330
1F
100
AcDbEntity
  8
02_DOORS$doors
100
AcDbLine
 10
261.3424291632899
 20
111.3074070523335
 30
0.0
 11
263.1927579647946
 21
111.3074070523335
 31
0.0
  0
LINE
  5
53E
330
1F
100
AcDbEntity
  8
02_DOORS$doors
100
AcDbLine
 10
240.1881915468315
 20
107.0787219541708
 30
0.0
 11
240.1881915468315
 21
103.3880986684345
 31
0.0
  0
LINE
  5
53F
330
1F
100
AcDbEntity
  8
02_DOORS$doors
100
AcDbLine
 10
232.9823709198354
 20
107.1487348163789
 30
0.0
 11
236.0698295580261
 21
107.1487348163789
 31
0.0
  0
LINE
  5
540
330
1F
100
AcDbEntity
  8
02_DOORS$doors
100
AcDbLine
 10
232.5788719742959
 20
106.9101752644385
 30
0.0
 11
232.5788719742959
 21
103.7797607397163
 31
0.0
  0
LINE
  5
541
330
1F
100
AcDbEntity
  8
02_DOORS$doors
100
AcDbLine
 10
218.2955738876652
 20
106.7690308655831
 30
0.0
 11
218.2955738876652
 21
103.043590379038
 31
0.0
  0
LINE
  5
542
330
1F
100
AcDbEntity
  8
02_DOORS$doors
100
AcDbLine
 10
200.8038003511112
 20
107.2385194235724
 30
0.0
 11
203.8029094975842
 21
107.2385194235724
 31
0.0
  0
LINE
  5
543
330
1F
100
AcDbEntity
  8
02_DOORS$doors
100
AcDbLine
 10
204.2409343556664
 20
106.8915748000863
 30
0.0
 11
204.2409343556664
 21
103.4509390161574
 31
0.0
  0
LINE
  5
544
330
1F
100
AcDbEntity
  8
02_DOORS$doors
100
AcDbLine
 10
185.6102098950264
 20
106.9990885130995
 30
0.0
 11
185.6102098950264
 21
103.5302507965156
 31
0.0
  0
LINE
  5
545
330
1F
100
AcDbEntity
  8
02_DOORS$doors
100
AcDbLine
 10
175.4836571401383
 20
111.3162332376724
 30
0.0
 11
173.2557044603811
 21
111.3162332376724
 31
0.0
  0
LINE
  5
546
330
1F
100
AcDbEntity
  8
02_DOORS$doors
100
AcDbLine
 10
155.923904577935
 20
108.3559860351023
 30
0.0
 11
155.923904577935
 21
105.918781978484
 31
0.0
  0
LINE
  5
547
330
1F
100
AcDbEntity
  8
02_DOORS$doors
100
AcDbLine
 10
168.8418277241368
 20
108.633655714542
 30
0.0
 11
168.8418277241368
 21
105.9544721123024
 31
0.0
  0
LINE
  5
548
330
1F
100
AcDbEntity
  8
02_DOORS$doors
100
AcDbLine
 10
41.27536837610395
 20
95.4943860227254
 30
0.0
 11
37.7506640966913
 21
95.4943860227254
 31
0.0
  0
LINE
  5
549
330
1F
100
AcDbEntity
  8
02_DOORS$doors
100
AcDbLine
 10
-45.45619005616271
 20
47.36264331329711
 30
0.0
 11
-43.35458203470062
 21
47.36264331329711
 31
0.0
  0
LINE
  5
54A
330
1F
100
AcDbEntity
  8
02_DOORS$doors
100
AcDbLine
 10
-45.47381744850879
 20
95.4927558475742
 30
0.0
 11
-43.53097220692889
 21
95.4927558475742
 31
0.0
  0
LINE
  5
54B
330
1F
100
AcDbEntity
  8
02_DOORS$doors
100
AcDbLine
 10
41.00563258126272
 20
89.8605146253235
 30
0.0
 11
37.55628331655598
 21
89.8605146253235
 31
0.0
  0
LINE
  5
54C
330
1F
100
AcDbEntity
  8
02_DOORS$doors
100
AcDbLine
 10
49.90782670626496
 20
77.11198883855556
 30
0.0
 11
49.90782670626496
 21
73.9311581473783
 31
0.0
  0
LINE
  5
54D
330
1F
100
AcDbEntity
  8
02_DOORS$doors
100
AcDbLine
 10
41.53153465479227
 20
77.1072804341438
 30
0.0
 11
41.53153465479227
 21
73.32467096355462
 31
0.0
  0
LINE
  5
54E
330
1F
100
AcDbEntity
  8
02_DOORS$doors
100
AcDbLine
 10
40.83669515492695
 20
102.0556519428474
 30
0.0
 11
38.4113289465837
 21
102.0556519428474
 31
0.0
  0
LINE
  5
54F
330
1F
100
AcDbEntity
  8
02_DOORS$doors
100
AcDbLine
 10
59.41706250679793
 20
109.2477269087597
 30
0.0
 11
59.41706250679793
 21
105.1615747028763
 31
0.0
  0
LINE
  5
550
330
1F
100
AcDbEntity
  8
02_DOORS$doors
100
AcDbLine
 10
47.43828415600105
 20
109.2399179906428
 30
0.0
 11
47.43828415600105
 21
104.7292304906417
 31
0.0
  0
LINE
  5
551
330
1F
100
AcDbEntity
  8
02_DOORS$doors
100
AcDbLine
 10
37.52242385185887
 20
113.3965710034946
 30
0.0
 11
35.18166344148109
 21
113.3965710034946
 31
0.0
  0
LINE
  5
552
330
1F
100
AcDbEntity
  8
02_DOORS$doors
100
AcDbLine
 10
37.94545284168619
 20
109.1098772399112
 30
0.0
 11
37.94545284168619
 21
106.0076646478442
 31
0.0
  0
LINE
  5
553
330
1F
100
AcDbEntity
  8
02_DOORS$doors
100
AcDbLine
 10
20.41754876457749
 20
107.8575365986507
 30
0.0
 11
20.41754876457749
 21
105.0937471984456
 31
0.0
  0
LINE
  5
554
330
1F
100
AcDbEntity
  8
02_DOORS$doors
100
AcDbLine
 10
10.55100721890557
 20
107.7887971245111
 30
0.0
 11
10.55100721890557
 21
104.9333514431768
 31
0.0
  0
LINE
  5
555
330
1F
100
AcDbEntity
  8
02_DOORS$doors
100
AcDbLine
 10
3.525364328806715
 20
107.7392756810905
 30
0.0
 11
3.525364328806715
 21
105.2036399160656
 31
0.0
  0
LINE
  5
556
330
1F
100
AcDbEntity
  8
02_DOORS$doors
100
AcDbLine
 10
-5.961871697759137
 20
107.6698707647371
 30
0.0
 11
-5.961871697759137
 21
105.1799221306136
 31
0.0
  0
LINE
  5
557
330
1F
100
AcDbEntity
  8
02_DOORS$doors
100
AcDbLine
 10
-9.297032253557651
 20
107.7612450265398
 30
0.0
 11
-9.297032253557651
 21
104.7687379525014
 31
0.0
  0
LINE
  5
558
330
1F
100
AcDbEntity
  8
02_DOORS$doors
100
AcDbLine
 10
-16.36899944386765
 20
107.750921857293
 30
0.0
 11
-16.36899944386765
 21
105.3269911273218
 31
0.0
  0
LINE
  5
559
330
1F
100
AcDbEntity
  8
02_DOORS$doors
100
AcDbLine
 10
-20.18104811322161
 20
108.1803890760494
 30
0.0
 11
-20.18104811322161
 21
105.2107255674617
 31
0.0
  0
LINE
  5
55A
330
1F
100
AcDbEntity
  8
02_DOORS$doors
100
AcDbLine
 10
31.2430836591025
 20
102.9123887611704
 30
0.0
 11
34.1677285270444
 21
102.9123887611704
 31
0.0
  0
LINE
  5
55B
330
1F
100
AcDbEntity
  8
02_DOORS$doors
100
AcDbLine
 10
-1.671544511934198
 20
95.83342702969146
 30
0.0
 11
-0.1638691921896638
 21
95.83342702969146
 31
0.0
  0
LINE
  5
55C
330
1F
100
AcDbEntity
  8
02_DOORS$doors
100
AcDbLine
 10
-40.22031094955138
 20
95.776047495067
 30
0.0
 11
-37.35868521507346
 21
95.776047495067
 31
0.0
  0
LINE
  5
55D
330
1F
100
AcDbEntity
  8
02_DOORS$doors
100
AcDbLine
 10
-4.897649517986659
 20
95.84889911087483
 30
0.0
 11
-3.275756370988752
 21
95.84889911087483
 31
0.0
  0
LINE
  5
55E
330
1F
100
AcDbEntity
  8
02_DOORS$doors
100
AcDbLine
 10
-38.87353348396166
 20
103.1074908687731
 30
0.0
 11
-35.65259075541653
 21
103.1074908687731
 31
0.0
  0
LINE
  5
55F
330
1F
100
AcDbEntity
  8
02_DOORS$doors
100
AcDbLine
 10
-45.6216441268546
 20
103.2046949756124
 30
0.0
 11
-43.19627791851136
 21
103.2046949756124
 31
0.0
  0
LINE
  5
560
330
1F
100
AcDbEntity
  8
02_DOORS$doors
100
AcDbLine
 10
-56.40204908874798
 20
33.31148911800291
 30
0.0
 11
-56.40204908874798
 21
36.09686518270946
 31
0.0
  0
LINE
  5
561
330
1F
100
AcDbEntity
  8
02_DOORS$doors
100
AcDbLine
 10
-45.68242582928674
 20
36.8323819164935
 30
0.0
 11
-43.65099549704376
 21
36.8323819164935
 31
0.0
  0
LINE
  5
562
330
1F
100
AcDbEntity
  8
02_DOORS$doors
100
AcDbLine
 10
-40.31446426407307
 20
45.60983642416571
 30
0.0
 11
-40.31446426407307
 21
43.32547987909825
 31
0.0
  0
LINE
  5
563
330
1F
100
AcDbEntity
  8
02_DOORS$doors
100
AcDbLine
 10
-41.74743494668495
 20
92.26111330973328
 30
0.0
 11
-41.74743494668495
 21
90.63922016273537
 31
0.0
  0
LINE
  5
564
330
1F
100
AcDbEntity
  8
02_DOORS$doors
100
AcDbLine
 10
-45.17999613672097
 20
78.56070432029641
 30
0.0
 11
-43.62607520658696
 21
78.56070432029641
 31
0.0
  0
LINE
  5
565
330
1F
100
AcDbEntity
  8
02_DOORS$doors
100
AcDbLine
 10
-45.14677463480022
 20
71.02081878311984
 30
0.0
 11
-43.73793428533458
 21
71.02081878311984
 31
0.0
  0
LINE
  5
566
330
1F
100
AcDbEntity
  8
02_DOORS$doors
100
AcDbLine
 10
-45.16213773720013
 20
63.79016232005783
 30
0.0
 11
-43.66337140798137
 21
63.79016232005783
 31
0.0
  0
LINE
  5
567
330
1F
100
AcDbEntity
  8
02_DOORS$doors
100
AcDbLine
 10
-48.10380905452372
 20
52.25527100396049
 30
0.0
 11
-46.78489468481121
 21
52.25527100396049
 31
0.0
  0
LINE
  5
568
330
1F
100
AcDbEntity
  8
02_DOORS$doors
100
AcDbLine
 10
-48.18125834037557
 20
63.43722139740482
 30
0.0
 11
-46.7192701515324
 21
63.43722139740482
 31
0.0
  0
LINE
  5
569
330
1F
100
AcDbEntity
  8
02_DOORS$doors
100
AcDbLine
 10
-48.17677308265457
 20
71.76611398921578
 30
0.0
 11
-46.75201990549599
 21
71.76611398921578
 31
0.0
  0
LINE
  5
56A
330
1F
100
AcDbEntity
  8
02_DOORS$doors
100
AcDbLine
 10
-48.17581576923725
 20
78.35439000934556
 30
0.0
 11
-46.72201242989505
 21
78.35439000934556
 31
0.0
  0
LINE
  5
56B
330
1F
100
AcDbEntity
  8
02_DOORS$doors
100
AcDbLine
 10
-48.29669404966744
 20
90.81423669583783
 30
0.0
 11
-46.69384889024874
 21
90.81423669583783
 31
0.0
  0
ENDSEC
  0
SECTION
  2
OBJECTS
  0
DICTIONARY
  5
C
330
0
100
AcDbDictionary
281
     1
  3
ACAD_DETAILVIEWSTYLE
350
5A7
  3
ACAD_GROUP
350
D
  3
ACAD_LAYOUT
350
1A
  3
ACAD_MATERIAL
350
43
  3
ACAD_MLEADERSTYLE
350
5B
  3
ACAD_MLINESTYLE
350
17
  3
ACAD_PLOTSETTINGS
350
19
  3
ACAD_PLOTSTYLENAME
350
E
  3
ACAD_SCALELIST
350
47
  3
ACAD_SECTIONVIEWSTYLE
350
5A8
  3
ACAD_TABLESTYLE
350
59
  3
ACAD_VISUALSTYLE
350
2A
  3
ACDB_RECOMPOSE_DATA
350
5A4
  3
AcDbVariableDictionary
350
56C
  0
SUN
  5
5D
330
29
100
AcDbSun
 90
        1
290
     0
 63
     7
421
 16777215
 40
1.0
291
     1
 91
  2455826
 92
 54000000
292
     0
 70
     2
 71
   256
280
     1
  0
DICTIONARY
  5
5A7
102
{ACAD_REACTORS
330
C
102
}
330
C
100
AcDbDictionary
281
     1
  0
DICTIONARY
  5
D
102
{ACAD_REACTORS
330
C
102
}
330
C
100
AcDbDictionary
281
     1
  0
DICTIONARY
  5
1A
102
{ACAD_REACTORS
330
C
102
}
330
C
100
AcDbDictionary
281
     1
  3
Layout1
350
1E
  3
Layout2
350
26
  3
Model
350
22
  0
DICTIONARY
  5
43
102
{ACAD_REACTORS
330
C
102
}
330
C
100
AcDbDictionary
281
     1
  3
ByBlock
350
45
  3
ByLayer
350
44
  3
Global
350
46
  0
DICTIONARY
  5
5B
102
{ACAD_REACTORS
330
C
102
}
330
C
100
AcDbDictionary
281
     1
  3
Standard
350
5C
  0
DICTIONARY
  5
17
102
{ACAD_REACTORS
330
C
102
}
330
C
100
AcDbDictionary
281
     1
  3
Standard
350
18
  0
DICTIONARY
  5
19
102
{ACAD_REACTORS
330
C
102
}
330
C
100
AcDbDictionary
281
     1
  0
ACDBDICTIONARYWDFLT
  5
E
102
{ACAD_REACTORS
330
C
102
}
330
C
100
AcDbDictionary
281
     1
  3
Normal
350
F
100
AcDbDictionaryWithDefault
340
F
  0
DICTIONARY
  5
47
102
{ACAD_REACTORS
330
C
102
}
330
C
100
AcDbDictionary
281
     1
  3
A0
350
48
  3
A1
350
49
  3
A2
350
4A
  3
A3
350
4B
  3
A4
350
4C
  3
A5
350
4D
  3
A6
350
4E
  3
A7
350
4F
  3
A8
350
50
  3
A9
350
51
  3
B1
350
52
  3
B2
350
53
  3
B3
350
54
  3
B4
350
55
  3
B5
350
56
  3
B6
350
57
  3
B7
350
58
  0
DICTIONARY
  5
5A8
102
{ACAD_REACTORS
330
C
102
}
330
C
100
AcDbDictionary
281
     1
  0
DICTIONARY
  5
59
102
{ACAD_REACTORS
330
C
102
}
330
C
100
AcDbDictionary
281
     1
  3
Standard
350
5A
  0
DICTIONARY
  5
2A
102
{ACAD_REACTORS
330
C
102
}
330
C
100
AcDbDictionary
281
     1
  3
2dWireframe
350
2F
  3
Basic
350
32
  3
Brighten
350
36
  3
ColorChange
350
3A
  3
Conceptual
350
34
  3
Dim
350
35
  3
EdgeColorOff
350
3D
  3
Facepattern
350
39
  3
Flat
350
2B
  3
FlatWithEdges
350
2C
  3
Gouraud
350
2D
  3
GouraudWithEdges
350
2E
  3
Hidden
350
31
  3
JitterOff
350
3B
  3
Linepattern
350
38
  3
OverhangOff
350
3C
  3
Realistic
350
33
  3
Shaded
350
42
  3
Shaded with edges
350
41
  3
Shades of Gray
350
3E
  3
Sketchy
350
3F
  3
Thicken
350
37
  3
Wireframe
350
30
  3
X-Ray
350
40
  0
XRECORD
  5
5A4
102
{ACAD_REACTORS
330
C
102
}
330
C
100
AcDbXrecord
280
     1
 90
        1
330
5A
  0
DICTIONARY
  5
56C
102
{ACAD_REACTORS
330
C
102
}
330
C
100
AcDbDictionary
281
     1
  3
CANNOSCALE
350
56D
  3
CMLEADERSTYLE
350
5A6
  3
CTABLESTYLE
350
5A5
  3
XCLIPFRAME
350
56E
  0
LAYOUT
  5
1E
102
{ACAD_REACTORS
330
1A
102
}
330
1A
100
AcDbPlotSettings
  1

  2
none_device
  4

  6

 40
0.0
 41
0.0
 42
0.0
 43
0.0
 44
0.0
 45
0.0
 46
0.0
 47
0.0
 48
0.0
 49
0.0
140
0.0
141
0.0
142
1.0
143
1.0
 70
   688
 72
     0
 73
     0
 74
     5
  7

 75
    16
 76
     0
 77
     2
 78
   300
147
1.0
148
0.0
149
0.0
100
AcDbLayout
  1
Layout1
 70
     1
 71
     1
 10
0.0
 20
0.0
 11
12.0
 21
9.0
 12
0.0
 22
0.0
 32
0.0
 14
1.000000000000000E+20
 24
1.000000000000000E+20
 34
1.000000000000000E+20
 15
-1.000000000000000E+20
 25
-1.000000000000000E+20
 35
-1.000000000000000E+20
146
0.0
 13
0.0
 23
0.0
 33
0.0
 16
1.0
 26
0.0
 36
0.0
 17
0.0
 27
1.0
 37
0.0
 76
     0
330
1B
  0
LAYOUT
  5
26
102
{ACAD_REACTORS
330
1A
102
}
330
1A
100
AcDbPlotSettings
  1

  2
none_device
  4

  6

 40
0.0
 41
0.0
 42
0.0
 43
0.0
 44
0.0
 45
0.0
 46
0.0
 47
0.0
 48
0.0
 49
0.0
140
0.0
141
0.0
142
1.0
143
1.0
 70
   688
 72
     0
 73
     0
 74
     5
  7

 75
    16
 76
     0
 77
     2
 78
   300
147
1.0
148
0.0
149
0.0
100
AcDbLayout
  1
Layout2
 70
     1
 71
     2
 10
0.0
 20
0.0
 11
0.0
 21
0.0
 12
0.0
 22
0.0
 32
0.0
 14
0.0
 24
0.0
 34
0.0
 15
0.0
 25
0.0
 35
0.0
146
0.0
 13
0.0
 23
0.0
 33
0.0
 16
1.0
 26
0.0
 36
0.0
 17
0.0
 27
1.0
 37
0.0
 76
     0
330
23
  0
LAYOUT
  5
22
102
{ACAD_REACTORS
330
1A
102
}
330
1A
100
AcDbPlotSettings
  1

  2
none_device
  4
Letter_(8.50_x_11.00_Inches)
  6

 40
6.35
 41
6.35
 42
6.35000508
 43
6.35000508
 44
215.9
 45
279.4
 46
0.0
 47
0.0
 48
0.0
 49
0.0
140
0.0
141
0.0
142
1.0
143
1.0
 70
  1712
 72
     0
 73
     0
 74
     0
  7

 75
     0
 76
     0
 77
     2
 78
   300
147
1.0
148
0.0
149
0.0
100
AcDbLayout
  1
Model
 70
     1
 71
     0
 10
0.0
 20
0.0
 11
12.0
 21
9.0
 12
0.0
 22
0.0
 32
0.0
 14
-67.01915772762962
 24
24.37221600215668
 34
0.0
 15
725.6140429878882
 25
117.8786945667303
 35
0.0
146
0.0
 13
0.0
 23
0.0
 33
0.0
 16
1.0
 26
0.0
 36
0.0
 17
0.0
 27
1.0
 37
0.0
 76
     0
330
1F
331
29
  0
MATERIAL
  5
45
102
{ACAD_REACTORS
330
43
102
}
330
43
100
AcDbMaterial
  1
ByBlock
 72
     1
 94
      127
  0
MATERIAL
  5
44
102
{ACAD_REACTORS
330
43
102
}
330
43
100
AcDbMaterial
  1
ByLayer
 72
     1
 94
      127
  0
MATERIAL
  5
46
102
{ACAD_REACTORS
330
43
102
}
330
43
100
AcDbMaterial
  1
Global
 72
     1
 94
      127
  0
MLEADERSTYLE
  5
5C
102
{ACAD_REACTORS
330
5B
102
}
102
{ACAD_XDICTIONARY
360
5A2
102
}
330
5B
100
AcDbMLeaderStyle
170
     2
171
     1
172
     0
 90
        2
 40
0.0
 41
0.0
173
     1
 91
-1056964608
340
14
 92
       -2
290
     1
 42
0.09
291
     1
 43
0.36
  3
Standard
341
0
 44
0.18
300

342
11
174
     1
178
     6
175
     1
176
     0
 93
-1056964608
 45
0.18
292
     0
297
     0
 46
0.18
343
0
 94
-1056964608
 47
1.0
 49
1.0
140
1.0
293
     1
141
0.0
294
     1
177
     0
142
1.0
295
     0
296
     0
143
0.125
1001
ACAD_MLEADERVER
1070
     2
  0
MLINESTYLE
  5
18
102
{ACAD_REACTORS
330
17
102
}
330
17
100
AcDbMlineStyle
  2
Standard
 70
     0
  3

 62
   256
 51
90.0
 52
90.0
 71
     2
 49
0.5
 62
   256
  6
BYLAYER
 49
-0.5
 62
   256
  6
BYLAYER
  0
ACDBPLACEHOLDER
  5
F
102
{ACAD_REACTORS
330
E
102
}
330
E
  0
SCALE
  5
48
102
{ACAD_REACTORS
330
47
102
}
330
47
100
AcDbScale
 70
     0
300
1:1
140
1.0
141
1.0
290
     1
  0
SCALE
  5
49
102
{ACAD_REACTORS
330
47
102
}
330
47
100
AcDbScale
 70
     0
300
1/128" = 1'-0"
140
0.0078125
141
12.0
290
     0
  0
SCALE
  5
4A
102
{ACAD_REACTORS
330
47
102
}
330
47
100
AcDbScale
 70
     0
300
1/64" = 1'-0"
140
0.015625
141
12.0
290
     0
  0
SCALE
  5
4B
102
{ACAD_REACTORS
330
47
102
}
330
47
100
AcDbScale
 70
     0
300
1/32" = 1'-0"
140
0.03125
141
12.0
290
     0
  0
SCALE
  5
4C
102
{ACAD_REACTORS
330
47
102
}
330
47
100
AcDbScale
 70
     0
300
1/16" = 1'-0"
140
0.0625
141
12.0
290
     0
  0
SCALE
  5
4D
102
{ACAD_REACTORS
330
47
102
}
330
47
100
AcDbScale
 70
     0
300
3/32" = 1'-0"
140
0.09375
141
12.0
290
     0
  0
SCALE
  5
4E
102
{ACAD_REACTORS
330
47
102
}
330
47
100
AcDbScale
 70
     0
300
1/8" = 1'-0"
140
0.125
141
12.0
290
     0
  0
SCALE
  5
4F
102
{ACAD_REACTORS
330
47
102
}
330
47
100
AcDbScale
 70
     0
300
3/16" = 1'-0"
140
0.1875
141
12.0
290
     0
  0
SCALE
  5
50
102
{ACAD_REACTORS
330
47
102
}
330
47
100
AcDbScale
 70
     0
300
1/4" = 1'-0"
140
0.25
141
12.0
290
     0
  0
SCALE
  5
51
102
{ACAD_REACTORS
330
47
102
}
330
47
100
AcDbScale
 70
     0
300
3/8" = 1'-0"
140
0.375
141
12.0
290
     0
  0
SCALE
  5
52
102
{ACAD_REACTORS
330
47
102
}
330
47
100
AcDbScale
 70
     0
300
1/2" = 1'-0"
140
0.5
141
12.0
290
     0
  0
SCALE
  5
53
102
{ACAD_REACTORS
330
47
102
}
330
47
100
AcDbScale
 70
     0
300
3/4" = 1'-0"
140
0.75
141
12.0
290
     0
  0
SCALE
  5
54
102
{ACAD_REACTORS
330
47
102
}
330
47
100
AcDbScale
 70
     0
300
1" = 1'-0"
140
1.0
141
12.0
290
     0
  0
SCALE
  5
55
102
{ACAD_REACTORS
330
47
102
}
330
47
100
AcDbScale
 70
     0
300
1-1/2" = 1'-0"
140
1.5
141
12.0
290
     0
  0
SCALE
  5
56
102
{ACAD_REACTORS
330
47
102
}
330
47
100
AcDbScale
 70
     0
300
3" = 1'-0"
140
3.0
141
12.0
290
     0
  0
SCALE
  5
57
102
{ACAD_REACTORS
330
47
102
}
330
47
100
AcDbScale
 70
     0
300
6" = 1'-0"
140
6.0
141
12.0
290
     0
  0
SCALE
  5
58
102
{ACAD_REACTORS
330
47
102
}
330
47
100
AcDbScale
 70
     0
300
1'-0" = 1'-0"
140
12.0
141
12.0
290
     0
  0
TABLESTYLE
  5
5A
102
{ACAD_REACTORS
330
59
102
}
102
{ACAD_XDICTIONARY
360
59F
102
}
330
59
100
AcDbTableStyle
  3
Standard
 70
     0
 71
     0
 40
0.06
 41
0.06
280
     0
281
     0
  7
Standard
140
0.18
170
     2
 62
     0
 63
   257
283
     0
 90
        4
 91
        0
  1

274
    -2
284
     1
 64
     0
275
    -2
285
     1
 65
     0
276
    -2
286
     1
 66
     0
277
    -2
287
     1
 67
     0
278
    -2
288
     1
 68
     0
279
    -2
289
     1
 69
     0
  7
Standard
140
0.25
170
     5
 62
     0
 63
   257
283
     0
 90
        4
 91
        0
  1

274
    -2
284
     1
 64
     0
275
    -2
285
     1
 65
     0
276
    -2
286
     1
 66
     0
277
    -2
287
     1
 67
     0
278
    -2
288
     1
 68
     0
279
    -2
289
     1
 69
     0
  7
Standard
140
0.18
170
     5
 62
     0
 63
   257
283
     0
 90
        4
 91
        0
  1

274
    -2
284
     1
 64
     0
275
    -2
285
     1
 65
     0
276
    -2
286
     1
 66
     0
277
    -2
287
     1
 67
     0
278
    -2
288
     1
 68
     0
279
    -2
289
     1
 69
     0
  0
VISUALSTYLE
  5
2F
102
{ACAD_REACTORS
330
2A
102
}
102
{ACAD_XDICTIONARY
360
577
102
}
330
2A
100
AcDbVisualStyle
  2
2dWireframe
 70
     4
 71
     0
 72
     2
 73
     0
 90
        0
 40
0.6
 41
30.0
 62
     5
 63
     7
421
 16777215
 74
     1
 91
        4
 64
     7
 65
   257
 75
     1
175
     1
 42
1.0
 92
        0
 66
   257
 43
1.0
 76
     1
 77
     6
 78
     2
 67
     7
 79
     5
170
     0
171
     0
290
     0
174
     0
 93
        1
 44
0.0
173
     0
291
     0
 45
0.0
  0
VISUALSTYLE
  5
32
102
{ACAD_REACTORS
330
2A
102
}
102
{ACAD_XDICTIONARY
360
57D
102
}
330
2A
100
AcDbVisualStyle
  2
Basic
 70
     7
 71
     1
 72
     0
 73
     1
 90
        0
 40
0.6
 41
30.0
 62
     5
 63
     7
421
 16777215
 74
     0
 91
        4
 64
     7
 65
   257
 75
     1
175
     1
 42
1.0
 92
        8
 66
     7
 43
1.0
 76
     1
 77
     6
 78
     2
 67
     7
 79
     5
170
     0
171
     0
290
     0
174
     0
 93
        1
 44
0.0
173
     0
291
     1
 45
0.0
  0
VISUALSTYLE
  5
36
102
{ACAD_REACTORS
330
2A
102
}
102
{ACAD_XDICTIONARY
360
585
102
}
330
2A
100
AcDbVisualStyle
  2
Brighten
 70
    12
 71
     2
 72
     2
 73
     0
 90
        0
 40
0.6
 41
30.0
 62
     5
 63
     7
421
 16777215
 74
     1
 91
        4
 64
     7
 65
   257
 75
     1
175
     1
 42
1.0
 92
        8
 66
     7
 43
1.0
 76
     1
 77
     6
 78
     2
 67
     7
 79
     5
170
     0
171
     0
290
     0
174
     0
 93
        1
 44
50.0
173
     0
291
     1
 45
0.0
  0
VISUALSTYLE
  5
3A
102
{ACAD_REACTORS
330
2A
102
}
102
{ACAD_XDICTIONARY
360
58D
102
}
330
2A
100
AcDbVisualStyle
  2
ColorChange
 70
    16
 71
     2
 72
     2
 73
     3
 90
        0
 40
0.6
 41
30.0
 62
     5
 63
     8
421
  8421504
 74
     1
 91
        4
 64
     7
 65
   257
 75
     1
175
     1
 42
1.0
 92
        8
 66
     8
424
  8421504
 43
1.0
 76
     1
 77
     6
 78
     2
 67
     7
 79
     5
170
     0
171
     0
290
     0
174
     0
 93
        1
 44
0.0
173
     0
291
     1
 45
0.0
  0
VISUALSTYLE
  5
34
102
{ACAD_REACTORS
330
2A
102
}
102
{ACAD_XDICTIONARY
360
581
102
}
330
2A
100
AcDbVisualStyle
  2
Conceptual
 70
     9
 71
     3
 72
     2
 73
     0
 90
        0
 40
0.6
 41
30.0
 62
     5
 63
     7
421
 16777215
 74
     2
 91
        2
 64
     7
 65
   257
 75
     1
175
     1
 42
179.0
 92
        8
 66
     7
 43
1.0
 76
     1
 77
     6
 78
     2
 67
     7
 79
     3
170
     0
171
     0
290
     0
174
     0
 93
        1
 44
0.0
173
     0
291
     0
 45
0.0
  0
VISUALSTYLE
  5
35
102
{ACAD_REACTORS
330
2A
102
}
102
{ACAD_XDICTIONARY
360
583
102
}
330
2A
100
AcDbVisualStyle
  2
Dim
 70
    11
 71
     2
 72
     2
 73
     0
 90
        0
 40
0.6
 41
30.0
 62
     5
 63
     7
421
 16777215
 74
     1
 91
        4
 64
     7
 65
   257
 75
     1
175
     1
 42
1.0
 92
        8
 66
     7
 43
1.0
 76
     1
 77
     6
 78
     2
 67
     7
 79
     5
170
     0
171
     0
290
     0
174
     0
 93
        1
 44
-50.0
173
     0
291
     1
 45
0.0
  0
VISUALSTYLE
  5
3D
102
{ACAD_REACTORS
330
2A
102
}
102
{ACAD_XDICTIONARY
360
593
102
}
330
2A
100
AcDbVisualStyle
  2
EdgeColorOff
 70
    22
 71
     2
 72
     2
 73
     0
 90
        0
 40
0.6
 41
30.0
 62
     5
 63
     7
421
 16777215
 74
     1
 91
        4
 64
     7
 65
   257
 75
     1
175
     1
 42
1.0
 92
        8
 66
     7
 43
1.0
 76
     1
 77
     6
 78
     2
 67
     7
 79
     5
170
     0
171
     0
290
     0
174
     0
 93
        1
 44
0.0
173
     0
291
     1
 45
0.0
  0
VISUALSTYLE
  5
39
102
{ACAD_REACTORS
330
2A
102
}
102
{ACAD_XDICTIONARY
360
58B
102
}
330
2A
100
AcDbVisualStyle
  2
Facepattern
 70
    15
 71
     2
 72
     2
 73
     0
 90
        0
 40
0.6
 41
30.0
 62
     5
 63
     7
421
 16777215
 74
     1
 91
        4
 64
     7
 65
   257
 75
     1
175
     1
 42
1.0
 92
        8
 66
     7
 43
1.0
 76
     1
 77
     6
 78
     2
 67
     7
 79
     5
170
     0
171
     0
290
     0
174
     0
 93
        1
 44
0.0
173
     0
291
     1
 45
0.0
  0
VISUALSTYLE
  5
2B
102
{ACAD_REACTORS
330
2A
102
}
102
{ACAD_XDICTIONARY
360
56F
102
}
330
2A
100
AcDbVisualStyle
  2
Flat
 70
     0
 71
     2
 72
     1
 73
     1
 90
        2
 40
0.6
 41
30.0
 62
     5
 63
     7
421
 16777215
 74
     0
 91
        0
 64
     7
 65
   257
 75
     1
175
     1
 42
1.0
 92
        8
 66
     7
 43
1.0
 76
     1
 77
     6
 78
     2
 67
     7
 79
     5
170
     0
171
     0
290
     0
174
     0
 93
       13
 44
0.0
173
     0
291
     1
 45
0.0
  0
VISUALSTYLE
  5
2C
102
{ACAD_REACTORS
330
2A
102
}
102
{ACAD_XDICTIONARY
360
571
102
}
330
2A
100
AcDbVisualStyle
  2
FlatWithEdges
 70
     1
 71
     2
 72
     1
 73
     1
 90
        2
 40
0.6
 41
30.0
 62
     5
 63
     7
421
 16777215
 74
     1
 91
        0
 64
     7
 65
   257
 75
     1
175
     1
 42
1.0
 92
        0
 66
   257
 43
1.0
 76
     1
 77
     6
 78
     2
 67
     7
 79
     5
170
     0
171
     0
290
     0
174
     0
 93
       13
 44
0.0
173
     0
291
     1
 45
0.0
  0
VISUALSTYLE
  5
2D
102
{ACAD_REACTORS
330
2A
102
}
102
{ACAD_XDICTIONARY
360
573
102
}
330
2A
100
AcDbVisualStyle
  2
Gouraud
 70
     2
 71
     2
 72
     2
 73
     1
 90
        2
 40
0.6
 41
30.0
 62
     5
 63
     7
421
 16777215
 74
     0
 91
        0
 64
     7
 65
   257
 75
     1
175
     1
 42
1.0
 92
        0
 66
     7
 43
1.0
 76
     1
 77
     6
 78
     2
 67
     7
 79
     5
170
     0
171
     0
290
     0
174
     0
 93
       13
 44
0.0
173
     0
291
     1
 45
0.0
  0
VISUALSTYLE
  5
2E
102
{ACAD_REACTORS
330
2A
102
}
102
{ACAD_XDICTIONARY
360
575
102
}
330
2A
100
AcDbVisualStyle
  2
GouraudWithEdges
 70
     3
 71
     2
 72
     2
 73
     1
 90
        2
 40
0.6
 41
30.0
 62
     5
 63
     7
421
 16777215
 74
     1
 91
        0
 64
     7
 65
   257
 75
     1
175
     1
 42
1.0
 92
        0
 66
   257
 43
1.0
 76
     1
 77
     6
 78
     2
 67
     7
 79
     5
170
     0
171
     0
290
     0
174
     0
 93
       13
 44
0.0
173
     0
291
     1
 45
0.0
  0
VISUALSTYLE
  5
31
102
{ACAD_REACTORS
330
2A
102
}
102
{ACAD_XDICTIONARY
360
57B
102
}
330
2A
100
AcDbVisualStyle
  2
Hidden
 70
     6
 71
     1
 72
     2
 73
     2
 90
        0
 40
0.6
 41
30.0
 62
     5
 63
     7
421
 16777215
 74
     2
 91
        2
 64
     7
 65
   257
 75
     2
175
     1
 42
40.0
 92
        0
 66
   257
 43
1.0
 76
     1
 77
     6
 78
     2
 67
     7
 79
     3
170
     0
171
     0
290
     0
174
     0
 93
        1
 44
0.0
173
     0
291
     0
 45
0.0
  0
VISUALSTYLE
  5
3B
102
{ACAD_REACTORS
330
2A
102
}
102
{ACAD_XDICTIONARY
360
58F
102
}
330
2A
100
AcDbVisualStyle
  2
JitterOff
 70
    20
 71
     2
 72
     2
 73
     0
 90
        0
 40
0.6
 41
30.0
 62
     5
 63
     7
421
 16777215
 74
     1
 91
        4
 64
     7
 65
   257
 75
     1
175
     1
 42
1.0
 92
       10
 66
     7
 43
1.0
 76
     1
 77
     6
 78
     2
 67
     7
 79
     5
170
     0
171
     0
290
     0
174
     0
 93
        1
 44
0.0
173
     0
291
     1
 45
0.0
  0
VISUALSTYLE
  5
38
102
{ACAD_REACTORS
330
2A
102
}
102
{ACAD_XDICTIONARY
360
589
102
}
330
2A
100
AcDbVisualStyle
  2
Linepattern
 70
    14
 71
     2
 72
     2
 73
     0
 90
        0
 40
0.6
 41
30.0
 62
     5
 63
     7
421
 16777215
 74
     1
 91
        4
 64
     7
 65
   257
 75
     7
175
     7
 42
1.0
 92
        8
 66
     7
 43
1.0
 76
     1
 77
     6
 78
     2
 67
     7
 79
     5
170
     0
171
     0
290
     0
174
     0
 93
        1
 44
0.0
173
     0
291
     1
 45
0.0
  0
VISUALSTYLE
  5
3C
102
{ACAD_REACTORS
330
2A
102
}
102
{ACAD_XDICTIONARY
360
591
102
}
330
2A
100
AcDbVisualStyle
  2
OverhangOff
 70
    21
 71
     2
 72
     2
 73
     0
 90
        0
 40
0.6
 41
30.0
 62
     5
 63
     7
421
 16777215
 74
     1
 91
        4
 64
     7
 65
   257
 75
     1
175
     1
 42
1.0
 92
        9
 66
     7
 43
1.0
 76
     1
 77
     6
 78
     2
 67
     7
 79
     5
170
     0
171
     0
290
     0
174
     0
 93
        1
 44
0.0
173
     0
291
     1
 45
0.0
  0
VISUALSTYLE
  5
33
102
{ACAD_REACTORS
330
2A
102
}
102
{ACAD_XDICTIONARY
360
57F
102
}
330
2A
100
AcDbVisualStyle
  2
Realistic
 70
     8
 71
     2
 72
     3
 73
     0
 90
        2
 40
0.6
 41
30.0
 62
     5
 63
     7
421
 16777215
 74
     0
 91
        0
 64
     7
 65
   257
 75
     1
175
     1
 42
1.0
 92
        8
 66
   257
 43
1.0
 76
     1
 77
     6
 78
     2
 67
     7
 79
     3
170
     0
171
     0
290
     0
174
     0
 93
       13
 44
0.0
173
     0
291
     0
 45
0.0
  0
VISUALSTYLE
  5
42
102
{ACAD_REACTORS
330
2A
102
}
102
{ACAD_XDICTIONARY
360
59D
102
}
330
2A
100
AcDbVisualStyle
  2
Shaded
 70
    27
 71
     2
 72
     2
 73
     1
 90
        2
 40
0.6
 41
30.0
 62
     5
 63
     7
421
 16777215
 74
     0
 91
        4
 64
     7
 65
   257
 75
     1
175
     1
 42
1.0
 92
        8
 66
   257
 43
1.0
 76
     1
 77
     6
 78
     2
 67
     8
425
  7895160
 79
     3
170
     0
171
     0
290
     0
174
     0
 93
        5
 44
0.0
173
     0
291
     0
 45
0.0
  0
VISUALSTYLE
  5
41
102
{ACAD_REACTORS
330
2A
102
}
102
{ACAD_XDICTIONARY
360
59B
102
}
330
2A
100
AcDbVisualStyle
  2
Shaded with edges
 70
    26
 71
     2
 72
     2
 73
     1
 90
        2
 40
0.6
 41
30.0
 62
     5
 63
     7
421
 16777215
 74
     1
 91
       10
 64
     7
 65
   257
 75
     2
175
     1
 42
1.0
 92
        8
 66
   257
 43
1.0
 76
     1
 77
     6
 78
     2
 67
     7
 79
     3
170
     0
171
     0
290
     0
174
     0
 93
        5
 44
0.0
173
     0
291
     0
 45
0.0
  0
VISUALSTYLE
  5
3E
102
{ACAD_REACTORS
330
2A
102
}
102
{ACAD_XDICTIONARY
360
595
102
}
330
2A
100
AcDbVisualStyle
  2
Shades of Gray
 70
    23
 71
     2
 72
     2
 73
     3
 90
        0
 40
0.6
 41
30.0
 62
     5
 63
     7
421
 16777215
 74
     2
 91
        2
 64
     7
 65
     7
 75
     1
175
     1
 42
40.0
 92
        8
 66
     7
 43
1.0
 76
     1
 77
     6
 78
     2
 67
     7
 79
     3
170
     0
171
     0
290
     0
174
     0
 93
        1
 44
0.0
173
     0
291
     0
 45
0.0
  0
VISUALSTYLE
  5
3F
102
{ACAD_REACTORS
330
2A
102
}
102
{ACAD_XDICTIONARY
360
597
102
}
330
2A
100
AcDbVisualStyle
  2
Sketchy
 70
    24
 71
     1
 72
     2
 73
     2
 90
        0
 40
0.6
 41
30.0
 62
     5
 63
     7
421
 16777215
 74
     2
 91
        2
 64
     7
 65
     7
 75
     1
175
     1
 42
40.0
 92
       11
 66
     7
 43
1.0
 76
     1
 77
     6
 78
     2
 67
     7
 79
     6
170
     0
171
     0
290
     0
174
     0
 93
        1
 44
0.0
173
     0
291
     0
 45
0.0
  0
VISUALSTYLE
  5
37
102
{ACAD_REACTORS
330
2A
102
}
102
{ACAD_XDICTIONARY
360
587
102
}
330
2A
100
AcDbVisualStyle
  2
Thicken
 70
    13
 71
     2
 72
     2
 73
     0
 90
        0
 40
0.6
 41
30.0
 62
     5
 63
     7
421
 16777215
 74
     1
 91
        4
 64
     7
 65
   257
 75
     1
175
     1
 42
1.0
 92
       12
 66
     7
 43
1.0
 76
     1
 77
     6
 78
     2
 67
     7
 79
     5
170
     0
171
     0
290
     0
174
     0
 93
        1
 44
0.0
173
     0
291
     1
 45
0.0
  0
VISUALSTYLE
  5
30
102
{ACAD_REACTORS
330
2A
102
}
102
{ACAD_XDICTIONARY
360
579
102
}
330
2A
100
AcDbVisualStyle
  2
Wireframe
 70
     5
 71
     0
 72
     2
 73
     0
 90
        0
 40
0.6
 41
30.0
 62
     5
 63
     7
421
 16777215
 74
     1
 91
        4
 64
     7
 65
   257
 75
     1
175
     1
 42
1.0
 92
        0
 66
   257
 43
1.0
 76
     1
 77
     6
 78
     2
 67
     7
 79
     3
170
     0
171
     0
290
     0
174
     0
 93
        1
 44
0.0
173
     0
291
     0
 45
0.0
  0
VISUALSTYLE
  5
40
102
{ACAD_REACTORS
330
2A
102
}
102
{ACAD_XDICTIONARY
360
599
102
}
330
2A
100
AcDbVisualStyle
  2
X-Ray
 70
    25
 71
     2
 72
     2
 73
     1
 90
        1
 40
0.5
 41
30.0
 62
     5
 63
     7
421
 16777215
 74
     1
 91
        0
 64
     7
 65
   257
 75
     1
175
     1
 42
1.0
 92
        8
 66
     7
 43
1.0
 76
     1
 77
     6
 78
     2
 67
     7
 79
     3
170
     0
171
     0
290
     0
174
     0
 93
       13
 44
0.0
173
     0
291
     0
 45
0.0
  0
DICTIONARYVAR
  5
56D
102
{ACAD_REACTORS
330
56C
102
}
330
56C
100
DictionaryVariables
280
     0
  1
1:1
  0
DICTIONARYVAR
  5
5A6
102
{ACAD_REACTORS
330
56C
102
}
330
56C
100
DictionaryVariables
280
     0
  1
Standard
  0
DICTIONARYVAR
  5
5A5
102
{ACAD_REACTORS
330
56C
102
}
330
56C
100
DictionaryVariables
280
     0
  1
Standard
  0
DICTIONARYVAR
  5
56E
102
{ACAD_REACTORS
330
56C
102
}
330
56C
100
DictionaryVariables
280
     0
  1
2
  0
DICTIONARY
  5
5A2
330
5C
100
AcDbDictionary
280
     1
281
     1
  3
ACAD_XREC_ROUNDTRIP
360
5A3
  0
DICTIONARY
  5
59F
330
5A
100
AcDbDictionary
280
     1
281
     1
  3
ACAD_ROUNDTRIP_2008_TABLESTYLE_CELLSTYLEMAP
360
5A0
  0
DICTIONARY
  5
577
330
2F
100
AcDbDictionary
280
     1
281
     1
  3
ACAD_XREC_ROUNDTRIP
360
578
  0
DICTIONARY
  5
57D
330
32
100
AcDbDictionary
280
     1
281
     1
  3
ACAD_XREC_ROUNDTRIP
360
57E
  0
DICTIONARY
  5
585
330
36
100
AcDbDictionary
280
     1
281
     1
  3
ACAD_XREC_ROUNDTRIP
360
586
  0
DICTIONARY
  5
58D
330
3A
100
AcDbDictionary
280
     1
281
     1
  3
ACAD_XREC_ROUNDTRIP
360
58E
  0
DICTIONARY
  5
581
330
34
100
AcDbDictionary
280
     1
281
     1
  3
ACAD_XREC_ROUNDTRIP
360
582
  0
DICTIONARY
  5
583
330
35
100
AcDbDictionary
280
     1
281
     1
  3
ACAD_XREC_ROUNDTRIP
360
584
  0
DICTIONARY
  5
593
330
3D
100
AcDbDictionary
280
     1
281
     1
  3
ACAD_XREC_ROUNDTRIP
360
594
  0
DICTIONARY
  5
58B
330
39
100
AcDbDictionary
280
     1
281
     1
  3
ACAD_XREC_ROUNDTRIP
360
58C
  0
DICTIONARY
  5
56F
330
2B
100
AcDbDictionary
280
     1
281
     1
  3
ACAD_XREC_ROUNDTRIP
360
570
  0
DICTIONARY
  5
571
330
2C
100
AcDbDictionary
280
     1
281
     1
  3
ACAD_XREC_ROUNDTRIP
360
572
  0
DICTIONARY
  5
573
330
2D
100
AcDbDictionary
280
     1
281
     1
  3
ACAD_XREC_ROUNDTRIP
360
574
  0
DICTIONARY
  5
575
330
2E
100
AcDbDictionary
280
     1
281
     1
  3
ACAD_XREC_ROUNDTRIP
360
576
  0
DICTIONARY
  5
57B
330
31
100
AcDbDictionary
280
     1
281
     1
  3
ACAD_XREC_ROUNDTRIP
360
57C
  0
DICTIONARY
  5
58F
330
3B
100
AcDbDictionary
280
     1
281
     1
  3
ACAD_XREC_ROUNDTRIP
360
590
  0
DICTIONARY
  5
589
330
38
100
AcDbDictionary
280
     1
281
     1
  3
ACAD_XREC_ROUNDTRIP
360
58A
  0
DICTIONARY
  5
591
330
3C
100
AcDbDictionary
280
     1
281
     1
  3
ACAD_XREC_ROUNDTRIP
360
592
  0
DICTIONARY
  5
57F
330
33
100
AcDbDictionary
280
     1
281
     1
  3
ACAD_XREC_ROUNDTRIP
360
580
  0
DICTIONARY
  5
59D
330
42
100
AcDbDictionary
280
     1
281
     1
  3
ACAD_XREC_ROUNDTRIP
360
59E
  0
DICTIONARY
  5
59B
330
41
100
AcDbDictionary
280
     1
281
     1
  3
ACAD_XREC_ROUNDTRIP
360
59C
  0
DICTIONARY
  5
595
330
3E
100
AcDbDictionary
280
     1
281
     1
  3
ACAD_XREC_ROUNDTRIP
360
596
  0
DICTIONARY
  5
597
330
3F
100
AcDbDictionary
280
     1
281
     1
  3
ACAD_XREC_ROUNDTRIP
360
598
  0
DICTIONARY
  5
587
330
37
100
AcDbDictionary
280
     1
281
     1
  3
ACAD_XREC_ROUNDTRIP
360
588
  0
DICTIONARY
  5
579
330
30
100
AcDbDictionary
280
     1
281
     1
  3
ACAD_XREC_ROUNDTRIP
360
57A
  0
DICTIONARY
  5
599
330
40
100
AcDbDictionary
280
     1
281
     1
  3
ACAD_XREC_ROUNDTRIP
360
59A
  0
XRECORD
  5
5A3
102
{ACAD_REACTORS
330
5A2
102
}
330
5A2
100
AcDbXrecord
280
     1
102
ACAD_ROUNDTRIP_2010_MLEADER_STYLE
  0
CELLSTYLEMAP
  5
5A0
102
{ACAD_REACTORS
330
59F
102
}
330
59F
100
AcDbCellStyleMap
 90
        3
300
CELLSTYLE
  1
TABLEFORMAT_BEGIN
 90
        5
170
     1
 91
        0
 92
    32768
 62
   257
 93
        1
300
CONTENTFORMAT
  1
CONTENTFORMAT_BEGIN
 90
        0
 91
        0
 92
        4
 93
        0
300

 40
0.0
140
1.0
 94
        5
 62
     0
340
11
144
0.25
309
CONTENTFORMAT_END
171
     1
301
MARGIN
  1
CELLMARGIN_BEGIN
 40
0.06
 40
0.06
 40
0.06
 40
0.06
 40
0.06
 40
0.06
309
CELLMARGIN_END
 94
        6
 95
        1
302
GRIDFORMAT
  1
GRIDFORMAT_BEGIN
 90
        0
 91
        1
 62
     0
 92
       -2
340
14
 93
        0
 40
0.045
309
GRIDFORMAT_END
 95
        2
302
GRIDFORMAT
  1
GRIDFORMAT_BEGIN
 90
        0
 91
        1
 62
     0
 92
       -2
340
14
 93
        0
 40
0.045
309
GRIDFORMAT_END
 95
        4
302
GRIDFORMAT
  1
GRIDFORMAT_BEGIN
 90
        0
 91
        1
 62
     0
 92
       -2
340
14
 93
        0
 40
0.045
309
GRIDFORMAT_END
 95
        8
302
GRIDFORMAT
  1
GRIDFORMAT_BEGIN
 90
        0
 91
        1
 62
     0
 92
       -2
340
14
 93
        0
 40
0.045
309
GRIDFORMAT_END
 95
       16
302
GRIDFORMAT
  1
GRIDFORMAT_BEGIN
 90
        0
 91
        1
 62
     0
 92
       -2
340
14
 93
        0
 40
0.045
309
GRIDFORMAT_END
 95
       32
302
GRIDFORMAT
  1
GRIDFORMAT_BEGIN
 90
        0
 91
        1
 62
     0
 92
       -2
340
14
 93
        0
 40
0.045
309
GRIDFORMAT_END
309
TABLEFORMAT_END
  1
CELLSTYLE_BEGIN
 90
        1
 91
        1
300
_TITLE
309
CELLSTYLE_END
300
CELLSTYLE
  1
TABLEFORMAT_BEGIN
 90
        5
170
     1
 91
        0
 92
        0
 62
   257
 93
        1
300
CONTENTFORMAT
  1
CONTENTFORMAT_BEGIN
 90
        0
 91
        0
 92
        4
 93
        0
300

 40
0.0
140
1.0
 94
        5
 62
     0
340
11
144
0.18
309
CONTENTFORMAT_END
171
     1
301
MARGIN
  1
CELLMARGIN_BEGIN
 40
0.06
 40
0.06
 40
0.06
 40
0.06
 40
0.06
 40
0.06
309
CELLMARGIN_END
 94
        6
 95
        1
302
GRIDFORMAT
  1
GRIDFORMAT_BEGIN
 90
        0
 91
        1
 62
     0
 92
       -2
340
14
 93
        0
 40
0.045
309
GRIDFORMAT_END
 95
        2
302
GRIDFORMAT
  1
GRIDFORMAT_BEGIN
 90
        0
 91
        1
 62
     0
 92
       -2
340
14
 93
        0
 40
0.045
309
GRIDFORMAT_END
 95
        4
302
GRIDFORMAT
  1
GRIDFORMAT_BEGIN
 90
        0
 91
        1
 62
     0
 92
       -2
340
14
 93
        0
 40
0.045
309
GRIDFORMAT_END
 95
        8
302
GRIDFORMAT
  1
GRIDFORMAT_BEGIN
 90
        0
 91
        1
 62
     0
 92
       -2
340
14
 93
        0
 40
0.045
309
GRIDFORMAT_END
 95
       16
302
GRIDFORMAT
  1
GRIDFORMAT_BEGIN
 90
        0
 91
        1
 62
     0
 92
       -2
340
14
 93
        0
 40
0.045
309
GRIDFORMAT_END
 95
       32
302
GRIDFORMAT
  1
GRIDFORMAT_BEGIN
 90
        0
 91
        1
 62
     0
 92
       -2
340
14
 93
        0
 40
0.045
309
GRIDFORMAT_END
309
TABLEFORMAT_END
  1
CELLSTYLE_BEGIN
 90
        2
 91
        1
300
_HEADER
309
CELLSTYLE_END
300
CELLSTYLE
  1
TABLEFORMAT_BEGIN
 90
        5
170
     1
 91
        0
 92
        0
 62
   257
 93
        1
300
CONTENTFORMAT
  1
CONTENTFORMAT_BEGIN
 90
        0
 91
        0
 92
        4
 93
        0
300

 40
0.0
140
1.0
 94
        2
 62
     0
340
11
144
0.18
309
CONTENTFORMAT_END
171
     1
301
MARGIN
  1
CELLMARGIN_BEGIN
 40
0.06
 40
0.06
 40
0.06
 40
0.06
 40
0.06
 40
0.06
309
CELLMARGIN_END
 94
        6
 95
        1
302
GRIDFORMAT
  1
GRIDFORMAT_BEGIN
 90
        0
 91
        1
 62
     0
 92
       -2
340
14
 93
        0
 40
0.045
309
GRIDFORMAT_END
 95
        2
302
GRIDFORMAT
  1
GRIDFORMAT_BEGIN
 90
        0
 91
        1
 62
     0
 92
       -2
340
14
 93
        0
 40
0.045
309
GRIDFORMAT_END
 95
        4
302
GRIDFORMAT
  1
GRIDFORMAT_BEGIN
 90
        0
 91
        1
 62
     0
 92
       -2
340
14
 93
        0
 40
0.045
309
GRIDFORMAT_END
 95
        8
302
GRIDFORMAT
  1
GRIDFORMAT_BEGIN
 90
        0
 91
        1
 62
     0
 92
       -2
340
14
 93
        0
 40
0.045
309
GRIDFORMAT_END
 95
       16
302
GRIDFORMAT
  1
GRIDFORMAT_BEGIN
 90
        0
 91
        1
 62
     0
 92
       -2
340
14
 93
        0
 40
0.045
309
GRIDFORMAT_END
 95
       32
302
GRIDFORMAT
  1
GRIDFORMAT_BEGIN
 90
        0
 91
        1
 62
     0
 92
       -2
340
14
 93
        0
 40
0.045
309
GRIDFORMAT_END
309
TABLEFORMAT_END
  1
CELLSTYLE_BEGIN
 90
        3
 91
        2
300
_DATA
309
CELLSTYLE_END
  0
XRECORD
  5
578
102
{ACAD_REACTORS
330
577
102
}
330
577
100
AcDbXrecord
280
     1
102
RTVSPropertyOp0
 70
     1
102
RTVSPropertyOp1
 70
     1
102
RTVSPropertyOp2
 70
     1
102
RTVSPropertyOp3
 70
     1
102
RTVSPropertyOp4
 70
     1
102
RTVSPropertyOp5
 70
     1
102
RTVSPropertyOp6
 70
     1
102
RTVSPropertyOp7
 70
     1
102
RTVSPropertyOp8
 70
     1
102
RTVSPropertyOp9
 70
     1
102
RTVSPropertyOp10
 70
     1
102
RTVSPropertyOp11
 70
     1
102
RTVSPropertyOp12
 70
     1
102
RTVSPropertyOp13
 70
     1
102
RTVSPropertyOp14
 70
     1
102
RTVSPropertyOp15
 70
     1
102
RTVSPropertyOp16
 70
     1
102
RTVSPropertyOp17
 70
     1
102
RTVSPropertyOp18
 70
     1
102
RTVSPropertyOp19
 70
     1
102
RTVSPropertyOp20
 70
     1
102
RTVSPropertyOp21
 70
     1
102
RTVSPropertyOp22
 70
     1
102
RTVSPropertyOp23
 70
     1
102
RTVSPropertyOp24
 70
     1
102
RTVSPropertyOp25
 70
     1
102
RTVSPropertyOp26
 70
     1
102
RTVSPropertyOp27
 70
     1
102
RTVSPropertyOp28
 70
     1
102
RTVSPropertyOp29
 70
     1
102
RTVSPropertyOp30
 70
     1
102
RTVSPropertyOp31
 70
     1
102
RTVSPropertyOp32
 70
     1
102
RTVSPropertyOp33
 70
     1
102
RTVSPropertyOp34
 70
     1
102
RTVSPropertyOp35
 70
     1
102
RTVSPropertyOp36
 70
     1
102
RTVSPropertyOp37
 70
     1
102
RTVSPropertyOp38
 70
     1
102
RTVSPropertyOp39
 70
     1
102
RTVSPropertyOp40
 70
     1
102
RTVSPropertyOp41
 70
     1
102
RTVSPropertyOp42
 70
     1
102
RTVSPropertyOp43
 70
     1
102
RTVSPropertyOp44
 70
     1
102
RTVSPropertyOp45
 70
     1
102
RTVSPropertyOp46
 70
     1
102
RTVSPropertyOp47
 70
     1
102
RTVSPropertyOp48
 70
     1
102
RTVSPropertyOp49
 70
     1
102
RTVSPropertyOp50
 70
     1
102
RTVSPropertyOp51
 70
     0
102
RTVSPropertyOp52
 70
     0
102
RTVSPropertyOp53
 70
     1
102
RTVSPropertyOp54
 70
     1
102
RTVSPropertyOp55
 70
     1
102
RTVSPropertyOp56
 70
     1
102
RTVSPropertyOp57
 70
     1
102
RTVSPost2010Prop28
280
     1
102
RTVSPost2010PropOp28
 70
     1
102
RTVSPost2010Prop29
280
     1
102
RTVSPost2010PropOp29
 70
     1
102
RTVSPost2010Prop30
280
     0
102
RTVSPost2010PropOp30
 70
     1
102
RTVSPost2010Prop31
280
     0
102
RTVSPost2010PropOp31
 70
     1
102
RTVSPost2010Prop32
280
     0
102
RTVSPost2010PropOp32
 70
     1
102
RTVSPost2010Prop33
280
     0
102
RTVSPost2010PropOp33
 70
     1
102
RTVSPost2010Prop34
280
     0
102
RTVSPost2010PropOp34
 70
     1
102
RTVSPost2010Prop35
280
     0
102
RTVSPost2010PropOp35
 70
     1
102
RTVSPost2010Prop36
280
     0
102
RTVSPost2010PropOp36
 70
     1
102
RTVSPost2010Prop37
 90
       50
102
RTVSPost2010PropOp37
 70
     1
102
RTVSPost2010Prop38
140
0.0
102
RTVSPost2010PropOp38
 70
     1
102
RTVSPost2010Prop39
140
1.0
102
RTVSPost2010PropOp39
 70
     1
102
RTVSPost2010Prop40
 90
        0
102
RTVSPost2010PropOp40
 70
     1
102
RTVSPost2010Prop41ColorIndex
 90
       18
102
RTVSPost2010Prop41ColorRGB
 90
        0
102
RTVSPost2010PropOp41
 70
     1
102
RTVSPost2010Prop42
 90
       50
102
RTVSPost2010PropOp42
 70
     1
102
RTVSPost2010Prop43
 90
        3
102
RTVSPost2010PropOp43
 70
     1
102
RTVSPost2010Prop44ColorIndex
 90
        5
102
RTVSPost2010Prop44ColorRGB
 90
      255
102
RTVSPost2010PropOp44
 70
     1
102
RTVSPost2010Prop45
280
     0
102
RTVSPost2010PropOp45
 70
     1
102
RTVSPost2010Prop46
 90
       50
102
RTVSPost2010PropOp46
 70
     1
102
RTVSPost2010Prop47
 90
       50
102
RTVSPost2010PropOp47
 70
     1
102
RTVSPost2010Prop48
 90
       50
102
RTVSPost2010PropOp48
 70
     1
102
RTVSPost2010Prop49
280
     0
102
RTVSPost2010PropOp49
 70
     1
102
RTVSPost2010Prop50
 90
       50
102
RTVSPost2010PropOp50
 70
     1
102
RTVSPost2010Prop51ColorIndex
 90
      256
102
RTVSPost2010Prop51ColorRGB
 90
-16777216
102
RTVSPost2010PropOp51
 70
     0
102
RTVSPost2010Prop52
140
1.0
102
RTVSPost2010PropOp52
 70
     0
102
RTVSPost2010Prop53
 90
        2
102
RTVSPost2010PropOp53
 70
     1
102
RTVSPost2010Prop54
  1
strokes_ogs.tif
102
RTVSPost2010PropOp54
 70
     1
102
RTVSPost2010Prop55
280
     0
102
RTVSPost2010PropOp55
 70
     1
102
RTVSPost2010Prop56
140
1.0
102
RTVSPost2010PropOp56
 70
     1
102
RTVSPost2010Prop57
140
1.0
102
RTVSPost2010PropOp57
 70
     1
  0
XRECORD
  5
57E
102
{ACAD_REACTORS
330
57D
102
}
330
57D
100
AcDbXrecord
280
     1
102
RTVSPropertyOp0
 70
     1
102
RTVSPropertyOp1
 70
     1
102
RTVSPropertyOp2
 70
     1
102
RTVSPropertyOp3
 70
     1
102
RTVSPropertyOp4
 70
     1
102
RTVSPropertyOp5
 70
     1
102
RTVSPropertyOp6
 70
     1
102
RTVSPropertyOp7
 70
     1
102
RTVSPropertyOp8
 70
     1
102
RTVSPropertyOp9
 70
     1
102
RTVSPropertyOp10
 70
     1
102
RTVSPropertyOp11
 70
     1
102
RTVSPropertyOp12
 70
     1
102
RTVSPropertyOp13
 70
     1
102
RTVSPropertyOp14
 70
     1
102
RTVSPropertyOp15
 70
     1
102
RTVSPropertyOp16
 70
     1
102
RTVSPropertyOp17
 70
     1
102
RTVSPropertyOp18
 70
     1
102
RTVSPropertyOp19
 70
     1
102
RTVSPropertyOp20
 70
     1
102
RTVSPropertyOp21
 70
     1
102
RTVSPropertyOp22
 70
     1
102
RTVSPropertyOp23
 70
     1
102
RTVSPropertyOp24
 70
     1
102
RTVSPropertyOp25
 70
     1
102
RTVSPropertyOp26
 70
     1
102
RTVSPropertyOp27
 70
     1
102
RTVSPropertyOp28
 70
     1
102
RTVSPropertyOp29
 70
     1
102
RTVSPropertyOp30
 70
     1
102
RTVSPropertyOp31
 70
     1
102
RTVSPropertyOp32
 70
     1
102
RTVSPropertyOp33
 70
     1
102
RTVSPropertyOp34
 70
     1
102
RTVSPropertyOp35
 70
     1
102
RTVSPropertyOp36
 70
     1
102
RTVSPropertyOp37
 70
     1
102
RTVSPropertyOp38
 70
     1
102
RTVSPropertyOp39
 70
     1
102
RTVSPropertyOp40
 70
     1
102
RTVSPropertyOp41
 70
     1
102
RTVSPropertyOp42
 70
     1
102
RTVSPropertyOp43
 70
     1
102
RTVSPropertyOp44
 70
     1
102
RTVSPropertyOp45
 70
     1
102
RTVSPropertyOp46
 70
     1
102
RTVSPropertyOp47
 70
     1
102
RTVSPropertyOp48
 70
     1
102
RTVSPropertyOp49
 70
     1
102
RTVSPropertyOp50
 70
     1
102
RTVSPropertyOp51
 70
     0
102
RTVSPropertyOp52
 70
     0
102
RTVSPropertyOp53
 70
     1
102
RTVSPropertyOp54
 70
     1
102
RTVSPropertyOp55
 70
     1
102
RTVSPropertyOp56
 70
     1
102
RTVSPropertyOp57
 70
     1
102
RTVSPost2010Prop28
280
     0
102
RTVSPost2010PropOp28
 70
     1
102
RTVSPost2010Prop29
280
     1
102
RTVSPost2010PropOp29
 70
     1
102
RTVSPost2010Prop30
280
     1
102
RTVSPost2010PropOp30
 70
     1
102
RTVSPost2010Prop31
280
     0
102
RTVSPost2010PropOp31
 70
     1
102
RTVSPost2010Prop32
280
     0
102
RTVSPost2010PropOp32
 70
     1
102
RTVSPost2010Prop33
280
     0
102
RTVSPost2010PropOp33
 70
     1
102
RTVSPost2010Prop34
280
     0
102
RTVSPost2010PropOp34
 70
     1
102
RTVSPost2010Prop35
280
     0
102
RTVSPost2010PropOp35
 70
     1
102
RTVSPost2010Prop36
280
     0
102
RTVSPost2010PropOp36
 70
     1
102
RTVSPost2010Prop37
 90
       50
102
RTVSPost2010PropOp37
 70
     1
102
RTVSPost2010Prop38
140
0.0
102
RTVSPost2010PropOp38
 70
     1
102
RTVSPost2010Prop39
140
1.0
102
RTVSPost2010PropOp39
 70
     1
102
RTVSPost2010Prop40
 90
        0
102
RTVSPost2010PropOp40
 70
     1
102
RTVSPost2010Prop41ColorIndex
 90
       18
102
RTVSPost2010Prop41ColorRGB
 90
        0
102
RTVSPost2010PropOp41
 70
     1
102
RTVSPost2010Prop42
 90
       50
102
RTVSPost2010PropOp42
 70
     1
102
RTVSPost2010Prop43
 90
        3
102
RTVSPost2010PropOp43
 70
     1
102
RTVSPost2010Prop44ColorIndex
 90
        5
102
RTVSPost2010Prop44ColorRGB
 90
      255
102
RTVSPost2010PropOp44
 70
     1
102
RTVSPost2010Prop45
280
     0
102
RTVSPost2010PropOp45
 70
     1
102
RTVSPost2010Prop46
 90
       50
102
RTVSPost2010PropOp46
 70
     1
102
RTVSPost2010Prop47
 90
       50
102
RTVSPost2010PropOp47
 70
     1
102
RTVSPost2010Prop48
 90
       50
102
RTVSPost2010PropOp48
 70
     1
102
RTVSPost2010Prop49
280
     0
102
RTVSPost2010PropOp49
 70
     1
102
RTVSPost2010Prop50
 90
       50
102
RTVSPost2010PropOp50
 70
     1
102
RTVSPost2010Prop51ColorIndex
 90
      256
102
RTVSPost2010Prop51ColorRGB
 90
-16777216
102
RTVSPost2010PropOp51
 70
     0
102
RTVSPost2010Prop52
140
1.0
102
RTVSPost2010PropOp52
 70
     0
102
RTVSPost2010Prop53
 90
        2
102
RTVSPost2010PropOp53
 70
     1
102
RTVSPost2010Prop54
  1
strokes_ogs.tif
102
RTVSPost2010PropOp54
 70
     1
102
RTVSPost2010Prop55
280
     0
102
RTVSPost2010PropOp55
 70
     1
102
RTVSPost2010Prop56
140
1.0
102
RTVSPost2010PropOp56
 70
     1
102
RTVSPost2010Prop57
140
1.0
102
RTVSPost2010PropOp57
 70
     1
  0
XRECORD
  5
586
102
{ACAD_REACTORS
330
585
102
}
330
585
100
AcDbXrecord
280
     1
102
RTVSPropertyOp0
 70
     1
102
RTVSPropertyOp1
 70
     1
102
RTVSPropertyOp2
 70
     1
102
RTVSPropertyOp3
 70
     1
102
RTVSPropertyOp4
 70
     1
102
RTVSPropertyOp5
 70
     1
102
RTVSPropertyOp6
 70
     1
102
RTVSPropertyOp7
 70
     1
102
RTVSPropertyOp8
 70
     1
102
RTVSPropertyOp9
 70
     1
102
RTVSPropertyOp10
 70
     1
102
RTVSPropertyOp11
 70
     1
102
RTVSPropertyOp12
 70
     1
102
RTVSPropertyOp13
 70
     1
102
RTVSPropertyOp14
 70
     1
102
RTVSPropertyOp15
 70
     1
102
RTVSPropertyOp16
 70
     1
102
RTVSPropertyOp17
 70
     1
102
RTVSPropertyOp18
 70
     1
102
RTVSPropertyOp19
 70
     1
102
RTVSPropertyOp20
 70
     1
102
RTVSPropertyOp21
 70
     1
102
RTVSPropertyOp22
 70
     1
102
RTVSPropertyOp23
 70
     1
102
RTVSPropertyOp24
 70
     1
102
RTVSPropertyOp25
 70
     1
102
RTVSPropertyOp26
 70
     1
102
RTVSPropertyOp27
 70
     1
102
RTVSPropertyOp28
 70
     1
102
RTVSPropertyOp29
 70
     1
102
RTVSPropertyOp30
 70
     1
102
RTVSPropertyOp31
 70
     1
102
RTVSPropertyOp32
 70
     1
102
RTVSPropertyOp33
 70
     1
102
RTVSPropertyOp34
 70
     1
102
RTVSPropertyOp35
 70
     1
102
RTVSPropertyOp36
 70
     1
102
RTVSPropertyOp37
 70
     1
102
RTVSPropertyOp38
 70
     1
102
RTVSPropertyOp39
 70
     1
102
RTVSPropertyOp40
 70
     1
102
RTVSPropertyOp41
 70
     1
102
RTVSPropertyOp42
 70
     1
102
RTVSPropertyOp43
 70
     1
102
RTVSPropertyOp44
 70
     1
102
RTVSPropertyOp45
 70
     1
102
RTVSPropertyOp46
 70
     1
102
RTVSPropertyOp47
 70
     1
102
RTVSPropertyOp48
 70
     1
102
RTVSPropertyOp49
 70
     1
102
RTVSPropertyOp50
 70
     1
102
RTVSPropertyOp51
 70
     0
102
RTVSPropertyOp52
 70
     0
102
RTVSPropertyOp53
 70
     1
102
RTVSPropertyOp54
 70
     1
102
RTVSPropertyOp55
 70
     1
102
RTVSPropertyOp56
 70
     1
102
RTVSPropertyOp57
 70
     1
102
RTVSPost2010Prop28
280
     0
102
RTVSPost2010PropOp28
 70
     1
102
RTVSPost2010Prop29
280
     1
102
RTVSPost2010PropOp29
 70
     1
102
RTVSPost2010Prop30
280
     1
102
RTVSPost2010PropOp30
 70
     1
102
RTVSPost2010Prop31
280
     0
102
RTVSPost2010PropOp31
 70
     1
102
RTVSPost2010Prop32
280
     0
102
RTVSPost2010PropOp32
 70
     1
102
RTVSPost2010Prop33
280
     0
102
RTVSPost2010PropOp33
 70
     1
102
RTVSPost2010Prop34
280
     0
102
RTVSPost2010PropOp34
 70
     1
102
RTVSPost2010Prop35
280
     0
102
RTVSPost2010PropOp35
 70
     1
102
RTVSPost2010Prop36
280
     0
102
RTVSPost2010PropOp36
 70
     1
102
RTVSPost2010Prop37
 90
       50
102
RTVSPost2010PropOp37
 70
     1
102
RTVSPost2010Prop38
140
0.0
102
RTVSPost2010PropOp38
 70
     1
102
RTVSPost2010Prop39
140
1.0
102
RTVSPost2010PropOp39
 70
     1
102
RTVSPost2010Prop40
 90
        0
102
RTVSPost2010PropOp40
 70
     1
102
RTVSPost2010Prop41ColorIndex
 90
       18
102
RTVSPost2010Prop41ColorRGB
 90
        0
102
RTVSPost2010PropOp41
 70
     1
102
RTVSPost2010Prop42
 90
       50
102
RTVSPost2010PropOp42
 70
     1
102
RTVSPost2010Prop43
 90
        3
102
RTVSPost2010PropOp43
 70
     1
102
RTVSPost2010Prop44ColorIndex
 90
        5
102
RTVSPost2010Prop44ColorRGB
 90
      255
102
RTVSPost2010PropOp44
 70
     1
102
RTVSPost2010Prop45
280
     0
102
RTVSPost2010PropOp45
 70
     1
102
RTVSPost2010Prop46
 90
       50
102
RTVSPost2010PropOp46
 70
     1
102
RTVSPost2010Prop47
 90
       50
102
RTVSPost2010PropOp47
 70
     1
102
RTVSPost2010Prop48
 90
       50
102
RTVSPost2010PropOp48
 70
     1
102
RTVSPost2010Prop49
280
     0
102
RTVSPost2010PropOp49
 70
     1
102
RTVSPost2010Prop50
 90
       50
102
RTVSPost2010PropOp50
 70
     1
102
RTVSPost2010Prop51ColorIndex
 90
      256
102
RTVSPost2010Prop51ColorRGB
 90
-16777216
102
RTVSPost2010PropOp51
 70
     0
102
RTVSPost2010Prop52
140
1.0
102
RTVSPost2010PropOp52
 70
     0
102
RTVSPost2010Prop53
 90
        2
102
RTVSPost2010PropOp53
 70
     1
102
RTVSPost2010Prop54
  1
strokes_ogs.tif
102
RTVSPost2010PropOp54
 70
     1
102
RTVSPost2010Prop55
280
     0
102
RTVSPost2010PropOp55
 70
     1
102
RTVSPost2010Prop56
140
1.0
102
RTVSPost2010PropOp56
 70
     1
102
RTVSPost2010Prop57
140
1.0
102
RTVSPost2010PropOp57
 70
     1
  0
XRECORD
  5
58E
102
{ACAD_REACTORS
330
58D
102
}
330
58D
100
AcDbXrecord
280
     1
102
RTVSPropertyOp0
 70
     1
102
RTVSPropertyOp1
 70
     1
102
RTVSPropertyOp2
 70
     1
102
RTVSPropertyOp3
 70
     1
102
RTVSPropertyOp4
 70
     1
102
RTVSPropertyOp5
 70
     1
102
RTVSPropertyOp6
 70
     1
102
RTVSPropertyOp7
 70
     1
102
RTVSPropertyOp8
 70
     1
102
RTVSPropertyOp9
 70
     1
102
RTVSPropertyOp10
 70
     1
102
RTVSPropertyOp11
 70
     1
102
RTVSPropertyOp12
 70
     1
102
RTVSPropertyOp13
 70
     1
102
RTVSPropertyOp14
 70
     1
102
RTVSPropertyOp15
 70
     1
102
RTVSPropertyOp16
 70
     1
102
RTVSPropertyOp17
 70
     1
102
RTVSPropertyOp18
 70
     1
102
RTVSPropertyOp19
 70
     1
102
RTVSPropertyOp20
 70
     1
102
RTVSPropertyOp21
 70
     1
102
RTVSPropertyOp22
 70
     1
102
RTVSPropertyOp23
 70
     1
102
RTVSPropertyOp24
 70
     1
102
RTVSPropertyOp25
 70
     1
102
RTVSPropertyOp26
 70
     1
102
RTVSPropertyOp27
 70
     1
102
RTVSPropertyOp28
 70
     1
102
RTVSPropertyOp29
 70
     1
102
RTVSPropertyOp30
 70
     1
102
RTVSPropertyOp31
 70
     1
102
RTVSPropertyOp32
 70
     1
102
RTVSPropertyOp33
 70
     1
102
RTVSPropertyOp34
 70
     1
102
RTVSPropertyOp35
 70
     1
102
RTVSPropertyOp36
 70
     1
102
RTVSPropertyOp37
 70
     1
102
RTVSPropertyOp38
 70
     1
102
RTVSPropertyOp39
 70
     1
102
RTVSPropertyOp40
 70
     1
102
RTVSPropertyOp41
 70
     1
102
RTVSPropertyOp42
 70
     1
102
RTVSPropertyOp43
 70
     1
102
RTVSPropertyOp44
 70
     1
102
RTVSPropertyOp45
 70
     1
102
RTVSPropertyOp46
 70
     1
102
RTVSPropertyOp47
 70
     1
102
RTVSPropertyOp48
 70
     1
102
RTVSPropertyOp49
 70
     1
102
RTVSPropertyOp50
 70
     1
102
RTVSPropertyOp51
 70
     0
102
RTVSPropertyOp52
 70
     0
102
RTVSPropertyOp53
 70
     1
102
RTVSPropertyOp54
 70
     1
102
RTVSPropertyOp55
 70
     1
102
RTVSPropertyOp56
 70
     1
102
RTVSPropertyOp57
 70
     1
102
RTVSPost2010Prop28
280
     0
102
RTVSPost2010PropOp28
 70
     1
102
RTVSPost2010Prop29
280
     1
102
RTVSPost2010PropOp29
 70
     1
102
RTVSPost2010Prop30
280
     1
102
RTVSPost2010PropOp30
 70
     1
102
RTVSPost2010Prop31
280
     0
102
RTVSPost2010PropOp31
 70
     1
102
RTVSPost2010Prop32
280
     0
102
RTVSPost2010PropOp32
 70
     1
102
RTVSPost2010Prop33
280
     0
102
RTVSPost2010PropOp33
 70
     1
102
RTVSPost2010Prop34
280
     0
102
RTVSPost2010PropOp34
 70
     1
102
RTVSPost2010Prop35
280
     0
102
RTVSPost2010PropOp35
 70
     1
102
RTVSPost2010Prop36
280
     0
102
RTVSPost2010PropOp36
 70
     1
102
RTVSPost2010Prop37
 90
       50
102
RTVSPost2010PropOp37
 70
     1
102
RTVSPost2010Prop38
140
0.0
102
RTVSPost2010PropOp38
 70
     1
102
RTVSPost2010Prop39
140
1.0
102
RTVSPost2010PropOp39
 70
     1
102
RTVSPost2010Prop40
 90
        0
102
RTVSPost2010PropOp40
 70
     1
102
RTVSPost2010Prop41ColorIndex
 90
       18
102
RTVSPost2010Prop41ColorRGB
 90
        0
102
RTVSPost2010PropOp41
 70
     1
102
RTVSPost2010Prop42
 90
       50
102
RTVSPost2010PropOp42
 70
     1
102
RTVSPost2010Prop43
 90
        3
102
RTVSPost2010PropOp43
 70
     1
102
RTVSPost2010Prop44ColorIndex
 90
        5
102
RTVSPost2010Prop44ColorRGB
 90
      255
102
RTVSPost2010PropOp44
 70
     1
102
RTVSPost2010Prop45
280
     0
102
RTVSPost2010PropOp45
 70
     1
102
RTVSPost2010Prop46
 90
       50
102
RTVSPost2010PropOp46
 70
     1
102
RTVSPost2010Prop47
 90
       50
102
RTVSPost2010PropOp47
 70
     1
102
RTVSPost2010Prop48
 90
       50
102
RTVSPost2010PropOp48
 70
     1
102
RTVSPost2010Prop49
280
     0
102
RTVSPost2010PropOp49
 70
     1
102
RTVSPost2010Prop50
 90
       50
102
RTVSPost2010PropOp50
 70
     1
102
RTVSPost2010Prop51ColorIndex
 90
      256
102
RTVSPost2010Prop51ColorRGB
 90
-16777216
102
RTVSPost2010PropOp51
 70
     0
102
RTVSPost2010Prop52
140
1.0
102
RTVSPost2010PropOp52
 70
     0
102
RTVSPost2010Prop53
 90
        2
102
RTVSPost2010PropOp53
 70
     1
102
RTVSPost2010Prop54
  1
strokes_ogs.tif
102
RTVSPost2010PropOp54
 70
     1
102
RTVSPost2010Prop55
280
     0
102
RTVSPost2010PropOp55
 70
     1
102
RTVSPost2010Prop56
140
1.0
102
RTVSPost2010PropOp56
 70
     1
102
RTVSPost2010Prop57
140
1.0
102
RTVSPost2010PropOp57
 70
     1
  0
XRECORD
  5
582
102
{ACAD_REACTORS
330
581
102
}
330
581
100
AcDbXrecord
280
     1
102
RTVSPropertyOp0
 70
     1
102
RTVSPropertyOp1
 70
     1
102
RTVSPropertyOp2
 70
     1
102
RTVSPropertyOp3
 70
     1
102
RTVSPropertyOp4
 70
     1
102
RTVSPropertyOp5
 70
     1
102
RTVSPropertyOp6
 70
     1
102
RTVSPropertyOp7
 70
     1
102
RTVSPropertyOp8
 70
     1
102
RTVSPropertyOp9
 70
     1
102
RTVSPropertyOp10
 70
     1
102
RTVSPropertyOp11
 70
     1
102
RTVSPropertyOp12
 70
     1
102
RTVSPropertyOp13
 70
     1
102
RTVSPropertyOp14
 70
     1
102
RTVSPropertyOp15
 70
     1
102
RTVSPropertyOp16
 70
     1
102
RTVSPropertyOp17
 70
     1
102
RTVSPropertyOp18
 70
     1
102
RTVSPropertyOp19
 70
     1
102
RTVSPropertyOp20
 70
     1
102
RTVSPropertyOp21
 70
     1
102
RTVSPropertyOp22
 70
     1
102
RTVSPropertyOp23
 70
     1
102
RTVSPropertyOp24
 70
     1
102
RTVSPropertyOp25
 70
     1
102
RTVSPropertyOp26
 70
     1
102
RTVSPropertyOp27
 70
     1
102
RTVSPropertyOp28
 70
     1
102
RTVSPropertyOp29
 70
     1
102
RTVSPropertyOp30
 70
     1
102
RTVSPropertyOp31
 70
     1
102
RTVSPropertyOp32
 70
     1
102
RTVSPropertyOp33
 70
     1
102
RTVSPropertyOp34
 70
     1
102
RTVSPropertyOp35
 70
     1
102
RTVSPropertyOp36
 70
     1
102
RTVSPropertyOp37
 70
     1
102
RTVSPropertyOp38
 70
     1
102
RTVSPropertyOp39
 70
     1
102
RTVSPropertyOp40
 70
     1
102
RTVSPropertyOp41
 70
     1
102
RTVSPropertyOp42
 70
     1
102
RTVSPropertyOp43
 70
     1
102
RTVSPropertyOp44
 70
     1
102
RTVSPropertyOp45
 70
     1
102
RTVSPropertyOp46
 70
     1
102
RTVSPropertyOp47
 70
     1
102
RTVSPropertyOp48
 70
     1
102
RTVSPropertyOp49
 70
     1
102
RTVSPropertyOp50
 70
     1
102
RTVSPropertyOp51
 70
     0
102
RTVSPropertyOp52
 70
     0
102
RTVSPropertyOp53
 70
     1
102
RTVSPropertyOp54
 70
     1
102
RTVSPropertyOp55
 70
     1
102
RTVSPropertyOp56
 70
     1
102
RTVSPropertyOp57
 70
     1
102
RTVSPost2010Prop28
280
     0
102
RTVSPost2010PropOp28
 70
     1
102
RTVSPost2010Prop29
280
     1
102
RTVSPost2010PropOp29
 70
     1
102
RTVSPost2010Prop30
280
     1
102
RTVSPost2010PropOp30
 70
     1
102
RTVSPost2010Prop31
280
     0
102
RTVSPost2010PropOp31
 70
     1
102
RTVSPost2010Prop32
280
     0
102
RTVSPost2010PropOp32
 70
     1
102
RTVSPost2010Prop33
280
     0
102
RTVSPost2010PropOp33
 70
     1
102
RTVSPost2010Prop34
280
     0
102
RTVSPost2010PropOp34
 70
     1
102
RTVSPost2010Prop35
280
     0
102
RTVSPost2010PropOp35
 70
     1
102
RTVSPost2010Prop36
280
     0
102
RTVSPost2010PropOp36
 70
     1
102
RTVSPost2010Prop37
 90
       50
102
RTVSPost2010PropOp37
 70
     1
102
RTVSPost2010Prop38
140
0.0
102
RTVSPost2010PropOp38
 70
     1
102
RTVSPost2010Prop39
140
1.0
102
RTVSPost2010PropOp39
 70
     1
102
RTVSPost2010Prop40
 90
        0
102
RTVSPost2010PropOp40
 70
     1
102
RTVSPost2010Prop41ColorIndex
 90
       18
102
RTVSPost2010Prop41ColorRGB
 90
        0
102
RTVSPost2010PropOp41
 70
     1
102
RTVSPost2010Prop42
 90
       50
102
RTVSPost2010PropOp42
 70
     1
102
RTVSPost2010Prop43
 90
        3
102
RTVSPost2010PropOp43
 70
     1
102
RTVSPost2010Prop44ColorIndex
 90
        5
102
RTVSPost2010Prop44ColorRGB
 90
      255
102
RTVSPost2010PropOp44
 70
     1
102
RTVSPost2010Prop45
280
     0
102
RTVSPost2010PropOp45
 70
     1
102
RTVSPost2010Prop46
 90
       50
102
RTVSPost2010PropOp46
 70
     1
102
RTVSPost2010Prop47
 90
       50
102
RTVSPost2010PropOp47
 70
     1
102
RTVSPost2010Prop48
 90
       50
102
RTVSPost2010PropOp48
 70
     1
102
RTVSPost2010Prop49
280
     0
102
RTVSPost2010PropOp49
 70
     1
102
RTVSPost2010Prop50
 90
       50
102
RTVSPost2010PropOp50
 70
     1
102
RTVSPost2010Prop51ColorIndex
 90
      256
102
RTVSPost2010Prop51ColorRGB
 90
-16777216
102
RTVSPost2010PropOp51
 70
     0
102
RTVSPost2010Prop52
140
1.0
102
RTVSPost2010PropOp52
 70
     0
102
RTVSPost2010Prop53
 90
        2
102
RTVSPost2010PropOp53
 70
     1
102
RTVSPost2010Prop54
  1
strokes_ogs.tif
102
RTVSPost2010PropOp54
 70
     1
102
RTVSPost2010Prop55
280
     0
102
RTVSPost2010PropOp55
 70
     1
102
RTVSPost2010Prop56
140
1.0
102
RTVSPost2010PropOp56
 70
     1
102
RTVSPost2010Prop57
140
1.0
102
RTVSPost2010PropOp57
 70
     1
  0
XRECORD
  5
584
102
{ACAD_REACTORS
330
583
102
}
330
583
100
AcDbXrecord
280
     1
102
RTVSPropertyOp0
 70
     1
102
RTVSPropertyOp1
 70
     1
102
RTVSPropertyOp2
 70
     1
102
RTVSPropertyOp3
 70
     1
102
RTVSPropertyOp4
 70
     1
102
RTVSPropertyOp5
 70
     1
102
RTVSPropertyOp6
 70
     1
102
RTVSPropertyOp7
 70
     1
102
RTVSPropertyOp8
 70
     1
102
RTVSPropertyOp9
 70
     1
102
RTVSPropertyOp10
 70
     1
102
RTVSPropertyOp11
 70
     1
102
RTVSPropertyOp12
 70
     1
102
RTVSPropertyOp13
 70
     1
102
RTVSPropertyOp14
 70
     1
102
RTVSPropertyOp15
 70
     1
102
RTVSPropertyOp16
 70
     1
102
RTVSPropertyOp17
 70
     1
102
RTVSPropertyOp18
 70
     1
102
RTVSPropertyOp19
 70
     1
102
RTVSPropertyOp20
 70
     1
102
RTVSPropertyOp21
 70
     1
102
RTVSPropertyOp22
 70
     1
102
RTVSPropertyOp23
 70
     1
102
RTVSPropertyOp24
 70
     1
102
RTVSPropertyOp25
 70
     1
102
RTVSPropertyOp26
 70
     1
102
RTVSPropertyOp27
 70
     1
102
RTVSPropertyOp28
 70
     1
102
RTVSPropertyOp29
 70
     1
102
RTVSPropertyOp30
 70
     1
102
RTVSPropertyOp31
 70
     1
102
RTVSPropertyOp32
 70
     1
102
RTVSPropertyOp33
 70
     1
102
RTVSPropertyOp34
 70
     1
102
RTVSPropertyOp35
 70
     1
102
RTVSPropertyOp36
 70
     1
102
RTVSPropertyOp37
 70
     1
102
RTVSPropertyOp38
 70
     1
102
RTVSPropertyOp39
 70
     1
102
RTVSPropertyOp40
 70
     1
102
RTVSPropertyOp41
 70
     1
102
RTVSPropertyOp42
 70
     1
102
RTVSPropertyOp43
 70
     1
102
RTVSPropertyOp44
 70
     1
102
RTVSPropertyOp45
 70
     1
102
RTVSPropertyOp46
 70
     1
102
RTVSPropertyOp47
 70
     1
102
RTVSPropertyOp48
 70
     1
102
RTVSPropertyOp49
 70
     1
102
RTVSPropertyOp50
 70
     1
102
RTVSPropertyOp51
 70
     0
102
RTVSPropertyOp52
 70
     0
102
RTVSPropertyOp53
 70
     1
102
RTVSPropertyOp54
 70
     1
102
RTVSPropertyOp55
 70
     1
102
RTVSPropertyOp56
 70
     1
102
RTVSPropertyOp57
 70
     1
102
RTVSPost2010Prop28
280
     0
102
RTVSPost2010PropOp28
 70
     1
102
RTVSPost2010Prop29
280
     1
102
RTVSPost2010PropOp29
 70
     1
102
RTVSPost2010Prop30
280
     1
102
RTVSPost2010PropOp30
 70
     1
102
RTVSPost2010Prop31
280
     0
102
RTVSPost2010PropOp31
 70
     1
102
RTVSPost2010Prop32
280
     0
102
RTVSPost2010PropOp32
 70
     1
102
RTVSPost2010Prop33
280
     0
102
RTVSPost2010PropOp33
 70
     1
102
RTVSPost2010Prop34
280
     0
102
RTVSPost2010PropOp34
 70
     1
102
RTVSPost2010Prop35
280
     0
102
RTVSPost2010PropOp35
 70
     1
102
RTVSPost2010Prop36
280
     0
102
RTVSPost2010PropOp36
 70
     1
102
RTVSPost2010Prop37
 90
       50
102
RTVSPost2010PropOp37
 70
     1
102
RTVSPost2010Prop38
140
0.0
102
RTVSPost2010PropOp38
 70
     1
102
RTVSPost2010Prop39
140
1.0
102
RTVSPost2010PropOp39
 70
     1
102
RTVSPost2010Prop40
 90
        0
102
RTVSPost2010PropOp40
 70
     1
102
RTVSPost2010Prop41ColorIndex
 90
       18
102
RTVSPost2010Prop41ColorRGB
 90
        0
102
RTVSPost2010PropOp41
 70
     1
102
RTVSPost2010Prop42
 90
       50
102
RTVSPost2010PropOp42
 70
     1
102
RTVSPost2010Prop43
 90
        3
102
RTVSPost2010PropOp43
 70
     1
102
RTVSPost2010Prop44ColorIndex
 90
        5
102
RTVSPost2010Prop44ColorRGB
 90
      255
102
RTVSPost2010PropOp44
 70
     1
102
RTVSPost2010Prop45
280
     0
102
RTVSPost2010PropOp45
 70
     1
102
RTVSPost2010Prop46
 90
       50
102
RTVSPost2010PropOp46
 70
     1
102
RTVSPost2010Prop47
 90
       50
102
RTVSPost2010PropOp47
 70
     1
102
RTVSPost2010Prop48
 90
       50
102
RTVSPost2010PropOp48
 70
     1
102
RTVSPost2010Prop49
280
     0
102
RTVSPost2010PropOp49
 70
     1
102
RTVSPost2010Prop50
 90
       50
102
RTVSPost2010PropOp50
 70
     1
102
RTVSPost2010Prop51ColorIndex
 90
      256
102
RTVSPost2010Prop51ColorRGB
 90
-16777216
102
RTVSPost2010PropOp51
 70
     0
102
RTVSPost2010Prop52
140
1.0
102
RTVSPost2010PropOp52
 70
     0
102
RTVSPost2010Prop53
 90
        2
102
RTVSPost2010PropOp53
 70
     1
102
RTVSPost2010Prop54
  1
strokes_ogs.tif
102
RTVSPost2010PropOp54
 70
     1
102
RTVSPost2010Prop55
280
     0
102
RTVSPost2010PropOp55
 70
     1
102
RTVSPost2010Prop56
140
1.0
102
RTVSPost2010PropOp56
 70
     1
102
RTVSPost2010Prop57
140
1.0
102
RTVSPost2010PropOp57
 70
     1
  0
XRECORD
  5
594
102
{ACAD_REACTORS
330
593
102
}
330
593
100
AcDbXrecord
280
     1
102
RTVSPropertyOp0
 70
     0
102
RTVSPropertyOp1
 70
     0
102
RTVSPropertyOp2
 70
     0
102
RTVSPropertyOp3
 70
     0
102
RTVSPropertyOp4
 70
     0
102
RTVSPropertyOp5
 70
     0
102
RTVSPropertyOp6
 70
     0
102
RTVSPropertyOp7
 70
     0
102
RTVSPropertyOp8
 70
     0
102
RTVSPropertyOp9
 70
     0
102
RTVSPropertyOp10
 70
     0
102
RTVSPropertyOp11
 70
     0
102
RTVSPropertyOp12
 70
     0
102
RTVSPropertyOp13
 70
     0
102
RTVSPropertyOp14
 70
     2
102
RTVSPropertyOp15
 70
     0
102
RTVSPropertyOp16
 70
     0
102
RTVSPropertyOp17
 70
     0
102
RTVSPropertyOp18
 70
     0
102
RTVSPropertyOp19
 70
     0
102
RTVSPropertyOp20
 70
     0
102
RTVSPropertyOp21
 70
     0
102
RTVSPropertyOp22
 70
     0
102
RTVSPropertyOp23
 70
     0
102
RTVSPropertyOp24
 70
     0
102
RTVSPropertyOp25
 70
     0
102
RTVSPropertyOp26
 70
     0
102
RTVSPropertyOp27
 70
     0
102
RTVSPropertyOp28
 70
     0
102
RTVSPropertyOp29
 70
     0
102
RTVSPropertyOp30
 70
     0
102
RTVSPropertyOp31
 70
     0
102
RTVSPropertyOp32
 70
     0
102
RTVSPropertyOp33
 70
     0
102
RTVSPropertyOp34
 70
     0
102
RTVSPropertyOp35
 70
     0
102
RTVSPropertyOp36
 70
     0
102
RTVSPropertyOp37
 70
     0
102
RTVSPropertyOp38
 70
     0
102
RTVSPropertyOp39
 70
     0
102
RTVSPropertyOp40
 70
     0
102
RTVSPropertyOp41
 70
     0
102
RTVSPropertyOp42
 70
     0
102
RTVSPropertyOp43
 70
     0
102
RTVSPropertyOp44
 70
     0
102
RTVSPropertyOp45
 70
     0
102
RTVSPropertyOp46
 70
     0
102
RTVSPropertyOp47
 70
     0
102
RTVSPropertyOp48
 70
     0
102
RTVSPropertyOp49
 70
     0
102
RTVSPropertyOp50
 70
     0
102
RTVSPropertyOp51
 70
     0
102
RTVSPropertyOp52
 70
     0
102
RTVSPropertyOp53
 70
     0
102
RTVSPropertyOp54
 70
     0
102
RTVSPropertyOp55
 70
     0
102
RTVSPropertyOp56
 70
     0
102
RTVSPropertyOp57
 70
     0
102
RTVSPost2010Prop28
280
     0
102
RTVSPost2010PropOp28
 70
     0
102
RTVSPost2010Prop29
280
     1
102
RTVSPost2010PropOp29
 70
     0
102
RTVSPost2010Prop30
280
     1
102
RTVSPost2010PropOp30
 70
     0
102
RTVSPost2010Prop31
280
     0
102
RTVSPost2010PropOp31
 70
     0
102
RTVSPost2010Prop32
280
     0
102
RTVSPost2010PropOp32
 70
     0
102
RTVSPost2010Prop33
280
     0
102
RTVSPost2010PropOp33
 70
     0
102
RTVSPost2010Prop34
280
     0
102
RTVSPost2010PropOp34
 70
     0
102
RTVSPost2010Prop35
280
     0
102
RTVSPost2010PropOp35
 70
     0
102
RTVSPost2010Prop36
280
     0
102
RTVSPost2010PropOp36
 70
     0
102
RTVSPost2010Prop37
 90
       50
102
RTVSPost2010PropOp37
 70
     0
102
RTVSPost2010Prop38
140
0.0
102
RTVSPost2010PropOp38
 70
     0
102
RTVSPost2010Prop39
140
1.0
102
RTVSPost2010PropOp39
 70
     0
102
RTVSPost2010Prop40
 90
        0
102
RTVSPost2010PropOp40
 70
     0
102
RTVSPost2010Prop41ColorIndex
 90
       18
102
RTVSPost2010Prop41ColorRGB
 90
        0
102
RTVSPost2010PropOp41
 70
     0
102
RTVSPost2010Prop42
 90
       50
102
RTVSPost2010PropOp42
 70
     0
102
RTVSPost2010Prop43
 90
        3
102
RTVSPost2010PropOp43
 70
     0
102
RTVSPost2010Prop44ColorIndex
 90
        5
102
RTVSPost2010Prop44ColorRGB
 90
      255
102
RTVSPost2010PropOp44
 70
     0
102
RTVSPost2010Prop45
280
     0
102
RTVSPost2010PropOp45
 70
     0
102
RTVSPost2010Prop46
 90
       50
102
RTVSPost2010PropOp46
 70
     0
102
RTVSPost2010Prop47
 90
       50
102
RTVSPost2010PropOp47
 70
     0
102
RTVSPost2010Prop48
 90
       50
102
RTVSPost2010PropOp48
 70
     0
102
RTVSPost2010Prop49
280
     0
102
RTVSPost2010PropOp49
 70
     0
102
RTVSPost2010Prop50
 90
       50
102
RTVSPost2010PropOp50
 70
     0
102
RTVSPost2010Prop51ColorIndex
 90
      256
102
RTVSPost2010Prop51ColorRGB
 90
-16777216
102
RTVSPost2010PropOp51
 70
     0
102
RTVSPost2010Prop52
140
1.0
102
RTVSPost2010PropOp52
 70
     0
102
RTVSPost2010Prop53
 90
        2
102
RTVSPost2010PropOp53
 70
     0
102
RTVSPost2010Prop54
  1
strokes_ogs.tif
102
RTVSPost2010PropOp54
 70
     0
102
RTVSPost2010Prop55
280
     0
102
RTVSPost2010PropOp55
 70
     0
102
RTVSPost2010Prop56
140
1.0
102
RTVSPost2010PropOp56
 70
     0
102
RTVSPost2010Prop57
140
1.0
102
RTVSPost2010PropOp57
 70
     0
  0
XRECORD
  5
58C
102
{ACAD_REACTORS
330
58B
102
}
330
58B
100
AcDbXrecord
280
     1
102
RTVSPropertyOp0
 70
     1
102
RTVSPropertyOp1
 70
     1
102
RTVSPropertyOp2
 70
     1
102
RTVSPropertyOp3
 70
     1
102
RTVSPropertyOp4
 70
     1
102
RTVSPropertyOp5
 70
     1
102
RTVSPropertyOp6
 70
     1
102
RTVSPropertyOp7
 70
     1
102
RTVSPropertyOp8
 70
     1
102
RTVSPropertyOp9
 70
     1
102
RTVSPropertyOp10
 70
     1
102
RTVSPropertyOp11
 70
     1
102
RTVSPropertyOp12
 70
     1
102
RTVSPropertyOp13
 70
     1
102
RTVSPropertyOp14
 70
     1
102
RTVSPropertyOp15
 70
     1
102
RTVSPropertyOp16
 70
     1
102
RTVSPropertyOp17
 70
     1
102
RTVSPropertyOp18
 70
     1
102
RTVSPropertyOp19
 70
     1
102
RTVSPropertyOp20
 70
     1
102
RTVSPropertyOp21
 70
     1
102
RTVSPropertyOp22
 70
     1
102
RTVSPropertyOp23
 70
     1
102
RTVSPropertyOp24
 70
     1
102
RTVSPropertyOp25
 70
     1
102
RTVSPropertyOp26
 70
     1
102
RTVSPropertyOp27
 70
     1
102
RTVSPropertyOp28
 70
     1
102
RTVSPropertyOp29
 70
     1
102
RTVSPropertyOp30
 70
     1
102
RTVSPropertyOp31
 70
     1
102
RTVSPropertyOp32
 70
     1
102
RTVSPropertyOp33
 70
     1
102
RTVSPropertyOp34
 70
     1
102
RTVSPropertyOp35
 70
     1
102
RTVSPropertyOp36
 70
     1
102
RTVSPropertyOp37
 70
     1
102
RTVSPropertyOp38
 70
     1
102
RTVSPropertyOp39
 70
     1
102
RTVSPropertyOp40
 70
     1
102
RTVSPropertyOp41
 70
     1
102
RTVSPropertyOp42
 70
     1
102
RTVSPropertyOp43
 70
     1
102
RTVSPropertyOp44
 70
     1
102
RTVSPropertyOp45
 70
     1
102
RTVSPropertyOp46
 70
     1
102
RTVSPropertyOp47
 70
     1
102
RTVSPropertyOp48
 70
     1
102
RTVSPropertyOp49
 70
     1
102
RTVSPropertyOp50
 70
     1
102
RTVSPropertyOp51
 70
     0
102
RTVSPropertyOp52
 70
     0
102
RTVSPropertyOp53
 70
     1
102
RTVSPropertyOp54
 70
     1
102
RTVSPropertyOp55
 70
     1
102
RTVSPropertyOp56
 70
     1
102
RTVSPropertyOp57
 70
     1
102
RTVSPost2010Prop28
280
     0
102
RTVSPost2010PropOp28
 70
     1
102
RTVSPost2010Prop29
280
     1
102
RTVSPost2010PropOp29
 70
     1
102
RTVSPost2010Prop30
280
     1
102
RTVSPost2010PropOp30
 70
     1
102
RTVSPost2010Prop31
280
     0
102
RTVSPost2010PropOp31
 70
     1
102
RTVSPost2010Prop32
280
     0
102
RTVSPost2010PropOp32
 70
     1
102
RTVSPost2010Prop33
280
     0
102
RTVSPost2010PropOp33
 70
     1
102
RTVSPost2010Prop34
280
     0
102
RTVSPost2010PropOp34
 70
     1
102
RTVSPost2010Prop35
280
     0
102
RTVSPost2010PropOp35
 70
     1
102
RTVSPost2010Prop36
280
     0
102
RTVSPost2010PropOp36
 70
     1
102
RTVSPost2010Prop37
 90
       50
102
RTVSPost2010PropOp37
 70
     1
102
RTVSPost2010Prop38
140
0.0
102
RTVSPost2010PropOp38
 70
     1
102
RTVSPost2010Prop39
140
1.0
102
RTVSPost2010PropOp39
 70
     1
102
RTVSPost2010Prop40
 90
        0
102
RTVSPost2010PropOp40
 70
     1
102
RTVSPost2010Prop41ColorIndex
 90
       18
102
RTVSPost2010Prop41ColorRGB
 90
        0
102
RTVSPost2010PropOp41
 70
     1
102
RTVSPost2010Prop42
 90
       50
102
RTVSPost2010PropOp42
 70
     1
102
RTVSPost2010Prop43
 90
        3
102
RTVSPost2010PropOp43
 70
     1
102
RTVSPost2010Prop44ColorIndex
 90
        5
102
RTVSPost2010Prop44ColorRGB
 90
      255
102
RTVSPost2010PropOp44
 70
     1
102
RTVSPost2010Prop45
280
     0
102
RTVSPost2010PropOp45
 70
     1
102
RTVSPost2010Prop46
 90
       50
102
RTVSPost2010PropOp46
 70
     1
102
RTVSPost2010Prop47
 90
       50
102
RTVSPost2010PropOp47
 70
     1
102
RTVSPost2010Prop48
 90
       50
102
RTVSPost2010PropOp48
 70
     1
102
RTVSPost2010Prop49
280
     0
102
RTVSPost2010PropOp49
 70
     1
102
RTVSPost2010Prop50
 90
       50
102
RTVSPost2010PropOp50
 70
     1
102
RTVSPost2010Prop51ColorIndex
 90
      256
102
RTVSPost2010Prop51ColorRGB
 90
-16777216
102
RTVSPost2010PropOp51
 70
     0
102
RTVSPost2010Prop52
140
1.0
102
RTVSPost2010PropOp52
 70
     0
102
RTVSPost2010Prop53
 90
        2
102
RTVSPost2010PropOp53
 70
     1
102
RTVSPost2010Prop54
  1
strokes_ogs.tif
102
RTVSPost2010PropOp54
 70
     1
102
RTVSPost2010Prop55
280
     0
102
RTVSPost2010PropOp55
 70
     1
102
RTVSPost2010Prop56
140
1.0
102
RTVSPost2010PropOp56
 70
     1
102
RTVSPost2010Prop57
140
1.0
102
RTVSPost2010PropOp57
 70
     1
  0
XRECORD
  5
570
102
{ACAD_REACTORS
330
56F
102
}
330
56F
100
AcDbXrecord
280
     1
102
RTVSPropertyOp0
 70
     1
102
RTVSPropertyOp1
 70
     1
102
RTVSPropertyOp2
 70
     1
102
RTVSPropertyOp3
 70
     1
102
RTVSPropertyOp4
 70
     1
102
RTVSPropertyOp5
 70
     1
102
RTVSPropertyOp6
 70
     1
102
RTVSPropertyOp7
 70
     1
102
RTVSPropertyOp8
 70
     1
102
RTVSPropertyOp9
 70
     1
102
RTVSPropertyOp10
 70
     1
102
RTVSPropertyOp11
 70
     1
102
RTVSPropertyOp12
 70
     1
102
RTVSPropertyOp13
 70
     1
102
RTVSPropertyOp14
 70
     1
102
RTVSPropertyOp15
 70
     1
102
RTVSPropertyOp16
 70
     1
102
RTVSPropertyOp17
 70
     1
102
RTVSPropertyOp18
 70
     1
102
RTVSPropertyOp19
 70
     1
102
RTVSPropertyOp20
 70
     1
102
RTVSPropertyOp21
 70
     1
102
RTVSPropertyOp22
 70
     1
102
RTVSPropertyOp23
 70
     1
102
RTVSPropertyOp24
 70
     1
102
RTVSPropertyOp25
 70
     1
102
RTVSPropertyOp26
 70
     1
102
RTVSPropertyOp27
 70
     1
102
RTVSPropertyOp28
 70
     1
102
RTVSPropertyOp29
 70
     1
102
RTVSPropertyOp30
 70
     1
102
RTVSPropertyOp31
 70
     1
102
RTVSPropertyOp32
 70
     1
102
RTVSPropertyOp33
 70
     1
102
RTVSPropertyOp34
 70
     1
102
RTVSPropertyOp35
 70
     1
102
RTVSPropertyOp36
 70
     1
102
RTVSPropertyOp37
 70
     1
102
RTVSPropertyOp38
 70
     1
102
RTVSPropertyOp39
 70
     1
102
RTVSPropertyOp40
 70
     1
102
RTVSPropertyOp41
 70
     1
102
RTVSPropertyOp42
 70
     1
102
RTVSPropertyOp43
 70
     1
102
RTVSPropertyOp44
 70
     1
102
RTVSPropertyOp45
 70
     1
102
RTVSPropertyOp46
 70
     1
102
RTVSPropertyOp47
 70
     1
102
RTVSPropertyOp48
 70
     1
102
RTVSPropertyOp49
 70
     1
102
RTVSPropertyOp50
 70
     1
102
RTVSPropertyOp51
 70
     0
102
RTVSPropertyOp52
 70
     0
102
RTVSPropertyOp53
 70
     1
102
RTVSPropertyOp54
 70
     1
102
RTVSPropertyOp55
 70
     1
102
RTVSPropertyOp56
 70
     1
102
RTVSPropertyOp57
 70
     1
102
RTVSPost2010Prop28
280
     0
102
RTVSPost2010PropOp28
 70
     1
102
RTVSPost2010Prop29
280
     1
102
RTVSPost2010PropOp29
 70
     1
102
RTVSPost2010Prop30
280
     1
102
RTVSPost2010PropOp30
 70
     1
102
RTVSPost2010Prop31
280
     0
102
RTVSPost2010PropOp31
 70
     1
102
RTVSPost2010Prop32
280
     0
102
RTVSPost2010PropOp32
 70
     1
102
RTVSPost2010Prop33
280
     0
102
RTVSPost2010PropOp33
 70
     1
102
RTVSPost2010Prop34
280
     0
102
RTVSPost2010PropOp34
 70
     1
102
RTVSPost2010Prop35
280
     0
102
RTVSPost2010PropOp35
 70
     1
102
RTVSPost2010Prop36
280
     0
102
RTVSPost2010PropOp36
 70
     1
102
RTVSPost2010Prop37
 90
       50
102
RTVSPost2010PropOp37
 70
     1
102
RTVSPost2010Prop38
140
0.0
102
RTVSPost2010PropOp38
 70
     1
102
RTVSPost2010Prop39
140
1.0
102
RTVSPost2010PropOp39
 70
     1
102
RTVSPost2010Prop40
 90
        0
102
RTVSPost2010PropOp40
 70
     1
102
RTVSPost2010Prop41ColorIndex
 90
       18
102
RTVSPost2010Prop41ColorRGB
 90
        0
102
RTVSPost2010PropOp41
 70
     1
102
RTVSPost2010Prop42
 90
       50
102
RTVSPost2010PropOp42
 70
     1
102
RTVSPost2010Prop43
 90
        3
102
RTVSPost2010PropOp43
 70
     1
102
RTVSPost2010Prop44ColorIndex
 90
        5
102
RTVSPost2010Prop44ColorRGB
 90
      255
102
RTVSPost2010PropOp44
 70
     1
102
RTVSPost2010Prop45
280
     0
102
RTVSPost2010PropOp45
 70
     1
102
RTVSPost2010Prop46
 90
       50
102
RTVSPost2010PropOp46
 70
     1
102
RTVSPost2010Prop47
 90
       50
102
RTVSPost2010PropOp47
 70
     1
102
RTVSPost2010Prop48
 90
       50
102
RTVSPost2010PropOp48
 70
     1
102
RTVSPost2010Prop49
280
     0
102
RTVSPost2010PropOp49
 70
     1
102
RTVSPost2010Prop50
 90
       50
102
RTVSPost2010PropOp50
 70
     1
102
RTVSPost2010Prop51ColorIndex
 90
      256
102
RTVSPost2010Prop51ColorRGB
 90
-16777216
102
RTVSPost2010PropOp51
 70
     0
102
RTVSPost2010Prop52
140
1.0
102
RTVSPost2010PropOp52
 70
     0
102
RTVSPost2010Prop53
 90
        2
102
RTVSPost2010PropOp53
 70
     1
102
RTVSPost2010Prop54
  1
strokes_ogs.tif
102
RTVSPost2010PropOp54
 70
     1
102
RTVSPost2010Prop55
280
     0
102
RTVSPost2010PropOp55
 70
     1
102
RTVSPost2010Prop56
140
1.0
102
RTVSPost2010PropOp56
 70
     1
102
RTVSPost2010Prop57
140
1.0
102
RTVSPost2010PropOp57
 70
     1
  0
XRECORD
  5
572
102
{ACAD_REACTORS
330
571
102
}
330
571
100
AcDbXrecord
280
     1
102
RTVSPropertyOp0
 70
     1
102
RTVSPropertyOp1
 70
     1
102
RTVSPropertyOp2
 70
     1
102
RTVSPropertyOp3
 70
     1
102
RTVSPropertyOp4
 70
     1
102
RTVSPropertyOp5
 70
     1
102
RTVSPropertyOp6
 70
     1
102
RTVSPropertyOp7
 70
     1
102
RTVSPropertyOp8
 70
     1
102
RTVSPropertyOp9
 70
     1
102
RTVSPropertyOp10
 70
     1
102
RTVSPropertyOp11
 70
     1
102
RTVSPropertyOp12
 70
     1
102
RTVSPropertyOp13
 70
     1
102
RTVSPropertyOp14
 70
     1
102
RTVSPropertyOp15
 70
     1
102
RTVSPropertyOp16
 70
     1
102
RTVSPropertyOp17
 70
     1
102
RTVSPropertyOp18
 70
     1
102
RTVSPropertyOp19
 70
     1
102
RTVSPropertyOp20
 70
     1
102
RTVSPropertyOp21
 70
     1
102
RTVSPropertyOp22
 70
     1
102
RTVSPropertyOp23
 70
     1
102
RTVSPropertyOp24
 70
     1
102
RTVSPropertyOp25
 70
     1
102
RTVSPropertyOp26
 70
     1
102
RTVSPropertyOp27
 70
     1
102
RTVSPropertyOp28
 70
     1
102
RTVSPropertyOp29
 70
     1
102
RTVSPropertyOp30
 70
     1
102
RTVSPropertyOp31
 70
     1
102
RTVSPropertyOp32
 70
     1
102
RTVSPropertyOp33
 70
     1
102
RTVSPropertyOp34
 70
     1
102
RTVSPropertyOp35
 70
     1
102
RTVSPropertyOp36
 70
     1
102
RTVSPropertyOp37
 70
     1
102
RTVSPropertyOp38
 70
     1
102
RTVSPropertyOp39
 70
     1
102
RTVSPropertyOp40
 70
     1
102
RTVSPropertyOp41
 70
     1
102
RTVSPropertyOp42
 70
     1
102
RTVSPropertyOp43
 70
     1
102
RTVSPropertyOp44
 70
     1
102
RTVSPropertyOp45
 70
     1
102
RTVSPropertyOp46
 70
     1
102
RTVSPropertyOp47
 70
     1
102
RTVSPropertyOp48
 70
     1
102
RTVSPropertyOp49
 70
     1
102
RTVSPropertyOp50
 70
     1
102
RTVSPropertyOp51
 70
     0
102
RTVSPropertyOp52
 70
     0
102
RTVSPropertyOp53
 70
     1
102
RTVSPropertyOp54
 70
     1
102
RTVSPropertyOp55
 70
     1
102
RTVSPropertyOp56
 70
     1
102
RTVSPropertyOp57
 70
     1
102
RTVSPost2010Prop28
280
     0
102
RTVSPost2010PropOp28
 70
     1
102
RTVSPost2010Prop29
280
     1
102
RTVSPost2010PropOp29
 70
     1
102
RTVSPost2010Prop30
280
     1
102
RTVSPost2010PropOp30
 70
     1
102
RTVSPost2010Prop31
280
     0
102
RTVSPost2010PropOp31
 70
     1
102
RTVSPost2010Prop32
280
     0
102
RTVSPost2010PropOp32
 70
     1
102
RTVSPost2010Prop33
280
     0
102
RTVSPost2010PropOp33
 70
     1
102
RTVSPost2010Prop34
280
     0
102
RTVSPost2010PropOp34
 70
     1
102
RTVSPost2010Prop35
280
     0
102
RTVSPost2010PropOp35
 70
     1
102
RTVSPost2010Prop36
280
     0
102
RTVSPost2010PropOp36
 70
     1
102
RTVSPost2010Prop37
 90
       50
102
RTVSPost2010PropOp37
 70
     1
102
RTVSPost2010Prop38
140
0.0
102
RTVSPost2010PropOp38
 70
     1
102
RTVSPost2010Prop39
140
1.0
102
RTVSPost2010PropOp39
 70
     1
102
RTVSPost2010Prop40
 90
        0
102
RTVSPost2010PropOp40
 70
     1
102
RTVSPost2010Prop41ColorIndex
 90
       18
102
RTVSPost2010Prop41ColorRGB
 90
        0
102
RTVSPost2010PropOp41
 70
     1
102
RTVSPost2010Prop42
 90
       50
102
RTVSPost2010PropOp42
 70
     1
102
RTVSPost2010Prop43
 90
        3
102
RTVSPost2010PropOp43
 70
     1
102
RTVSPost2010Prop44ColorIndex
 90
        5
102
RTVSPost2010Prop44ColorRGB
 90
      255
102
RTVSPost2010PropOp44
 70
     1
102
RTVSPost2010Prop45
280
     0
102
RTVSPost2010PropOp45
 70
     1
102
RTVSPost2010Prop46
 90
       50
102
RTVSPost2010PropOp46
 70
     1
102
RTVSPost2010Prop47
 90
       50
102
RTVSPost2010PropOp47
 70
     1
102
RTVSPost2010Prop48
 90
       50
102
RTVSPost2010PropOp48
 70
     1
102
RTVSPost2010Prop49
280
     0
102
RTVSPost2010PropOp49
 70
     1
102
RTVSPost2010Prop50
 90
       50
102
RTVSPost2010PropOp50
 70
     1
102
RTVSPost2010Prop51ColorIndex
 90
      256
102
RTVSPost2010Prop51ColorRGB
 90
-16777216
102
RTVSPost2010PropOp51
 70
     0
102
RTVSPost2010Prop52
140
1.0
102
RTVSPost2010PropOp52
 70
     0
102
RTVSPost2010Prop53
 90
        2
102
RTVSPost2010PropOp53
 70
     1
102
RTVSPost2010Prop54
  1
strokes_ogs.tif
102
RTVSPost2010PropOp54
 70
     1
102
RTVSPost2010Prop55
280
     0
102
RTVSPost2010PropOp55
 70
     1
102
RTVSPost2010Prop56
140
1.0
102
RTVSPost2010PropOp56
 70
     1
102
RTVSPost2010Prop57
140
1.0
102
RTVSPost2010PropOp57
 70
     1
  0
XRECORD
  5
574
102
{ACAD_REACTORS
330
573
102
}
330
573
100
AcDbXrecord
280
     1
102
RTVSPropertyOp0
 70
     1
102
RTVSPropertyOp1
 70
     1
102
RTVSPropertyOp2
 70
     1
102
RTVSPropertyOp3
 70
     1
102
RTVSPropertyOp4
 70
     1
102
RTVSPropertyOp5
 70
     1
102
RTVSPropertyOp6
 70
     1
102
RTVSPropertyOp7
 70
     1
102
RTVSPropertyOp8
 70
     1
102
RTVSPropertyOp9
 70
     1
102
RTVSPropertyOp10
 70
     1
102
RTVSPropertyOp11
 70
     1
102
RTVSPropertyOp12
 70
     1
102
RTVSPropertyOp13
 70
     1
102
RTVSPropertyOp14
 70
     1
102
RTVSPropertyOp15
 70
     1
102
RTVSPropertyOp16
 70
     1
102
RTVSPropertyOp17
 70
     1
102
RTVSPropertyOp18
 70
     1
102
RTVSPropertyOp19
 70
     1
102
RTVSPropertyOp20
 70
     1
102
RTVSPropertyOp21
 70
     1
102
RTVSPropertyOp22
 70
     1
102
RTVSPropertyOp23
 70
     1
102
RTVSPropertyOp24
 70
     1
102
RTVSPropertyOp25
 70
     1
102
RTVSPropertyOp26
 70
     1
102
RTVSPropertyOp27
 70
     1
102
RTVSPropertyOp28
 70
     1
102
RTVSPropertyOp29
 70
     1
102
RTVSPropertyOp30
 70
     1
102
RTVSPropertyOp31
 70
     1
102
RTVSPropertyOp32
 70
     1
102
RTVSPropertyOp33
 70
     1
102
RTVSPropertyOp34
 70
     1
102
RTVSPropertyOp35
 70
     1
102
RTVSPropertyOp36
 70
     1
102
RTVSPropertyOp37
 70
     1
102
RTVSPropertyOp38
 70
     1
102
RTVSPropertyOp39
 70
     1
102
RTVSPropertyOp40
 70
     1
102
RTVSPropertyOp41
 70
     1
102
RTVSPropertyOp42
 70
     1
102
RTVSPropertyOp43
 70
     1
102
RTVSPropertyOp44
 70
     1
102
RTVSPropertyOp45
 70
     1
102
RTVSPropertyOp46
 70
     1
102
RTVSPropertyOp47
 70
     1
102
RTVSPropertyOp48
 70
     1
102
RTVSPropertyOp49
 70
     1
102
RTVSPropertyOp50
 70
     1
102
RTVSPropertyOp51
 70
     0
102
RTVSPropertyOp52
 70
     0
102
RTVSPropertyOp53
 70
     1
102
RTVSPropertyOp54
 70
     1
102
RTVSPropertyOp55
 70
     1
102
RTVSPropertyOp56
 70
     1
102
RTVSPropertyOp57
 70
     1
102
RTVSPost2010Prop28
280
     0
102
RTVSPost2010PropOp28
 70
     1
102
RTVSPost2010Prop29
280
     1
102
RTVSPost2010PropOp29
 70
     1
102
RTVSPost2010Prop30
280
     1
102
RTVSPost2010PropOp30
 70
     1
102
RTVSPost2010Prop31
280
     0
102
RTVSPost2010PropOp31
 70
     1
102
RTVSPost2010Prop32
280
     0
102
RTVSPost2010PropOp32
 70
     1
102
RTVSPost2010Prop33
280
     0
102
RTVSPost2010PropOp33
 70
     1
102
RTVSPost2010Prop34
280
     0
102
RTVSPost2010PropOp34
 70
     1
102
RTVSPost2010Prop35
280
     0
102
RTVSPost2010PropOp35
 70
     1
102
RTVSPost2010Prop36
280
     0
102
RTVSPost2010PropOp36
 70
     1
102
RTVSPost2010Prop37
 90
       50
102
RTVSPost2010PropOp37
 70
     1
102
RTVSPost2010Prop38
140
0.0
102
RTVSPost2010PropOp38
 70
     1
102
RTVSPost2010Prop39
140
1.0
102
RTVSPost2010PropOp39
 70
     1
102
RTVSPost2010Prop40
 90
        0
102
RTVSPost2010PropOp40
 70
     1
102
RTVSPost2010Prop41ColorIndex
 90
       18
102
RTVSPost2010Prop41ColorRGB
 90
        0
102
RTVSPost2010PropOp41
 70
     1
102
RTVSPost2010Prop42
 90
       50
102
RTVSPost2010PropOp42
 70
     1
102
RTVSPost2010Prop43
 90
        3
102
RTVSPost2010PropOp43
 70
     1
102
RTVSPost2010Prop44ColorIndex
 90
        5
102
RTVSPost2010Prop44ColorRGB
 90
      255
102
RTVSPost2010PropOp44
 70
     1
102
RTVSPost2010Prop45
280
     0
102
RTVSPost2010PropOp45
 70
     1
102
RTVSPost2010Prop46
 90
       50
102
RTVSPost2010PropOp46
 70
     1
102
RTVSPost2010Prop47
 90
       50
102
RTVSPost2010PropOp47
 70
     1
102
RTVSPost2010Prop48
 90
       50
102
RTVSPost2010PropOp48
 70
     1
102
RTVSPost2010Prop49
280
     0
102
RTVSPost2010PropOp49
 70
     1
102
RTVSPost2010Prop50
 90
       50
102
RTVSPost2010PropOp50
 70
     1
102
RTVSPost2010Prop51ColorIndex
 90
      256
102
RTVSPost2010Prop51ColorRGB
 90
-16777216
102
RTVSPost2010PropOp51
 70
     0
102
RTVSPost2010Prop52
140
1.0
102
RTVSPost2010PropOp52
 70
     0
102
RTVSPost2010Prop53
 90
        2
102
RTVSPost2010PropOp53
 70
     1
102
RTVSPost2010Prop54
  1
strokes_ogs.tif
102
RTVSPost2010PropOp54
 70
     1
102
RTVSPost2010Prop55
280
     0
102
RTVSPost2010PropOp55
 70
     1
102
RTVSPost2010Prop56
140
1.0
102
RTVSPost2010PropOp56
 70
     1
102
RTVSPost2010Prop57
140
1.0
102
RTVSPost2010PropOp57
 70
     1
  0
XRECORD
  5
576
102
{ACAD_REACTORS
330
575
102
}
330
575
100
AcDbXrecord
280
     1
102
RTVSPropertyOp0
 70
     1
102
RTVSPropertyOp1
 70
     1
102
RTVSPropertyOp2
 70
     1
102
RTVSPropertyOp3
 70
     1
102
RTVSPropertyOp4
 70
     1
102
RTVSPropertyOp5
 70
     1
102
RTVSPropertyOp6
 70
     1
102
RTVSPropertyOp7
 70
     1
102
RTVSPropertyOp8
 70
     1
102
RTVSPropertyOp9
 70
     1
102
RTVSPropertyOp10
 70
     1
102
RTVSPropertyOp11
 70
     1
102
RTVSPropertyOp12
 70
     1
102
RTVSPropertyOp13
 70
     1
102
RTVSPropertyOp14
 70
     1
102
RTVSPropertyOp15
 70
     1
102
RTVSPropertyOp16
 70
     1
102
RTVSPropertyOp17
 70
     1
102
RTVSPropertyOp18
 70
     1
102
RTVSPropertyOp19
 70
     1
102
RTVSPropertyOp20
 70
     1
102
RTVSPropertyOp21
 70
     1
102
RTVSPropertyOp22
 70
     1
102
RTVSPropertyOp23
 70
     1
102
RTVSPropertyOp24
 70
     1
102
RTVSPropertyOp25
 70
     1
102
RTVSPropertyOp26
 70
     1
102
RTVSPropertyOp27
 70
     1
102
RTVSPropertyOp28
 70
     1
102
RTVSPropertyOp29
 70
     1
102
RTVSPropertyOp30
 70
     1
102
RTVSPropertyOp31
 70
     1
102
RTVSPropertyOp32
 70
     1
102
RTVSPropertyOp33
 70
     1
102
RTVSPropertyOp34
 70
     1
102
RTVSPropertyOp35
 70
     1
102
RTVSPropertyOp36
 70
     1
102
RTVSPropertyOp37
 70
     1
102
RTVSPropertyOp38
 70
     1
102
RTVSPropertyOp39
 70
     1
102
RTVSPropertyOp40
 70
     1
102
RTVSPropertyOp41
 70
     1
102
RTVSPropertyOp42
 70
     1
102
RTVSPropertyOp43
 70
     1
102
RTVSPropertyOp44
 70
     1
102
RTVSPropertyOp45
 70
     1
102
RTVSPropertyOp46
 70
     1
102
RTVSPropertyOp47
 70
     1
102
RTVSPropertyOp48
 70
     1
102
RTVSPropertyOp49
 70
     1
102
RTVSPropertyOp50
 70
     1
102
RTVSPropertyOp51
 70
     0
102
RTVSPropertyOp52
 70
     0
102
RTVSPropertyOp53
 70
     1
102
RTVSPropertyOp54
 70
     1
102
RTVSPropertyOp55
 70
     1
102
RTVSPropertyOp56
 70
     1
102
RTVSPropertyOp57
 70
     1
102
RTVSPost2010Prop28
280
     0
102
RTVSPost2010PropOp28
 70
     1
102
RTVSPost2010Prop29
280
     1
102
RTVSPost2010PropOp29
 70
     1
102
RTVSPost2010Prop30
280
     1
102
RTVSPost2010PropOp30
 70
     1
102
RTVSPost2010Prop31
280
     0
102
RTVSPost2010PropOp31
 70
     1
102
RTVSPost2010Prop32
280
     0
102
RTVSPost2010PropOp32
 70
     1
102
RTVSPost2010Prop33
280
     0
102
RTVSPost2010PropOp33
 70
     1
102
RTVSPost2010Prop34
280
     0
102
RTVSPost2010PropOp34
 70
     1
102
RTVSPost2010Prop35
280
     0
102
RTVSPost2010PropOp35
 70
     1
102
RTVSPost2010Prop36
280
     0
102
RTVSPost2010PropOp36
 70
     1
102
RTVSPost2010Prop37
 90
       50
102
RTVSPost2010PropOp37
 70
     1
102
RTVSPost2010Prop38
140
0.0
102
RTVSPost2010PropOp38
 70
     1
102
RTVSPost2010Prop39
140
1.0
102
RTVSPost2010PropOp39
 70
     1
102
RTVSPost2010Prop40
 90
        0
102
RTVSPost2010PropOp40
 70
     1
102
RTVSPost2010Prop41ColorIndex
 90
       18
102
RTVSPost2010Prop41ColorRGB
 90
        0
102
RTVSPost2010PropOp41
 70
     1
102
RTVSPost2010Prop42
 90
       50
102
RTVSPost2010PropOp42
 70
     1
102
RTVSPost2010Prop43
 90
        3
102
RTVSPost2010PropOp43
 70
     1
102
RTVSPost2010Prop44ColorIndex
 90
        5
102
RTVSPost2010Prop44ColorRGB
 90
      255
102
RTVSPost2010PropOp44
 70
     1
102
RTVSPost2010Prop45
280
     0
102
RTVSPost2010PropOp45
 70
     1
102
RTVSPost2010Prop46
 90
       50
102
RTVSPost2010PropOp46
 70
     1
102
RTVSPost2010Prop47
 90
       50
102
RTVSPost2010PropOp47
 70
     1
102
RTVSPost2010Prop48
 90
       50
102
RTVSPost2010PropOp48
 70
     1
102
RTVSPost2010Prop49
280
     0
102
RTVSPost2010PropOp49
 70
     1
102
RTVSPost2010Prop50
 90
       50
102
RTVSPost2010PropOp50
 70
     1
102
RTVSPost2010Prop51ColorIndex
 90
      256
102
RTVSPost2010Prop51ColorRGB
 90
-16777216
102
RTVSPost2010PropOp51
 70
     0
102
RTVSPost2010Prop52
140
1.0
102
RTVSPost2010PropOp52
 70
     0
102
RTVSPost2010Prop53
 90
        2
102
RTVSPost2010PropOp53
 70
     1
102
RTVSPost2010Prop54
  1
strokes_ogs.tif
102
RTVSPost2010PropOp54
 70
     1
102
RTVSPost2010Prop55
280
     0
102
RTVSPost2010PropOp55
 70
     1
102
RTVSPost2010Prop56
140
1.0
102
RTVSPost2010PropOp56
 70
     1
102
RTVSPost2010Prop57
140
1.0
102
RTVSPost2010PropOp57
 70
     1
  0
XRECORD
  5
57C
102
{ACAD_REACTORS
330
57B
102
}
330
57B
100
AcDbXrecord
280
     1
102
RTVSPropertyOp0
 70
     1
102
RTVSPropertyOp1
 70
     1
102
RTVSPropertyOp2
 70
     1
102
RTVSPropertyOp3
 70
     1
102
RTVSPropertyOp4
 70
     1
102
RTVSPropertyOp5
 70
     1
102
RTVSPropertyOp6
 70
     1
102
RTVSPropertyOp7
 70
     1
102
RTVSPropertyOp8
 70
     1
102
RTVSPropertyOp9
 70
     1
102
RTVSPropertyOp10
 70
     1
102
RTVSPropertyOp11
 70
     1
102
RTVSPropertyOp12
 70
     1
102
RTVSPropertyOp13
 70
     1
102
RTVSPropertyOp14
 70
     1
102
RTVSPropertyOp15
 70
     1
102
RTVSPropertyOp16
 70
     1
102
RTVSPropertyOp17
 70
     1
102
RTVSPropertyOp18
 70
     1
102
RTVSPropertyOp19
 70
     1
102
RTVSPropertyOp20
 70
     1
102
RTVSPropertyOp21
 70
     1
102
RTVSPropertyOp22
 70
     1
102
RTVSPropertyOp23
 70
     1
102
RTVSPropertyOp24
 70
     1
102
RTVSPropertyOp25
 70
     1
102
RTVSPropertyOp26
 70
     1
102
RTVSPropertyOp27
 70
     1
102
RTVSPropertyOp28
 70
     1
102
RTVSPropertyOp29
 70
     1
102
RTVSPropertyOp30
 70
     1
102
RTVSPropertyOp31
 70
     1
102
RTVSPropertyOp32
 70
     1
102
RTVSPropertyOp33
 70
     1
102
RTVSPropertyOp34
 70
     1
102
RTVSPropertyOp35
 70
     1
102
RTVSPropertyOp36
 70
     1
102
RTVSPropertyOp37
 70
     1
102
RTVSPropertyOp38
 70
     1
102
RTVSPropertyOp39
 70
     1
102
RTVSPropertyOp40
 70
     1
102
RTVSPropertyOp41
 70
     1
102
RTVSPropertyOp42
 70
     1
102
RTVSPropertyOp43
 70
     1
102
RTVSPropertyOp44
 70
     1
102
RTVSPropertyOp45
 70
     1
102
RTVSPropertyOp46
 70
     1
102
RTVSPropertyOp47
 70
     1
102
RTVSPropertyOp48
 70
     1
102
RTVSPropertyOp49
 70
     1
102
RTVSPropertyOp50
 70
     1
102
RTVSPropertyOp51
 70
     0
102
RTVSPropertyOp52
 70
     0
102
RTVSPropertyOp53
 70
     1
102
RTVSPropertyOp54
 70
     1
102
RTVSPropertyOp55
 70
     1
102
RTVSPropertyOp56
 70
     1
102
RTVSPropertyOp57
 70
     1
102
RTVSPost2010Prop28
280
     0
102
RTVSPost2010PropOp28
 70
     1
102
RTVSPost2010Prop29
280
     1
102
RTVSPost2010PropOp29
 70
     1
102
RTVSPost2010Prop30
280
     1
102
RTVSPost2010PropOp30
 70
     1
102
RTVSPost2010Prop31
280
     0
102
RTVSPost2010PropOp31
 70
     1
102
RTVSPost2010Prop32
280
     0
102
RTVSPost2010PropOp32
 70
     1
102
RTVSPost2010Prop33
280
     0
102
RTVSPost2010PropOp33
 70
     1
102
RTVSPost2010Prop34
280
     0
102
RTVSPost2010PropOp34
 70
     1
102
RTVSPost2010Prop35
280
     0
102
RTVSPost2010PropOp35
 70
     1
102
RTVSPost2010Prop36
280
     0
102
RTVSPost2010PropOp36
 70
     1
102
RTVSPost2010Prop37
 90
       50
102
RTVSPost2010PropOp37
 70
     1
102
RTVSPost2010Prop38
140
0.0
102
RTVSPost2010PropOp38
 70
     1
102
RTVSPost2010Prop39
140
1.0
102
RTVSPost2010PropOp39
 70
     1
102
RTVSPost2010Prop40
 90
        0
102
RTVSPost2010PropOp40
 70
     1
102
RTVSPost2010Prop41ColorIndex
 90
       18
102
RTVSPost2010Prop41ColorRGB
 90
        0
102
RTVSPost2010PropOp41
 70
     1
102
RTVSPost2010Prop42
 90
       50
102
RTVSPost2010PropOp42
 70
     1
102
RTVSPost2010Prop43
 90
        3
102
RTVSPost2010PropOp43
 70
     1
102
RTVSPost2010Prop44ColorIndex
 90
        5
102
RTVSPost2010Prop44ColorRGB
 90
      255
102
RTVSPost2010PropOp44
 70
     1
102
RTVSPost2010Prop45
280
     0
102
RTVSPost2010PropOp45
 70
     1
102
RTVSPost2010Prop46
 90
       50
102
RTVSPost2010PropOp46
 70
     1
102
RTVSPost2010Prop47
 90
       50
102
RTVSPost2010PropOp47
 70
     1
102
RTVSPost2010Prop48
 90
       50
102
RTVSPost2010PropOp48
 70
     1
102
RTVSPost2010Prop49
280
     0
102
RTVSPost2010PropOp49
 70
     1
102
RTVSPost2010Prop50
 90
       50
102
RTVSPost2010PropOp50
 70
     1
102
RTVSPost2010Prop51ColorIndex
 90
      256
102
RTVSPost2010Prop51ColorRGB
 90
-16777216
102
RTVSPost2010PropOp51
 70
     0
102
RTVSPost2010Prop52
140
1.0
102
RTVSPost2010PropOp52
 70
     0
102
RTVSPost2010Prop53
 90
        2
102
RTVSPost2010PropOp53
 70
     1
102
RTVSPost2010Prop54
  1
strokes_ogs.tif
102
RTVSPost2010PropOp54
 70
     1
102
RTVSPost2010Prop55
280
     0
102
RTVSPost2010PropOp55
 70
     1
102
RTVSPost2010Prop56
140
1.0
102
RTVSPost2010PropOp56
 70
     1
102
RTVSPost2010Prop57
140
1.0
102
RTVSPost2010PropOp57
 70
     1
  0
XRECORD
  5
590
102
{ACAD_REACTORS
330
58F
102
}
330
58F
100
AcDbXrecord
280
     1
102
RTVSPropertyOp0
 70
     0
102
RTVSPropertyOp1
 70
     0
102
RTVSPropertyOp2
 70
     0
102
RTVSPropertyOp3
 70
     0
102
RTVSPropertyOp4
 70
     0
102
RTVSPropertyOp5
 70
     0
102
RTVSPropertyOp6
 70
     0
102
RTVSPropertyOp7
 70
     0
102
RTVSPropertyOp8
 70
     0
102
RTVSPropertyOp9
 70
     0
102
RTVSPropertyOp10
 70
     0
102
RTVSPropertyOp11
 70
     0
102
RTVSPropertyOp12
 70
     0
102
RTVSPropertyOp13
 70
     0
102
RTVSPropertyOp14
 70
     2
102
RTVSPropertyOp15
 70
     0
102
RTVSPropertyOp16
 70
     0
102
RTVSPropertyOp17
 70
     0
102
RTVSPropertyOp18
 70
     0
102
RTVSPropertyOp19
 70
     0
102
RTVSPropertyOp20
 70
     0
102
RTVSPropertyOp21
 70
     0
102
RTVSPropertyOp22
 70
     0
102
RTVSPropertyOp23
 70
     0
102
RTVSPropertyOp24
 70
     0
102
RTVSPropertyOp25
 70
     0
102
RTVSPropertyOp26
 70
     0
102
RTVSPropertyOp27
 70
     0
102
RTVSPropertyOp28
 70
     0
102
RTVSPropertyOp29
 70
     0
102
RTVSPropertyOp30
 70
     0
102
RTVSPropertyOp31
 70
     0
102
RTVSPropertyOp32
 70
     0
102
RTVSPropertyOp33
 70
     0
102
RTVSPropertyOp34
 70
     0
102
RTVSPropertyOp35
 70
     0
102
RTVSPropertyOp36
 70
     0
102
RTVSPropertyOp37
 70
     0
102
RTVSPropertyOp38
 70
     0
102
RTVSPropertyOp39
 70
     0
102
RTVSPropertyOp40
 70
     0
102
RTVSPropertyOp41
 70
     0
102
RTVSPropertyOp42
 70
     0
102
RTVSPropertyOp43
 70
     0
102
RTVSPropertyOp44
 70
     0
102
RTVSPropertyOp45
 70
     0
102
RTVSPropertyOp46
 70
     0
102
RTVSPropertyOp47
 70
     0
102
RTVSPropertyOp48
 70
     0
102
RTVSPropertyOp49
 70
     0
102
RTVSPropertyOp50
 70
     0
102
RTVSPropertyOp51
 70
     0
102
RTVSPropertyOp52
 70
     0
102
RTVSPropertyOp53
 70
     0
102
RTVSPropertyOp54
 70
     0
102
RTVSPropertyOp55
 70
     0
102
RTVSPropertyOp56
 70
     0
102
RTVSPropertyOp57
 70
     0
102
RTVSPost2010Prop28
280
     0
102
RTVSPost2010PropOp28
 70
     0
102
RTVSPost2010Prop29
280
     1
102
RTVSPost2010PropOp29
 70
     0
102
RTVSPost2010Prop30
280
     1
102
RTVSPost2010PropOp30
 70
     0
102
RTVSPost2010Prop31
280
     0
102
RTVSPost2010PropOp31
 70
     0
102
RTVSPost2010Prop32
280
     0
102
RTVSPost2010PropOp32
 70
     0
102
RTVSPost2010Prop33
280
     0
102
RTVSPost2010PropOp33
 70
     0
102
RTVSPost2010Prop34
280
     0
102
RTVSPost2010PropOp34
 70
     0
102
RTVSPost2010Prop35
280
     0
102
RTVSPost2010PropOp35
 70
     0
102
RTVSPost2010Prop36
280
     0
102
RTVSPost2010PropOp36
 70
     0
102
RTVSPost2010Prop37
 90
       50
102
RTVSPost2010PropOp37
 70
     0
102
RTVSPost2010Prop38
140
0.0
102
RTVSPost2010PropOp38
 70
     0
102
RTVSPost2010Prop39
140
1.0
102
RTVSPost2010PropOp39
 70
     0
102
RTVSPost2010Prop40
 90
        0
102
RTVSPost2010PropOp40
 70
     0
102
RTVSPost2010Prop41ColorIndex
 90
       18
102
RTVSPost2010Prop41ColorRGB
 90
        0
102
RTVSPost2010PropOp41
 70
     0
102
RTVSPost2010Prop42
 90
       50
102
RTVSPost2010PropOp42
 70
     0
102
RTVSPost2010Prop43
 90
        3
102
RTVSPost2010PropOp43
 70
     0
102
RTVSPost2010Prop44ColorIndex
 90
        5
102
RTVSPost2010Prop44ColorRGB
 90
      255
102
RTVSPost2010PropOp44
 70
     0
102
RTVSPost2010Prop45
280
     0
102
RTVSPost2010PropOp45
 70
     0
102
RTVSPost2010Prop46
 90
       50
102
RTVSPost2010PropOp46
 70
     0
102
RTVSPost2010Prop47
 90
       50
102
RTVSPost2010PropOp47
 70
     0
102
RTVSPost2010Prop48
 90
       50
102
RTVSPost2010PropOp48
 70
     0
102
RTVSPost2010Prop49
280
     0
102
RTVSPost2010PropOp49
 70
     0
102
RTVSPost2010Prop50
 90
       50
102
RTVSPost2010PropOp50
 70
     0
102
RTVSPost2010Prop51ColorIndex
 90
      256
102
RTVSPost2010Prop51ColorRGB
 90
-16777216
102
RTVSPost2010PropOp51
 70
     0
102
RTVSPost2010Prop52
140
1.0
102
RTVSPost2010PropOp52
 70
     0
102
RTVSPost2010Prop53
 90
        2
102
RTVSPost2010PropOp53
 70
     0
102
RTVSPost2010Prop54
  1
strokes_ogs.tif
102
RTVSPost2010PropOp54
 70
     0
102
RTVSPost2010Prop55
280
     0
102
RTVSPost2010PropOp55
 70
     0
102
RTVSPost2010Prop56
140
1.0
102
RTVSPost2010PropOp56
 70
     0
102
RTVSPost2010Prop57
140
1.0
102
RTVSPost2010PropOp57
 70
     0
  0
XRECORD
  5
58A
102
{ACAD_REACTORS
330
589
102
}
330
589
100
AcDbXrecord
280
     1
102
RTVSPropertyOp0
 70
     1
102
RTVSPropertyOp1
 70
     1
102
RTVSPropertyOp2
 70
     1
102
RTVSPropertyOp3
 70
     1
102
RTVSPropertyOp4
 70
     1
102
RTVSPropertyOp5
 70
     1
102
RTVSPropertyOp6
 70
     1
102
RTVSPropertyOp7
 70
     1
102
RTVSPropertyOp8
 70
     1
102
RTVSPropertyOp9
 70
     1
102
RTVSPropertyOp10
 70
     1
102
RTVSPropertyOp11
 70
     1
102
RTVSPropertyOp12
 70
     1
102
RTVSPropertyOp13
 70
     1
102
RTVSPropertyOp14
 70
     1
102
RTVSPropertyOp15
 70
     1
102
RTVSPropertyOp16
 70
     1
102
RTVSPropertyOp17
 70
     1
102
RTVSPropertyOp18
 70
     1
102
RTVSPropertyOp19
 70
     1
102
RTVSPropertyOp20
 70
     1
102
RTVSPropertyOp21
 70
     1
102
RTVSPropertyOp22
 70
     1
102
RTVSPropertyOp23
 70
     1
102
RTVSPropertyOp24
 70
     1
102
RTVSPropertyOp25
 70
     1
102
RTVSPropertyOp26
 70
     1
102
RTVSPropertyOp27
 70
     1
102
RTVSPropertyOp28
 70
     1
102
RTVSPropertyOp29
 70
     1
102
RTVSPropertyOp30
 70
     1
102
RTVSPropertyOp31
 70
     1
102
RTVSPropertyOp32
 70
     1
102
RTVSPropertyOp33
 70
     1
102
RTVSPropertyOp34
 70
     1
102
RTVSPropertyOp35
 70
     1
102
RTVSPropertyOp36
 70
     1
102
RTVSPropertyOp37
 70
     1
102
RTVSPropertyOp38
 70
     1
102
RTVSPropertyOp39
 70
     1
102
RTVSPropertyOp40
 70
     1
102
RTVSPropertyOp41
 70
     1
102
RTVSPropertyOp42
 70
     1
102
RTVSPropertyOp43
 70
     1
102
RTVSPropertyOp44
 70
     1
102
RTVSPropertyOp45
 70
     1
102
RTVSPropertyOp46
 70
     1
102
RTVSPropertyOp47
 70
     1
102
RTVSPropertyOp48
 70
     1
102
RTVSPropertyOp49
 70
     1
102
RTVSPropertyOp50
 70
     1
102
RTVSPropertyOp51
 70
     0
102
RTVSPropertyOp52
 70
     0
102
RTVSPropertyOp53
 70
     1
102
RTVSPropertyOp54
 70
     1
102
RTVSPropertyOp55
 70
     1
102
RTVSPropertyOp56
 70
     1
102
RTVSPropertyOp57
 70
     1
102
RTVSPost2010Prop28
280
     0
102
RTVSPost2010PropOp28
 70
     1
102
RTVSPost2010Prop29
280
     1
102
RTVSPost2010PropOp29
 70
     1
102
RTVSPost2010Prop30
280
     1
102
RTVSPost2010PropOp30
 70
     1
102
RTVSPost2010Prop31
280
     0
102
RTVSPost2010PropOp31
 70
     1
102
RTVSPost2010Prop32
280
     0
102
RTVSPost2010PropOp32
 70
     1
102
RTVSPost2010Prop33
280
     0
102
RTVSPost2010PropOp33
 70
     1
102
RTVSPost2010Prop34
280
     0
102
RTVSPost2010PropOp34
 70
     1
102
RTVSPost2010Prop35
280
     0
102
RTVSPost2010PropOp35
 70
     1
102
RTVSPost2010Prop36
280
     0
102
RTVSPost2010PropOp36
 70
     1
102
RTVSPost2010Prop37
 90
       50
102
RTVSPost2010PropOp37
 70
     1
102
RTVSPost2010Prop38
140
0.0
102
RTVSPost2010PropOp38
 70
     1
102
RTVSPost2010Prop39
140
1.0
102
RTVSPost2010PropOp39
 70
     1
102
RTVSPost2010Prop40
 90
        0
102
RTVSPost2010PropOp40
 70
     1
102
RTVSPost2010Prop41ColorIndex
 90
       18
102
RTVSPost2010Prop41ColorRGB
 90
        0
102
RTVSPost2010PropOp41
 70
     1
102
RTVSPost2010Prop42
 90
       50
102
RTVSPost2010PropOp42
 70
     1
102
RTVSPost2010Prop43
 90
        3
102
RTVSPost2010PropOp43
 70
     1
102
RTVSPost2010Prop44ColorIndex
 90
        5
102
RTVSPost2010Prop44ColorRGB
 90
      255
102
RTVSPost2010PropOp44
 70
     1
102
RTVSPost2010Prop45
280
     0
102
RTVSPost2010PropOp45
 70
     1
102
RTVSPost2010Prop46
 90
       50
102
RTVSPost2010PropOp46
 70
     1
102
RTVSPost2010Prop47
 90
       50
102
RTVSPost2010PropOp47
 70
     1
102
RTVSPost2010Prop48
 90
       50
102
RTVSPost2010PropOp48
 70
     1
102
RTVSPost2010Prop49
280
     0
102
RTVSPost2010PropOp49
 70
     1
102
RTVSPost2010Prop50
 90
       50
102
RTVSPost2010PropOp50
 70
     1
102
RTVSPost2010Prop51ColorIndex
 90
      256
102
RTVSPost2010Prop51ColorRGB
 90
-16777216
102
RTVSPost2010PropOp51
 70
     0
102
RTVSPost2010Prop52
140
1.0
102
RTVSPost2010PropOp52
 70
     0
102
RTVSPost2010Prop53
 90
        2
102
RTVSPost2010PropOp53
 70
     1
102
RTVSPost2010Prop54
  1
strokes_ogs.tif
102
RTVSPost2010PropOp54
 70
     1
102
RTVSPost2010Prop55
280
     0
102
RTVSPost2010PropOp55
 70
     1
102
RTVSPost2010Prop56
140
1.0
102
RTVSPost2010PropOp56
 70
     1
102
RTVSPost2010Prop57
140
1.0
102
RTVSPost2010PropOp57
 70
     1
  0
XRECORD
  5
592
102
{ACAD_REACTORS
330
591
102
}
330
591
100
AcDbXrecord
280
     1
102
RTVSPropertyOp0
 70
     0
102
RTVSPropertyOp1
 70
     0
102
RTVSPropertyOp2
 70
     0
102
RTVSPropertyOp3
 70
     0
102
RTVSPropertyOp4
 70
     0
102
RTVSPropertyOp5
 70
     0
102
RTVSPropertyOp6
 70
     0
102
RTVSPropertyOp7
 70
     0
102
RTVSPropertyOp8
 70
     0
102
RTVSPropertyOp9
 70
     0
102
RTVSPropertyOp10
 70
     0
102
RTVSPropertyOp11
 70
     0
102
RTVSPropertyOp12
 70
     0
102
RTVSPropertyOp13
 70
     0
102
RTVSPropertyOp14
 70
     2
102
RTVSPropertyOp15
 70
     0
102
RTVSPropertyOp16
 70
     0
102
RTVSPropertyOp17
 70
     0
102
RTVSPropertyOp18
 70
     0
102
RTVSPropertyOp19
 70
     0
102
RTVSPropertyOp20
 70
     0
102
RTVSPropertyOp21
 70
     0
102
RTVSPropertyOp22
 70
     0
102
RTVSPropertyOp23
 70
     0
102
RTVSPropertyOp24
 70
     0
102
RTVSPropertyOp25
 70
     0
102
RTVSPropertyOp26
 70
     0
102
RTVSPropertyOp27
 70
     0
102
RTVSPropertyOp28
 70
     0
102
RTVSPropertyOp29
 70
     0
102
RTVSPropertyOp30
 70
     0
102
RTVSPropertyOp31
 70
     0
102
RTVSPropertyOp32
 70
     0
102
RTVSPropertyOp33
 70
     0
102
RTVSPropertyOp34
 70
     0
102
RTVSPropertyOp35
 70
     0
102
RTVSPropertyOp36
 70
     0
102
RTVSPropertyOp37
 70
     0
102
RTVSPropertyOp38
 70
     0
102
RTVSPropertyOp39
 70
     0
102
RTVSPropertyOp40
 70
     0
102
RTVSPropertyOp41
 70
     0
102
RTVSPropertyOp42
 70
     0
102
RTVSPropertyOp43
 70
     0
102
RTVSPropertyOp44
 70
     0
102
RTVSPropertyOp45
 70
     0
102
RTVSPropertyOp46
 70
     0
102
RTVSPropertyOp47
 70
     0
102
RTVSPropertyOp48
 70
     0
102
RTVSPropertyOp49
 70
     0
102
RTVSPropertyOp50
 70
     0
102
RTVSPropertyOp51
 70
     0
102
RTVSPropertyOp52
 70
     0
102
RTVSPropertyOp53
 70
     0
102
RTVSPropertyOp54
 70
     0
102
RTVSPropertyOp55
 70
     0
102
RTVSPropertyOp56
 70
     0
102
RTVSPropertyOp57
 70
     0
102
RTVSPost2010Prop28
280
     0
102
RTVSPost2010PropOp28
 70
     0
102
RTVSPost2010Prop29
280
     1
102
RTVSPost2010PropOp29
 70
     0
102
RTVSPost2010Prop30
280
     1
102
RTVSPost2010PropOp30
 70
     0
102
RTVSPost2010Prop31
280
     0
102
RTVSPost2010PropOp31
 70
     0
102
RTVSPost2010Prop32
280
     0
102
RTVSPost2010PropOp32
 70
     0
102
RTVSPost2010Prop33
280
     0
102
RTVSPost2010PropOp33
 70
     0
102
RTVSPost2010Prop34
280
     0
102
RTVSPost2010PropOp34
 70
     0
102
RTVSPost2010Prop35
280
     0
102
RTVSPost2010PropOp35
 70
     0
102
RTVSPost2010Prop36
280
     0
102
RTVSPost2010PropOp36
 70
     0
102
RTVSPost2010Prop37
 90
       50
102
RTVSPost2010PropOp37
 70
     0
102
RTVSPost2010Prop38
140
0.0
102
RTVSPost2010PropOp38
 70
     0
102
RTVSPost2010Prop39
140
1.0
102
RTVSPost2010PropOp39
 70
     0
102
RTVSPost2010Prop40
 90
        0
102
RTVSPost2010PropOp40
 70
     0
102
RTVSPost2010Prop41ColorIndex
 90
       18
102
RTVSPost2010Prop41ColorRGB
 90
        0
102
RTVSPost2010PropOp41
 70
     0
102
RTVSPost2010Prop42
 90
       50
102
RTVSPost2010PropOp42
 70
     0
102
RTVSPost2010Prop43
 90
        3
102
RTVSPost2010PropOp43
 70
     0
102
RTVSPost2010Prop44ColorIndex
 90
        5
102
RTVSPost2010Prop44ColorRGB
 90
      255
102
RTVSPost2010PropOp44
 70
     0
102
RTVSPost2010Prop45
280
     0
102
RTVSPost2010PropOp45
 70
     0
102
RTVSPost2010Prop46
 90
       50
102
RTVSPost2010PropOp46
 70
     0
102
RTVSPost2010Prop47
 90
       50
102
RTVSPost2010PropOp47
 70
     0
102
RTVSPost2010Prop48
 90
       50
102
RTVSPost2010PropOp48
 70
     0
102
RTVSPost2010Prop49
280
     0
102
RTVSPost2010PropOp49
 70
     0
102
RTVSPost2010Prop50
 90
       50
102
RTVSPost2010PropOp50
 70
     0
102
RTVSPost2010Prop51ColorIndex
 90
      256
102
RTVSPost2010Prop51ColorRGB
 90
-16777216
102
RTVSPost2010PropOp51
 70
     0
102
RTVSPost2010Prop52
140
1.0
102
RTVSPost2010PropOp52
 70
     0
102
RTVSPost2010Prop53
 90
        2
102
RTVSPost2010PropOp53
 70
     0
102
RTVSPost2010Prop54
  1
strokes_ogs.tif
102
RTVSPost2010PropOp54
 70
     0
102
RTVSPost2010Prop55
280
     0
102
RTVSPost2010PropOp55
 70
     0
102
RTVSPost2010Prop56
140
1.0
102
RTVSPost2010PropOp56
 70
     0
102
RTVSPost2010Prop57
140
1.0
102
RTVSPost2010PropOp57
 70
     0
  0
XRECORD
  5
580
102
{ACAD_REACTORS
330
57F
102
}
330
57F
100
AcDbXrecord
280
     1
102
RTVSPropertyOp0
 70
     1
102
RTVSPropertyOp1
 70
     1
102
RTVSPropertyOp2
 70
     1
102
RTVSPropertyOp3
 70
     1
102
RTVSPropertyOp4
 70
     1
102
RTVSPropertyOp5
 70
     1
102
RTVSPropertyOp6
 70
     1
102
RTVSPropertyOp7
 70
     1
102
RTVSPropertyOp8
 70
     1
102
RTVSPropertyOp9
 70
     1
102
RTVSPropertyOp10
 70
     1
102
RTVSPropertyOp11
 70
     1
102
RTVSPropertyOp12
 70
     1
102
RTVSPropertyOp13
 70
     1
102
RTVSPropertyOp14
 70
     1
102
RTVSPropertyOp15
 70
     1
102
RTVSPropertyOp16
 70
     1
102
RTVSPropertyOp17
 70
     1
102
RTVSPropertyOp18
 70
     1
102
RTVSPropertyOp19
 70
     1
102
RTVSPropertyOp20
 70
     1
102
RTVSPropertyOp21
 70
     1
102
RTVSPropertyOp22
 70
     1
102
RTVSPropertyOp23
 70
     1
102
RTVSPropertyOp24
 70
     1
102
RTVSPropertyOp25
 70
     1
102
RTVSPropertyOp26
 70
     1
102
RTVSPropertyOp27
 70
     1
102
RTVSPropertyOp28
 70
     1
102
RTVSPropertyOp29
 70
     1
102
RTVSPropertyOp30
 70
     1
102
RTVSPropertyOp31
 70
     1
102
RTVSPropertyOp32
 70
     1
102
RTVSPropertyOp33
 70
     1
102
RTVSPropertyOp34
 70
     1
102
RTVSPropertyOp35
 70
     1
102
RTVSPropertyOp36
 70
     1
102
RTVSPropertyOp37
 70
     1
102
RTVSPropertyOp38
 70
     1
102
RTVSPropertyOp39
 70
     1
102
RTVSPropertyOp40
 70
     1
102
RTVSPropertyOp41
 70
     1
102
RTVSPropertyOp42
 70
     1
102
RTVSPropertyOp43
 70
     1
102
RTVSPropertyOp44
 70
     1
102
RTVSPropertyOp45
 70
     1
102
RTVSPropertyOp46
 70
     1
102
RTVSPropertyOp47
 70
     1
102
RTVSPropertyOp48
 70
     1
102
RTVSPropertyOp49
 70
     1
102
RTVSPropertyOp50
 70
     1
102
RTVSPropertyOp51
 70
     0
102
RTVSPropertyOp52
 70
     0
102
RTVSPropertyOp53
 70
     1
102
RTVSPropertyOp54
 70
     1
102
RTVSPropertyOp55
 70
     1
102
RTVSPropertyOp56
 70
     1
102
RTVSPropertyOp57
 70
     1
102
RTVSPost2010Prop28
280
     0
102
RTVSPost2010PropOp28
 70
     1
102
RTVSPost2010Prop29
280
     1
102
RTVSPost2010PropOp29
 70
     1
102
RTVSPost2010Prop30
280
     1
102
RTVSPost2010PropOp30
 70
     1
102
RTVSPost2010Prop31
280
     0
102
RTVSPost2010PropOp31
 70
     1
102
RTVSPost2010Prop32
280
     0
102
RTVSPost2010PropOp32
 70
     1
102
RTVSPost2010Prop33
280
     0
102
RTVSPost2010PropOp33
 70
     1
102
RTVSPost2010Prop34
280
     0
102
RTVSPost2010PropOp34
 70
     1
102
RTVSPost2010Prop35
280
     0
102
RTVSPost2010PropOp35
 70
     1
102
RTVSPost2010Prop36
280
     0
102
RTVSPost2010PropOp36
 70
     1
102
RTVSPost2010Prop37
 90
       50
102
RTVSPost2010PropOp37
 70
     1
102
RTVSPost2010Prop38
140
0.0
102
RTVSPost2010PropOp38
 70
     1
102
RTVSPost2010Prop39
140
1.0
102
RTVSPost2010PropOp39
 70
     1
102
RTVSPost2010Prop40
 90
        0
102
RTVSPost2010PropOp40
 70
     1
102
RTVSPost2010Prop41ColorIndex
 90
       18
102
RTVSPost2010Prop41ColorRGB
 90
        0
102
RTVSPost2010PropOp41
 70
     1
102
RTVSPost2010Prop42
 90
       50
102
RTVSPost2010PropOp42
 70
     1
102
RTVSPost2010Prop43
 90
        3
102
RTVSPost2010PropOp43
 70
     1
102
RTVSPost2010Prop44ColorIndex
 90
        5
102
RTVSPost2010Prop44ColorRGB
 90
      255
102
RTVSPost2010PropOp44
 70
     1
102
RTVSPost2010Prop45
280
     0
102
RTVSPost2010PropOp45
 70
     1
102
RTVSPost2010Prop46
 90
       50
102
RTVSPost2010PropOp46
 70
     1
102
RTVSPost2010Prop47
 90
       50
102
RTVSPost2010PropOp47
 70
     1
102
RTVSPost2010Prop48
 90
       50
102
RTVSPost2010PropOp48
 70
     1
102
RTVSPost2010Prop49
280
     0
102
RTVSPost2010PropOp49
 70
     1
102
RTVSPost2010Prop50
 90
       50
102
RTVSPost2010PropOp50
 70
     1
102
RTVSPost2010Prop51ColorIndex
 90
      256
102
RTVSPost2010Prop51ColorRGB
 90
-16777216
102
RTVSPost2010PropOp51
 70
     0
102
RTVSPost2010Prop52
140
1.0
102
RTVSPost2010PropOp52
 70
     0
102
RTVSPost2010Prop53
 90
        2
102
RTVSPost2010PropOp53
 70
     1
102
RTVSPost2010Prop54
  1
strokes_ogs.tif
102
RTVSPost2010PropOp54
 70
     1
102
RTVSPost2010Prop55
280
     0
102
RTVSPost2010PropOp55
 70
     1
102
RTVSPost2010Prop56
140
1.0
102
RTVSPost2010PropOp56
 70
     1
102
RTVSPost2010Prop57
140
1.0
102
RTVSPost2010PropOp57
 70
     1
  0
XRECORD
  5
59E
102
{ACAD_REACTORS
330
59D
102
}
330
59D
100
AcDbXrecord
280
     1
102
RTVSPropertyOp0
 70
     1
102
RTVSPropertyOp1
 70
     1
102
RTVSPropertyOp2
 70
     1
102
RTVSPropertyOp3
 70
     1
102
RTVSPropertyOp4
 70
     1
102
RTVSPropertyOp5
 70
     1
102
RTVSPropertyOp6
 70
     1
102
RTVSPropertyOp7
 70
     1
102
RTVSPropertyOp8
 70
     1
102
RTVSPropertyOp9
 70
     1
102
RTVSPropertyOp10
 70
     1
102
RTVSPropertyOp11
 70
     1
102
RTVSPropertyOp12
 70
     1
102
RTVSPropertyOp13
 70
     1
102
RTVSPropertyOp14
 70
     1
102
RTVSPropertyOp15
 70
     1
102
RTVSPropertyOp16
 70
     1
102
RTVSPropertyOp17
 70
     1
102
RTVSPropertyOp18
 70
     1
102
RTVSPropertyOp19
 70
     1
102
RTVSPropertyOp20
 70
     1
102
RTVSPropertyOp21
 70
     1
102
RTVSPropertyOp22
 70
     1
102
RTVSPropertyOp23
 70
     1
102
RTVSPropertyOp24
 70
     1
102
RTVSPropertyOp25
 70
     1
102
RTVSPropertyOp26
 70
     1
102
RTVSPropertyOp27
 70
     1
102
RTVSPropertyOp28
 70
     1
102
RTVSPropertyOp29
 70
     1
102
RTVSPropertyOp30
 70
     1
102
RTVSPropertyOp31
 70
     1
102
RTVSPropertyOp32
 70
     1
102
RTVSPropertyOp33
 70
     1
102
RTVSPropertyOp34
 70
     1
102
RTVSPropertyOp35
 70
     1
102
RTVSPropertyOp36
 70
     1
102
RTVSPropertyOp37
 70
     1
102
RTVSPropertyOp38
 70
     1
102
RTVSPropertyOp39
 70
     1
102
RTVSPropertyOp40
 70
     1
102
RTVSPropertyOp41
 70
     1
102
RTVSPropertyOp42
 70
     1
102
RTVSPropertyOp43
 70
     1
102
RTVSPropertyOp44
 70
     1
102
RTVSPropertyOp45
 70
     1
102
RTVSPropertyOp46
 70
     1
102
RTVSPropertyOp47
 70
     1
102
RTVSPropertyOp48
 70
     1
102
RTVSPropertyOp49
 70
     1
102
RTVSPropertyOp50
 70
     1
102
RTVSPropertyOp51
 70
     0
102
RTVSPropertyOp52
 70
     0
102
RTVSPropertyOp53
 70
     1
102
RTVSPropertyOp54
 70
     1
102
RTVSPropertyOp55
 70
     1
102
RTVSPropertyOp56
 70
     1
102
RTVSPropertyOp57
 70
     1
102
RTVSPost2010Prop28
280
     0
102
RTVSPost2010PropOp28
 70
     1
102
RTVSPost2010Prop29
280
     1
102
RTVSPost2010PropOp29
 70
     1
102
RTVSPost2010Prop30
280
     1
102
RTVSPost2010PropOp30
 70
     1
102
RTVSPost2010Prop31
280
     0
102
RTVSPost2010PropOp31
 70
     1
102
RTVSPost2010Prop32
280
     0
102
RTVSPost2010PropOp32
 70
     1
102
RTVSPost2010Prop33
280
     0
102
RTVSPost2010PropOp33
 70
     1
102
RTVSPost2010Prop34
280
     0
102
RTVSPost2010PropOp34
 70
     1
102
RTVSPost2010Prop35
280
     0
102
RTVSPost2010PropOp35
 70
     1
102
RTVSPost2010Prop36
280
     0
102
RTVSPost2010PropOp36
 70
     1
102
RTVSPost2010Prop37
 90
       50
102
RTVSPost2010PropOp37
 70
     1
102
RTVSPost2010Prop38
140
0.0
102
RTVSPost2010PropOp38
 70
     1
102
RTVSPost2010Prop39
140
1.0
102
RTVSPost2010PropOp39
 70
     1
102
RTVSPost2010Prop40
 90
        0
102
RTVSPost2010PropOp40
 70
     1
102
RTVSPost2010Prop41ColorIndex
 90
       18
102
RTVSPost2010Prop41ColorRGB
 90
        0
102
RTVSPost2010PropOp41
 70
     1
102
RTVSPost2010Prop42
 90
       50
102
RTVSPost2010PropOp42
 70
     1
102
RTVSPost2010Prop43
 90
        3
102
RTVSPost2010PropOp43
 70
     1
102
RTVSPost2010Prop44ColorIndex
 90
        5
102
RTVSPost2010Prop44ColorRGB
 90
      255
102
RTVSPost2010PropOp44
 70
     1
102
RTVSPost2010Prop45
280
     0
102
RTVSPost2010PropOp45
 70
     1
102
RTVSPost2010Prop46
 90
       50
102
RTVSPost2010PropOp46
 70
     1
102
RTVSPost2010Prop47
 90
       50
102
RTVSPost2010PropOp47
 70
     1
102
RTVSPost2010Prop48
 90
       50
102
RTVSPost2010PropOp48
 70
     1
102
RTVSPost2010Prop49
280
     0
102
RTVSPost2010PropOp49
 70
     1
102
RTVSPost2010Prop50
 90
       50
102
RTVSPost2010PropOp50
 70
     1
102
RTVSPost2010Prop51ColorIndex
 90
      256
102
RTVSPost2010Prop51ColorRGB
 90
-16777216
102
RTVSPost2010PropOp51
 70
     0
102
RTVSPost2010Prop52
140
1.0
102
RTVSPost2010PropOp52
 70
     0
102
RTVSPost2010Prop53
 90
        2
102
RTVSPost2010PropOp53
 70
     1
102
RTVSPost2010Prop54
  1
strokes_ogs.tif
102
RTVSPost2010PropOp54
 70
     1
102
RTVSPost2010Prop55
280
     0
102
RTVSPost2010PropOp55
 70
     1
102
RTVSPost2010Prop56
140
1.0
102
RTVSPost2010PropOp56
 70
     1
102
RTVSPost2010Prop57
140
1.0
102
RTVSPost2010PropOp57
 70
     1
  0
XRECORD
  5
59C
102
{ACAD_REACTORS
330
59B
102
}
330
59B
100
AcDbXrecord
280
     1
102
RTVSPropertyOp0
 70
     1
102
RTVSPropertyOp1
 70
     1
102
RTVSPropertyOp2
 70
     1
102
RTVSPropertyOp3
 70
     1
102
RTVSPropertyOp4
 70
     1
102
RTVSPropertyOp5
 70
     1
102
RTVSPropertyOp6
 70
     1
102
RTVSPropertyOp7
 70
     1
102
RTVSPropertyOp8
 70
     1
102
RTVSPropertyOp9
 70
     1
102
RTVSPropertyOp10
 70
     1
102
RTVSPropertyOp11
 70
     1
102
RTVSPropertyOp12
 70
     1
102
RTVSPropertyOp13
 70
     1
102
RTVSPropertyOp14
 70
     1
102
RTVSPropertyOp15
 70
     1
102
RTVSPropertyOp16
 70
     1
102
RTVSPropertyOp17
 70
     1
102
RTVSPropertyOp18
 70
     1
102
RTVSPropertyOp19
 70
     1
102
RTVSPropertyOp20
 70
     1
102
RTVSPropertyOp21
 70
     1
102
RTVSPropertyOp22
 70
     1
102
RTVSPropertyOp23
 70
     1
102
RTVSPropertyOp24
 70
     1
102
RTVSPropertyOp25
 70
     1
102
RTVSPropertyOp26
 70
     1
102
RTVSPropertyOp27
 70
     1
102
RTVSPropertyOp28
 70
     1
102
RTVSPropertyOp29
 70
     1
102
RTVSPropertyOp30
 70
     1
102
RTVSPropertyOp31
 70
     1
102
RTVSPropertyOp32
 70
     1
102
RTVSPropertyOp33
 70
     1
102
RTVSPropertyOp34
 70
     1
102
RTVSPropertyOp35
 70
     1
102
RTVSPropertyOp36
 70
     1
102
RTVSPropertyOp37
 70
     1
102
RTVSPropertyOp38
 70
     1
102
RTVSPropertyOp39
 70
     1
102
RTVSPropertyOp40
 70
     1
102
RTVSPropertyOp41
 70
     1
102
RTVSPropertyOp42
 70
     1
102
RTVSPropertyOp43
 70
     1
102
RTVSPropertyOp44
 70
     1
102
RTVSPropertyOp45
 70
     1
102
RTVSPropertyOp46
 70
     1
102
RTVSPropertyOp47
 70
     1
102
RTVSPropertyOp48
 70
     1
102
RTVSPropertyOp49
 70
     1
102
RTVSPropertyOp50
 70
     1
102
RTVSPropertyOp51
 70
     0
102
RTVSPropertyOp52
 70
     0
102
RTVSPropertyOp53
 70
     1
102
RTVSPropertyOp54
 70
     1
102
RTVSPropertyOp55
 70
     1
102
RTVSPropertyOp56
 70
     1
102
RTVSPropertyOp57
 70
     1
102
RTVSPost2010Prop28
280
     0
102
RTVSPost2010PropOp28
 70
     1
102
RTVSPost2010Prop29
280
     1
102
RTVSPost2010PropOp29
 70
     1
102
RTVSPost2010Prop30
280
     1
102
RTVSPost2010PropOp30
 70
     1
102
RTVSPost2010Prop31
280
     0
102
RTVSPost2010PropOp31
 70
     1
102
RTVSPost2010Prop32
280
     0
102
RTVSPost2010PropOp32
 70
     1
102
RTVSPost2010Prop33
280
     0
102
RTVSPost2010PropOp33
 70
     1
102
RTVSPost2010Prop34
280
     0
102
RTVSPost2010PropOp34
 70
     1
102
RTVSPost2010Prop35
280
     0
102
RTVSPost2010PropOp35
 70
     1
102
RTVSPost2010Prop36
280
     0
102
RTVSPost2010PropOp36
 70
     1
102
RTVSPost2010Prop37
 90
       50
102
RTVSPost2010PropOp37
 70
     1
102
RTVSPost2010Prop38
140
0.0
102
RTVSPost2010PropOp38
 70
     1
102
RTVSPost2010Prop39
140
1.0
102
RTVSPost2010PropOp39
 70
     1
102
RTVSPost2010Prop40
 90
        0
102
RTVSPost2010PropOp40
 70
     1
102
RTVSPost2010Prop41ColorIndex
 90
       18
102
RTVSPost2010Prop41ColorRGB
 90
        0
102
RTVSPost2010PropOp41
 70
     1
102
RTVSPost2010Prop42
 90
       50
102
RTVSPost2010PropOp42
 70
     1
102
RTVSPost2010Prop43
 90
        3
102
RTVSPost2010PropOp43
 70
     1
102
RTVSPost2010Prop44ColorIndex
 90
        5
102
RTVSPost2010Prop44ColorRGB
 90
      255
102
RTVSPost2010PropOp44
 70
     1
102
RTVSPost2010Prop45
280
     0
102
RTVSPost2010PropOp45
 70
     1
102
RTVSPost2010Prop46
 90
       50
102
RTVSPost2010PropOp46
 70
     1
102
RTVSPost2010Prop47
 90
       50
102
RTVSPost2010PropOp47
 70
     1
102
RTVSPost2010Prop48
 90
       50
102
RTVSPost2010PropOp48
 70
     1
102
RTVSPost2010Prop49
280
     0
102
RTVSPost2010PropOp49
 70
     1
102
RTVSPost2010Prop50
 90
       50
102
RTVSPost2010PropOp50
 70
     1
102
RTVSPost2010Prop51ColorIndex
 90
      256
102
RTVSPost2010Prop51ColorRGB
 90
-16777216
102
RTVSPost2010PropOp51
 70
     0
102
RTVSPost2010Prop52
140
1.0
102
RTVSPost2010PropOp52
 70
     0
102
RTVSPost2010Prop53
 90
        2
102
RTVSPost2010PropOp53
 70
     1
102
RTVSPost2010Prop54
  1
strokes_ogs.tif
102
RTVSPost2010PropOp54
 70
     1
102
RTVSPost2010Prop55
280
     0
102
RTVSPost2010PropOp55
 70
     1
102
RTVSPost2010Prop56
140
1.0
102
RTVSPost2010PropOp56
 70
     1
102
RTVSPost2010Prop57
140
1.0
102
RTVSPost2010PropOp57
 70
     1
  0
XRECORD
  5
596
102
{ACAD_REACTORS
330
595
102
}
330
595
100
AcDbXrecord
280
     1
102
RTVSPropertyOp0
 70
     1
102
RTVSPropertyOp1
 70
     1
102
RTVSPropertyOp2
 70
     1
102
RTVSPropertyOp3
 70
     1
102
RTVSPropertyOp4
 70
     1
102
RTVSPropertyOp5
 70
     1
102
RTVSPropertyOp6
 70
     1
102
RTVSPropertyOp7
 70
     1
102
RTVSPropertyOp8
 70
     1
102
RTVSPropertyOp9
 70
     1
102
RTVSPropertyOp10
 70
     1
102
RTVSPropertyOp11
 70
     1
102
RTVSPropertyOp12
 70
     1
102
RTVSPropertyOp13
 70
     1
102
RTVSPropertyOp14
 70
     1
102
RTVSPropertyOp15
 70
     1
102
RTVSPropertyOp16
 70
     1
102
RTVSPropertyOp17
 70
     1
102
RTVSPropertyOp18
 70
     1
102
RTVSPropertyOp19
 70
     1
102
RTVSPropertyOp20
 70
     1
102
RTVSPropertyOp21
 70
     1
102
RTVSPropertyOp22
 70
     1
102
RTVSPropertyOp23
 70
     1
102
RTVSPropertyOp24
 70
     1
102
RTVSPropertyOp25
 70
     1
102
RTVSPropertyOp26
 70
     1
102
RTVSPropertyOp27
 70
     1
102
RTVSPropertyOp28
 70
     1
102
RTVSPropertyOp29
 70
     1
102
RTVSPropertyOp30
 70
     1
102
RTVSPropertyOp31
 70
     1
102
RTVSPropertyOp32
 70
     1
102
RTVSPropertyOp33
 70
     1
102
RTVSPropertyOp34
 70
     1
102
RTVSPropertyOp35
 70
     1
102
RTVSPropertyOp36
 70
     1
102
RTVSPropertyOp37
 70
     1
102
RTVSPropertyOp38
 70
     1
102
RTVSPropertyOp39
 70
     1
102
RTVSPropertyOp40
 70
     1
102
RTVSPropertyOp41
 70
     1
102
RTVSPropertyOp42
 70
     1
102
RTVSPropertyOp43
 70
     1
102
RTVSPropertyOp44
 70
     1
102
RTVSPropertyOp45
 70
     1
102
RTVSPropertyOp46
 70
     1
102
RTVSPropertyOp47
 70
     1
102
RTVSPropertyOp48
 70
     1
102
RTVSPropertyOp49
 70
     1
102
RTVSPropertyOp50
 70
     1
102
RTVSPropertyOp51
 70
     0
102
RTVSPropertyOp52
 70
     0
102
RTVSPropertyOp53
 70
     1
102
RTVSPropertyOp54
 70
     1
102
RTVSPropertyOp55
 70
     1
102
RTVSPropertyOp56
 70
     1
102
RTVSPropertyOp57
 70
     1
102
RTVSPost2010Prop28
280
     0
102
RTVSPost2010PropOp28
 70
     1
102
RTVSPost2010Prop29
280
     1
102
RTVSPost2010PropOp29
 70
     1
102
RTVSPost2010Prop30
280
     1
102
RTVSPost2010PropOp30
 70
     1
102
RTVSPost2010Prop31
280
     0
102
RTVSPost2010PropOp31
 70
     1
102
RTVSPost2010Prop32
280
     0
102
RTVSPost2010PropOp32
 70
     1
102
RTVSPost2010Prop33
280
     0
102
RTVSPost2010PropOp33
 70
     1
102
RTVSPost2010Prop34
280
     0
102
RTVSPost2010PropOp34
 70
     1
102
RTVSPost2010Prop35
280
     0
102
RTVSPost2010PropOp35
 70
     1
102
RTVSPost2010Prop36
280
     0
102
RTVSPost2010PropOp36
 70
     1
102
RTVSPost2010Prop37
 90
       50
102
RTVSPost2010PropOp37
 70
     1
102
RTVSPost2010Prop38
140
0.0
102
RTVSPost2010PropOp38
 70
     1
102
RTVSPost2010Prop39
140
1.0
102
RTVSPost2010PropOp39
 70
     1
102
RTVSPost2010Prop40
 90
        0
102
RTVSPost2010PropOp40
 70
     1
102
RTVSPost2010Prop41ColorIndex
 90
       18
102
RTVSPost2010Prop41ColorRGB
 90
        0
102
RTVSPost2010PropOp41
 70
     1
102
RTVSPost2010Prop42
 90
       50
102
RTVSPost2010PropOp42
 70
     1
102
RTVSPost2010Prop43
 90
        3
102
RTVSPost2010PropOp43
 70
     1
102
RTVSPost2010Prop44ColorIndex
 90
        5
102
RTVSPost2010Prop44ColorRGB
 90
      255
102
RTVSPost2010PropOp44
 70
     1
102
RTVSPost2010Prop45
280
     0
102
RTVSPost2010PropOp45
 70
     1
102
RTVSPost2010Prop46
 90
       50
102
RTVSPost2010PropOp46
 70
     1
102
RTVSPost2010Prop47
 90
       50
102
RTVSPost2010PropOp47
 70
     1
102
RTVSPost2010Prop48
 90
       50
102
RTVSPost2010PropOp48
 70
     1
102
RTVSPost2010Prop49
280
     0
102
RTVSPost2010PropOp49
 70
     1
102
RTVSPost2010Prop50
 90
       50
102
RTVSPost2010PropOp50
 70
     1
102
RTVSPost2010Prop51ColorIndex
 90
      256
102
RTVSPost2010Prop51ColorRGB
 90
-16777216
102
RTVSPost2010PropOp51
 70
     0
102
RTVSPost2010Prop52
140
1.0
102
RTVSPost2010PropOp52
 70
     0
102
RTVSPost2010Prop53
 90
        2
102
RTVSPost2010PropOp53
 70
     1
102
RTVSPost2010Prop54
  1
strokes_ogs.tif
102
RTVSPost2010PropOp54
 70
     1
102
RTVSPost2010Prop55
280
     0
102
RTVSPost2010PropOp55
 70
     1
102
RTVSPost2010Prop56
140
1.0
102
RTVSPost2010PropOp56
 70
     1
102
RTVSPost2010Prop57
140
1.0
102
RTVSPost2010PropOp57
 70
     1
  0
XRECORD
  5
598
102
{ACAD_REACTORS
330
597
102
}
330
597
100
AcDbXrecord
280
     1
102
RTVSPropertyOp0
 70
     1
102
RTVSPropertyOp1
 70
     1
102
RTVSPropertyOp2
 70
     1
102
RTVSPropertyOp3
 70
     1
102
RTVSPropertyOp4
 70
     1
102
RTVSPropertyOp5
 70
     1
102
RTVSPropertyOp6
 70
     1
102
RTVSPropertyOp7
 70
     1
102
RTVSPropertyOp8
 70
     1
102
RTVSPropertyOp9
 70
     1
102
RTVSPropertyOp10
 70
     1
102
RTVSPropertyOp11
 70
     1
102
RTVSPropertyOp12
 70
     1
102
RTVSPropertyOp13
 70
     1
102
RTVSPropertyOp14
 70
     1
102
RTVSPropertyOp15
 70
     1
102
RTVSPropertyOp16
 70
     1
102
RTVSPropertyOp17
 70
     1
102
RTVSPropertyOp18
 70
     1
102
RTVSPropertyOp19
 70
     1
102
RTVSPropertyOp20
 70
     1
102
RTVSPropertyOp21
 70
     1
102
RTVSPropertyOp22
 70
     1
102
RTVSPropertyOp23
 70
     1
102
RTVSPropertyOp24
 70
     1
102
RTVSPropertyOp25
 70
     1
102
RTVSPropertyOp26
 70
     1
102
RTVSPropertyOp27
 70
     1
102
RTVSPropertyOp28
 70
     1
102
RTVSPropertyOp29
 70
     1
102
RTVSPropertyOp30
 70
     1
102
RTVSPropertyOp31
 70
     1
102
RTVSPropertyOp32
 70
     1
102
RTVSPropertyOp33
 70
     1
102
RTVSPropertyOp34
 70
     1
102
RTVSPropertyOp35
 70
     1
102
RTVSPropertyOp36
 70
     1
102
RTVSPropertyOp37
 70
     1
102
RTVSPropertyOp38
 70
     1
102
RTVSPropertyOp39
 70
     1
102
RTVSPropertyOp40
 70
     1
102
RTVSPropertyOp41
 70
     1
102
RTVSPropertyOp42
 70
     1
102
RTVSPropertyOp43
 70
     1
102
RTVSPropertyOp44
 70
     1
102
RTVSPropertyOp45
 70
     1
102
RTVSPropertyOp46
 70
     1
102
RTVSPropertyOp47
 70
     1
102
RTVSPropertyOp48
 70
     1
102
RTVSPropertyOp49
 70
     1
102
RTVSPropertyOp50
 70
     1
102
RTVSPropertyOp51
 70
     0
102
RTVSPropertyOp52
 70
     0
102
RTVSPropertyOp53
 70
     1
102
RTVSPropertyOp54
 70
     1
102
RTVSPropertyOp55
 70
     1
102
RTVSPropertyOp56
 70
     1
102
RTVSPropertyOp57
 70
     1
102
RTVSPost2010Prop28
280
     0
102
RTVSPost2010PropOp28
 70
     1
102
RTVSPost2010Prop29
280
     1
102
RTVSPost2010PropOp29
 70
     1
102
RTVSPost2010Prop30
280
     1
102
RTVSPost2010PropOp30
 70
     1
102
RTVSPost2010Prop31
280
     0
102
RTVSPost2010PropOp31
 70
     1
102
RTVSPost2010Prop32
280
     0
102
RTVSPost2010PropOp32
 70
     1
102
RTVSPost2010Prop33
280
     0
102
RTVSPost2010PropOp33
 70
     1
102
RTVSPost2010Prop34
280
     0
102
RTVSPost2010PropOp34
 70
     1
102
RTVSPost2010Prop35
280
     0
102
RTVSPost2010PropOp35
 70
     1
102
RTVSPost2010Prop36
280
     0
102
RTVSPost2010PropOp36
 70
     1
102
RTVSPost2010Prop37
 90
       50
102
RTVSPost2010PropOp37
 70
     1
102
RTVSPost2010Prop38
140
0.0
102
RTVSPost2010PropOp38
 70
     1
102
RTVSPost2010Prop39
140
1.0
102
RTVSPost2010PropOp39
 70
     1
102
RTVSPost2010Prop40
 90
        0
102
RTVSPost2010PropOp40
 70
     1
102
RTVSPost2010Prop41ColorIndex
 90
       18
102
RTVSPost2010Prop41ColorRGB
 90
        0
102
RTVSPost2010PropOp41
 70
     1
102
RTVSPost2010Prop42
 90
       50
102
RTVSPost2010PropOp42
 70
     1
102
RTVSPost2010Prop43
 90
        3
102
RTVSPost2010PropOp43
 70
     1
102
RTVSPost2010Prop44ColorIndex
 90
        5
102
RTVSPost2010Prop44ColorRGB
 90
      255
102
RTVSPost2010PropOp44
 70
     1
102
RTVSPost2010Prop45
280
     0
102
RTVSPost2010PropOp45
 70
     1
102
RTVSPost2010Prop46
 90
       50
102
RTVSPost2010PropOp46
 70
     1
102
RTVSPost2010Prop47
 90
       50
102
RTVSPost2010PropOp47
 70
     1
102
RTVSPost2010Prop48
 90
       50
102
RTVSPost2010PropOp48
 70
     1
102
RTVSPost2010Prop49
280
     0
102
RTVSPost2010PropOp49
 70
     1
102
RTVSPost2010Prop50
 90
       50
102
RTVSPost2010PropOp50
 70
     1
102
RTVSPost2010Prop51ColorIndex
 90
      256
102
RTVSPost2010Prop51ColorRGB
 90
-16777216
102
RTVSPost2010PropOp51
 70
     0
102
RTVSPost2010Prop52
140
1.0
102
RTVSPost2010PropOp52
 70
     0
102
RTVSPost2010Prop53
 90
        2
102
RTVSPost2010PropOp53
 70
     1
102
RTVSPost2010Prop54
  1
strokes_ogs.tif
102
RTVSPost2010PropOp54
 70
     1
102
RTVSPost2010Prop55
280
     0
102
RTVSPost2010PropOp55
 70
     1
102
RTVSPost2010Prop56
140
1.0
102
RTVSPost2010PropOp56
 70
     1
102
RTVSPost2010Prop57
140
1.0
102
RTVSPost2010PropOp57
 70
     1
  0
XRECORD
  5
588
102
{ACAD_REACTORS
330
587
102
}
330
587
100
AcDbXrecord
280
     1
102
RTVSPropertyOp0
 70
     1
102
RTVSPropertyOp1
 70
     1
102
RTVSPropertyOp2
 70
     1
102
RTVSPropertyOp3
 70
     1
102
RTVSPropertyOp4
 70
     1
102
RTVSPropertyOp5
 70
     1
102
RTVSPropertyOp6
 70
     1
102
RTVSPropertyOp7
 70
     1
102
RTVSPropertyOp8
 70
     1
102
RTVSPropertyOp9
 70
     1
102
RTVSPropertyOp10
 70
     1
102
RTVSPropertyOp11
 70
     1
102
RTVSPropertyOp12
 70
     1
102
RTVSPropertyOp13
 70
     1
102
RTVSPropertyOp14
 70
     1
102
RTVSPropertyOp15
 70
     1
102
RTVSPropertyOp16
 70
     1
102
RTVSPropertyOp17
 70
     1
102
RTVSPropertyOp18
 70
     1
102
RTVSPropertyOp19
 70
     1
102
RTVSPropertyOp20
 70
     1
102
RTVSPropertyOp21
 70
     1
102
RTVSPropertyOp22
 70
     1
102
RTVSPropertyOp23
 70
     1
102
RTVSPropertyOp24
 70
     1
102
RTVSPropertyOp25
 70
     1
102
RTVSPropertyOp26
 70
     1
102
RTVSPropertyOp27
 70
     1
102
RTVSPropertyOp28
 70
     1
102
RTVSPropertyOp29
 70
     1
102
RTVSPropertyOp30
 70
     1
102
RTVSPropertyOp31
 70
     1
102
RTVSPropertyOp32
 70
     1
102
RTVSPropertyOp33
 70
     1
102
RTVSPropertyOp34
 70
     1
102
RTVSPropertyOp35
 70
     1
102
RTVSPropertyOp36
 70
     1
102
RTVSPropertyOp37
 70
     1
102
RTVSPropertyOp38
 70
     1
102
RTVSPropertyOp39
 70
     1
102
RTVSPropertyOp40
 70
     1
102
RTVSPropertyOp41
 70
     1
102
RTVSPropertyOp42
 70
     1
102
RTVSPropertyOp43
 70
     1
102
RTVSPropertyOp44
 70
     1
102
RTVSPropertyOp45
 70
     1
102
RTVSPropertyOp46
 70
     1
102
RTVSPropertyOp47
 70
     1
102
RTVSPropertyOp48
 70
     1
102
RTVSPropertyOp49
 70
     1
102
RTVSPropertyOp50
 70
     1
102
RTVSPropertyOp51
 70
     0
102
RTVSPropertyOp52
 70
     0
102
RTVSPropertyOp53
 70
     1
102
RTVSPropertyOp54
 70
     1
102
RTVSPropertyOp55
 70
     1
102
RTVSPropertyOp56
 70
     1
102
RTVSPropertyOp57
 70
     1
102
RTVSPost2010Prop28
280
     0
102
RTVSPost2010PropOp28
 70
     1
102
RTVSPost2010Prop29
280
     1
102
RTVSPost2010PropOp29
 70
     1
102
RTVSPost2010Prop30
280
     1
102
RTVSPost2010PropOp30
 70
     1
102
RTVSPost2010Prop31
280
     0
102
RTVSPost2010PropOp31
 70
     1
102
RTVSPost2010Prop32
280
     0
102
RTVSPost2010PropOp32
 70
     1
102
RTVSPost2010Prop33
280
     0
102
RTVSPost2010PropOp33
 70
     1
102
RTVSPost2010Prop34
280
     0
102
RTVSPost2010PropOp34
 70
     1
102
RTVSPost2010Prop35
280
     0
102
RTVSPost2010PropOp35
 70
     1
102
RTVSPost2010Prop36
280
     0
102
RTVSPost2010PropOp36
 70
     1
102
RTVSPost2010Prop37
 90
       50
102
RTVSPost2010PropOp37
 70
     1
102
RTVSPost2010Prop38
140
0.0
102
RTVSPost2010PropOp38
 70
     1
102
RTVSPost2010Prop39
140
1.0
102
RTVSPost2010PropOp39
 70
     1
102
RTVSPost2010Prop40
 90
        0
102
RTVSPost2010PropOp40
 70
     1
102
RTVSPost2010Prop41ColorIndex
 90
       18
102
RTVSPost2010Prop41ColorRGB
 90
        0
102
RTVSPost2010PropOp41
 70
     1
102
RTVSPost2010Prop42
 90
       50
102
RTVSPost2010PropOp42
 70
     1
102
RTVSPost2010Prop43
 90
        3
102
RTVSPost2010PropOp43
 70
     1
102
RTVSPost2010Prop44ColorIndex
 90
        5
102
RTVSPost2010Prop44ColorRGB
 90
      255
102
RTVSPost2010PropOp44
 70
     1
102
RTVSPost2010Prop45
280
     0
102
RTVSPost2010PropOp45
 70
     1
102
RTVSPost2010Prop46
 90
       50
102
RTVSPost2010PropOp46
 70
     1
102
RTVSPost2010Prop47
 90
       50
102
RTVSPost2010PropOp47
 70
     1
102
RTVSPost2010Prop48
 90
       50
102
RTVSPost2010PropOp48
 70
     1
102
RTVSPost2010Prop49
280
     0
102
RTVSPost2010PropOp49
 70
     1
102
RTVSPost2010Prop50
 90
       50
102
RTVSPost2010PropOp50
 70
     1
102
RTVSPost2010Prop51ColorIndex
 90
      256
102
RTVSPost2010Prop51ColorRGB
 90
-16777216
102
RTVSPost2010PropOp51
 70
     0
102
RTVSPost2010Prop52
140
1.0
102
RTVSPost2010PropOp52
 70
     0
102
RTVSPost2010Prop53
 90
        2
102
RTVSPost2010PropOp53
 70
     1
102
RTVSPost2010Prop54
  1
strokes_ogs.tif
102
RTVSPost2010PropOp54
 70
     1
102
RTVSPost2010Prop55
280
     0
102
RTVSPost2010PropOp55
 70
     1
102
RTVSPost2010Prop56
140
1.0
102
RTVSPost2010PropOp56
 70
     1
102
RTVSPost2010Prop57
140
1.0
102
RTVSPost2010PropOp57
 70
     1
  0
XRECORD
  5
57A
102
{ACAD_REACTORS
330
579
102
}
330
579
100
AcDbXrecord
280
     1
102
RTVSPropertyOp0
 70
     1
102
RTVSPropertyOp1
 70
     1
102
RTVSPropertyOp2
 70
     1
102
RTVSPropertyOp3
 70
     1
102
RTVSPropertyOp4
 70
     1
102
RTVSPropertyOp5
 70
     1
102
RTVSPropertyOp6
 70
     1
102
RTVSPropertyOp7
 70
     1
102
RTVSPropertyOp8
 70
     1
102
RTVSPropertyOp9
 70
     1
102
RTVSPropertyOp10
 70
     1
102
RTVSPropertyOp11
 70
     1
102
RTVSPropertyOp12
 70
     1
102
RTVSPropertyOp13
 70
     1
102
RTVSPropertyOp14
 70
     1
102
RTVSPropertyOp15
 70
     1
102
RTVSPropertyOp16
 70
     1
102
RTVSPropertyOp17
 70
     1
102
RTVSPropertyOp18
 70
     1
102
RTVSPropertyOp19
 70
     1
102
RTVSPropertyOp20
 70
     1
102
RTVSPropertyOp21
 70
     1
102
RTVSPropertyOp22
 70
     1
102
RTVSPropertyOp23
 70
     1
102
RTVSPropertyOp24
 70
     1
102
RTVSPropertyOp25
 70
     1
102
RTVSPropertyOp26
 70
     1
102
RTVSPropertyOp27
 70
     1
102
RTVSPropertyOp28
 70
     1
102
RTVSPropertyOp29
 70
     1
102
RTVSPropertyOp30
 70
     1
102
RTVSPropertyOp31
 70
     1
102
RTVSPropertyOp32
 70
     1
102
RTVSPropertyOp33
 70
     1
102
RTVSPropertyOp34
 70
     1
102
RTVSPropertyOp35
 70
     1
102
RTVSPropertyOp36
 70
     1
102
RTVSPropertyOp37
 70
     1
102
RTVSPropertyOp38
 70
     1
102
RTVSPropertyOp39
 70
     1
102
RTVSPropertyOp40
 70
     1
102
RTVSPropertyOp41
 70
     1
102
RTVSPropertyOp42
 70
     1
102
RTVSPropertyOp43
 70
     1
102
RTVSPropertyOp44
 70
     1
102
RTVSPropertyOp45
 70
     1
102
RTVSPropertyOp46
 70
     1
102
RTVSPropertyOp47
 70
     1
102
RTVSPropertyOp48
 70
     1
102
RTVSPropertyOp49
 70
     1
102
RTVSPropertyOp50
 70
     1
102
RTVSPropertyOp51
 70
     0
102
RTVSPropertyOp52
 70
     0
102
RTVSPropertyOp53
 70
     1
102
RTVSPropertyOp54
 70
     1
102
RTVSPropertyOp55
 70
     1
102
RTVSPropertyOp56
 70
     1
102
RTVSPropertyOp57
 70
     1
102
RTVSPost2010Prop28
280
     0
102
RTVSPost2010PropOp28
 70
     1
102
RTVSPost2010Prop29
280
     1
102
RTVSPost2010PropOp29
 70
     1
102
RTVSPost2010Prop30
280
     1
102
RTVSPost2010PropOp30
 70
     1
102
RTVSPost2010Prop31
280
     0
102
RTVSPost2010PropOp31
 70
     1
102
RTVSPost2010Prop32
280
     0
102
RTVSPost2010PropOp32
 70
     1
102
RTVSPost2010Prop33
280
     0
102
RTVSPost2010PropOp33
 70
     1
102
RTVSPost2010Prop34
280
     0
102
RTVSPost2010PropOp34
 70
     1
102
RTVSPost2010Prop35
280
     0
102
RTVSPost2010PropOp35
 70
     1
102
RTVSPost2010Prop36
280
     0
102
RTVSPost2010PropOp36
 70
     1
102
RTVSPost2010Prop37
 90
       50
102
RTVSPost2010PropOp37
 70
     1
102
RTVSPost2010Prop38
140
0.0
102
RTVSPost2010PropOp38
 70
     1
102
RTVSPost2010Prop39
140
1.0
102
RTVSPost2010PropOp39
 70
     1
102
RTVSPost2010Prop40
 90
        0
102
RTVSPost2010PropOp40
 70
     1
102
RTVSPost2010Prop41ColorIndex
 90
       18
102
RTVSPost2010Prop41ColorRGB
 90
        0
102
RTVSPost2010PropOp41
 70
     1
102
RTVSPost2010Prop42
 90
       50
102
RTVSPost2010PropOp42
 70
     1
102
RTVSPost2010Prop43
 90
        3
102
RTVSPost2010PropOp43
 70
     1
102
RTVSPost2010Prop44ColorIndex
 90
        5
102
RTVSPost2010Prop44ColorRGB
 90
      255
102
RTVSPost2010PropOp44
 70
     1
102
RTVSPost2010Prop45
280
     0
102
RTVSPost2010PropOp45
 70
     1
102
RTVSPost2010Prop46
 90
       50
102
RTVSPost2010PropOp46
 70
     1
102
RTVSPost2010Prop47
 90
       50
102
RTVSPost2010PropOp47
 70
     1
102
RTVSPost2010Prop48
 90
       50
102
RTVSPost2010PropOp48
 70
     1
102
RTVSPost2010Prop49
280
     0
102
RTVSPost2010PropOp49
 70
     1
102
RTVSPost2010Prop50
 90
       50
102
RTVSPost2010PropOp50
 70
     1
102
RTVSPost2010Prop51ColorIndex
 90
      256
102
RTVSPost2010Prop51ColorRGB
 90
-16777216
102
RTVSPost2010PropOp51
 70
     0
102
RTVSPost2010Prop52
140
1.0
102
RTVSPost2010PropOp52
 70
     0
102
RTVSPost2010Prop53
 90
        2
102
RTVSPost2010PropOp53
 70
     1
102
RTVSPost2010Prop54
  1
strokes_ogs.tif
102
RTVSPost2010PropOp54
 70
     1
102
RTVSPost2010Prop55
280
     0
102
RTVSPost2010PropOp55
 70
     1
102
RTVSPost2010Prop56
140
1.0
102
RTVSPost2010PropOp56
 70
     1
102
RTVSPost2010Prop57
140
1.0
102
RTVSPost2010PropOp57
 70
     1
  0
XRECORD
  5
59A
102
{ACAD_REACTORS
330
599
102
}
330
599
100
AcDbXrecord
280
     1
102
RTVSPropertyOp0
 70
     1
102
RTVSPropertyOp1
 70
     1
102
RTVSPropertyOp2
 70
     1
102
RTVSPropertyOp3
 70
     1
102
RTVSPropertyOp4
 70
     1
102
RTVSPropertyOp5
 70
     1
102
RTVSPropertyOp6
 70
     1
102
RTVSPropertyOp7
 70
     1
102
RTVSPropertyOp8
 70
     1
102
RTVSPropertyOp9
 70
     1
102
RTVSPropertyOp10
 70
     1
102
RTVSPropertyOp11
 70
     1
102
RTVSPropertyOp12
 70
     1
102
RTVSPropertyOp13
 70
     1
102
RTVSPropertyOp14
 70
     1
102
RTVSPropertyOp15
 70
     1
102
RTVSPropertyOp16
 70
     1
102
RTVSPropertyOp17
 70
     1
102
RTVSPropertyOp18
 70
     1
102
RTVSPropertyOp19
 70
     1
102
RTVSPropertyOp20
 70
     1
102
RTVSPropertyOp21
 70
     1
102
RTVSPropertyOp22
 70
     1
102
RTVSPropertyOp23
 70
     1
102
RTVSPropertyOp24
 70
     1
102
RTVSPropertyOp25
 70
     1
102
RTVSPropertyOp26
 70
     1
102
RTVSPropertyOp27
 70
     1
102
RTVSPropertyOp28
 70
     1
102
RTVSPropertyOp29
 70
     1
102
RTVSPropertyOp30
 70
     1
102
RTVSPropertyOp31
 70
     1
102
RTVSPropertyOp32
 70
     1
102
RTVSPropertyOp33
 70
     1
102
RTVSPropertyOp34
 70
     1
102
RTVSPropertyOp35
 70
     1
102
RTVSPropertyOp36
 70
     1
102
RTVSPropertyOp37
 70
     1
102
RTVSPropertyOp38
 70
     1
102
RTVSPropertyOp39
 70
     1
102
RTVSPropertyOp40
 70
     1
102
RTVSPropertyOp41
 70
     1
102
RTVSPropertyOp42
 70
     1
102
RTVSPropertyOp43
 70
     1
102
RTVSPropertyOp44
 70
     1
102
RTVSPropertyOp45
 70
     1
102
RTVSPropertyOp46
 70
     1
102
RTVSPropertyOp47
 70
     1
102
RTVSPropertyOp48
 70
     1
102
RTVSPropertyOp49
 70
     1
102
RTVSPropertyOp50
 70
     1
102
RTVSPropertyOp51
 70
     0
102
RTVSPropertyOp52
 70
     0
102
RTVSPropertyOp53
 70
     1
102
RTVSPropertyOp54
 70
     1
102
RTVSPropertyOp55
 70
     1
102
RTVSPropertyOp56
 70
     1
102
RTVSPropertyOp57
 70
     1
102
RTVSPost2010Prop28
280
     0
102
RTVSPost2010PropOp28
 70
     1
102
RTVSPost2010Prop29
280
     1
102
RTVSPost2010PropOp29
 70
     1
102
RTVSPost2010Prop30
280
     1
102
RTVSPost2010PropOp30
 70
     1
102
RTVSPost2010Prop31
280
     0
102
RTVSPost2010PropOp31
 70
     1
102
RTVSPost2010Prop32
280
     0
102
RTVSPost2010PropOp32
 70
     1
102
RTVSPost2010Prop33
280
     0
102
RTVSPost2010PropOp33
 70
     1
102
RTVSPost2010Prop34
280
     0
102
RTVSPost2010PropOp34
 70
     1
102
RTVSPost2010Prop35
280
     0
102
RTVSPost2010PropOp35
 70
     1
102
RTVSPost2010Prop36
280
     0
102
RTVSPost2010PropOp36
 70
     1
102
RTVSPost2010Prop37
 90
       50
102
RTVSPost2010PropOp37
 70
     1
102
RTVSPost2010Prop38
140
0.0
102
RTVSPost2010PropOp38
 70
     1
102
RTVSPost2010Prop39
140
1.0
102
RTVSPost2010PropOp39
 70
     1
102
RTVSPost2010Prop40
 90
        0
102
RTVSPost2010PropOp40
 70
     1
102
RTVSPost2010Prop41ColorIndex
 90
       18
102
RTVSPost2010Prop41ColorRGB
 90
        0
102
RTVSPost2010PropOp41
 70
     1
102
RTVSPost2010Prop42
 90
       50
102
RTVSPost2010PropOp42
 70
     1
102
RTVSPost2010Prop43
 90
        3
102
RTVSPost2010PropOp43
 70
     1
102
RTVSPost2010Prop44ColorIndex
 90
        5
102
RTVSPost2010Prop44ColorRGB
 90
      255
102
RTVSPost2010PropOp44
 70
     1
102
RTVSPost2010Prop45
280
     0
102
RTVSPost2010PropOp45
 70
     1
102
RTVSPost2010Prop46
 90
       50
102
RTVSPost2010PropOp46
 70
     1
102
RTVSPost2010Prop47
 90
       50
102
RTVSPost2010PropOp47
 70
     1
102
RTVSPost2010Prop48
 90
       50
102
RTVSPost2010PropOp48
 70
     1
102
RTVSPost2010Prop49
280
     0
102
RTVSPost2010PropOp49
 70
     1
102
RTVSPost2010Prop50
 90
       50
102
RTVSPost2010PropOp50
 70
     1
102
RTVSPost2010Prop51ColorIndex
 90
      256
102
RTVSPost2010Prop51ColorRGB
 90
-16777216
102
RTVSPost2010PropOp51
 70
     0
102
RTVSPost2010Prop52
140
1.0
102
RTVSPost2010PropOp52
 70
     0
102
RTVSPost2010Prop53
 90
        2
102
RTVSPost2010PropOp53
 70
     1
102
RTVSPost2010Prop54
  1
strokes_ogs.tif
102
RTVSPost2010PropOp54
 70
     1
102
RTVSPost2010Prop55
280
     0
102
RTVSPost2010PropOp55
 70
     1
102
RTVSPost2010Prop56
140
1.0
102
RTVSPost2010PropOp56
 70
     1
102
RTVSPost2010Prop57
140
1.0
102
RTVSPost2010PropOp57
 70
     1
  0
ENDSEC
  0
EOF
